〇	líng	0
㐀	qiū	0
㐁	tiàn	0
㐄	kuà	0
㐅	wǔ	0
㐆	yǐn	0
㐌	yí	0
㐖	xié	0
㐜	chóu	0
㐡	nuò	0
㐤	dān	0
㐨	xù	0
㐩	xíng	0
㐫	xiōng	0
㐬	liú	0
㐭	lǐn	0
㐮	xiāng	0
㐯	yōng	0
㐰	xìn	0
㐱	zhěn	0
㐲	dài	0
㐳	wù	0
㐴	pān	0
㐵	rú	0
㐷	mǎ	0
㐸	qiàn	0
㐹	yì	0
㐺	yín	0
㐻	nèi	0
㐼	chèng	0
㐽	fēng	0
㑁	zhuō	0
㑂	fǎng	0
㑃	ǎo	0
㑄	wǔ	0
㑅	zuò	0
㑇	zhòu	0
㑈	dòng	0
㑉	sù	0
㑊	yì	0
㑋	qióng	0
㑌	kuāng	0
㑍	lèi	0
㑎	nǎo	0
㑏	zhù	0
㑐	shū	0
㑔	xǔ	0
㑗	shēn	0
㑘	jiè	0
㑙	dié	0
㑚	nuó	0
㑛	sù	0
㑜	yì	0
㑝	lòng	0
㑞	yìng	0
㑟	běng	0
㑣	lán	0
㑤	miáo	0
㑥	yì	0
㑦	lì	0
㑧	jì	0
㑨	yǔ	0
㑩	luó	0
㑪	chái	0
㑮	hún	0
㑯	xǔ	0
㑰	huì	0
㑱	rǎo	0
㑳	zhòu	0
㑵	hàn	0
㑶	xì	0
㑷	tài	0
㑸	yáo	0
㑹	huì	0
㑺	jùn	0
㑻	mà	0
㑼	lüè	0
㑽	táng	0
㑾	yáo	0
㑿	zhào	0
㒀	zhāi	0
㒁	yǔ	0
㒂	zhuó	0
㒃	èr	0
㒄	rǎn	0
㒅	qǐ	0
㒆	chì	0
㒇	wǔ	0
㒈	hàn	0
㒉	tǎng	0
㒊	sè	0
㒋	sī	0
㒌	qióng	0
㒍	léi	0
㒎	sà	0
㒑	kuǐ	0
㒒	pú	0
㒓	tà	0
㒔	shú	0
㒕	yāng	0
㒖	ǒu	0
㒗	tái	0
㒙	mián	0
㒚	yìn	0
㒛	diào	0
㒜	yǔ	0
㒝	miè	0
㒞	jùn	0
㒟	niǎo	0
㒠	xiè	0
㒡	yóu	0
㒤	chè	0
㒥	fēng	0
㒦	lěi	0
㒧	lì	0
㒩	luǒ	0
㒫	jì	0
㒰	quán	0
㒲	cái	0
㒳	liǎng	0
㒴	gǔ	0
㒵	mào	0
㒷	guǎ	0
㒸	suì	0
㒻	mào	0
㒼	mán	0
㒽	quān	0
㒾	shì	0
㒿	lí	0
㓁	wǎng	0
㓂	kòu	0
㓃	dù	0
㓄	zhèn	0
㓅	tīng	0
㓈	bìng	0
㓉	huò	0
㓊	dòng	0
㓋	gòng	0
㓌	chēng	0
㓎	qīn	0
㓏	jiǒng	0
㓐	lù	0
㓑	xìng	0
㓓	nán	0
㓔	xiè	0
㓖	bì	0
㓗	jié	0
㓘	sù	0
㓚	gōng	0
㓜	yòu	0
㓝	xíng	0
㓞	qià	0
㓟	pí	0
㓠	diàn	0
㓡	fǔ	0
㓢	luò	0
㓣	qià	0
㓤	qià	0
㓥	tāng	0
㓦	bāi	0
㓧	gān	0
㓨	cí	0
㓩	xuān	0
㓪	lǎng	0
㓭	shé	0
㓮	diāo	0
㓯	lí	0
㓰	huà	0
㓱	tóu	0
㓲	piān	0
㓳	dī	0
㓴	ruǎn	0
㓵	è	0
㓶	qiè	0
㓷	yì	0
㓸	zhuō	0
㓹	ruì	0
㓺	jiān	0
㓼	chì	0
㓽	chóng	0
㓾	xī	0
㔀	lüè	0
㔁	dēng	0
㔂	lín	0
㔃	jué	0
㔄	sù	0
㔅	xiào	0
㔆	zàn	0
㔉	zhǔ	0
㔊	zhǎn	0
㔋	jiān	0
㔌	zòu	0
㔍	chuā	0
㔎	xiè	0
㔏	lì	0
㔑	chì	0
㔒	xí	0
㔓	jiǎn	0
㔕	jí	0
㔗	fèi	0
㔘	chù	0
㔙	bēng	0
㔚	jié	0
㔜	bá	0
㔝	liǎng	0
㔞	kuài	0
㔠	xiā	0
㔡	biē	0
㔢	jué	0
㔣	léi	0
㔤	xìn	0
㔥	bài	0
㔦	yǎng	0
㔧	lǜ	0
㔨	bèi	0
㔩	è	0
㔪	lǔ	0
㔭	chè	0
㔮	nuó	0
㔯	xuán	0
㔰	héng	0
㔱	yǔ	0
㔳	guǐ	0
㔴	yì	0
㔵	xuǎn	0
㔶	gòng	0
㔷	lòu	0
㔸	tī	0
㔹	lè	0
㔺	shì	0
㔼	sǔn	0
㔽	yào	0
㔾	xiān	0
㔿	zòu	0
㕁	què	0
㕂	yín	0
㕃	xī	0
㕄	zhǐ	0
㕅	jiá	0
㕆	hù	0
㕇	lā	0
㕈	yǐ	0
㕉	kè	0
㕊	fū	0
㕋	qín	0
㕌	ài	0
㕎	kè	0
㕏	chú	0
㕐	xiě	0
㕑	chú	0
㕒	wēi	0
㕕	huàn	0
㕖	sù	0
㕗	yòu	0
㕙	jùn	0
㕚	zhǎo	0
㕛	xù	0
㕜	shǐ	0
㕞	shuā	0
㕟	kuì	0
㕠	shuāng	0
㕡	hé	0
㕢	gài	0
㕣	yǎn	0
㕤	qiú	0
㕥	shēn	0
㕦	huà	0
㕧	xī	0
㕨	fàn	0
㕩	pàng	0
㕪	dǎn	0
㕫	fǎng	0
㕬	gōng	0
㕭	āo	0
㕮	fǔ	0
㕯	nè	0
㕰	xuè	0
㕱	yóu	0
㕲	huá	0
㕴	chén	0
㕵	guó	0
㕶	ň	0
㕷	huà	0
㕸	lì	0
㕹	fá	0
㕺	xiāo	0
㕻	pǒu	0
㕽	sì	0
㖀	lè	0
㖁	lìn	0
㖂	yì	0
㖃	hǒu	0
㖅	xù	0
㖆	qú	0
㖇	ér	0
㖊	xún	0
㖏	niè	0
㖐	wěi	0
㖑	xiè	0
㖒	tí	0
㖓	hóng	0
㖔	tǔn	0
㖕	niè	0
㖖	niè	0
㖗	yín	0
㖘	zhēn	0
㖞	wāi	0
㖟	shòu	0
㖠	nuò	0
㖡	yè	0
㖢	qí	0
㖣	tòu	0
㖤	hán	0
㖥	jùn	0
㖦	dǒng	0
㖧	hūn	0
㖨	lù	0
㖩	jū	0
㖪	huò	0
㖫	líng	0
㖭	tiǎn	0
㖮	lún	0
㖵	gé	0
㖶	yān	0
㖷	shí	0
㖸	xué	0
㖹	pēn	0
㖺	chǔn	0
㖻	niú	0
㖼	duǒ	0
㖽	zé	0
㖾	è	0
㖿	xié	0
㗀	yōu	0
㗁	è	0
㗂	shěng	0
㗃	wěn	0
㗄	kū	0
㗅	hú	0
㗆	gé	0
㗇	xiá	0
㗈	màn	0
㗉	lüè	0
㗊	jí	0
㗋	hóu	0
㗌	zhì	0
㗏	wāi	0
㗑	bai	0
㗒	ài	0
㗓	zhuī	0
㗔	qiān	0
㗕	gòu	0
㗖	dàn	0
㗗	bēi	0
㗘	bó	0
㗙	chū	0
㗚	lì	0
㗛	xiào	0
㗜	xiù	0
㗢	hóng	0
㗣	tì	0
㗤	cù	0
㗥	kuò	0
㗦	láo	0
㗧	zhì	0
㗨	xiē	0
㗩	xī	0
㗫	qiè	0
㗬	zhā	0
㗭	xī	0
㗰	cóng	0
㗱	jí	0
㗲	huò	0
㗳	tǎ	0
㗴	yán	0
㗵	xù	0
㗶	pō	0
㗷	sǎi	0
㗻	guō	0
㗼	yè	0
㗽	xiǎng	0
㗾	xuē	0
㗿	hé	0
㘀	zuò	0
㘁	yì	0
㘂	cí	0
㘄	lēng	0
㘅	xián	0
㘆	tǎi	0
㘇	róng	0
㘈	yì	0
㘉	zhì	0
㘊	xī	0
㘋	xián	0
㘌	jù	0
㘍	jí	0
㘎	hǎn	0
㘐	pào	0
㘑	lì	0
㘓	lán	0
㘔	sǎi	0
㘕	hǎn	0
㘖	yán	0
㘗	qū	0
㘙	yán	0
㘚	hǎn	0
㘛	kān	0
㘜	chǐ	0
㘝	niè	0
㘞	huò	0
㘠	bì	0
㘡	xiá	0
㘢	wěng	0
㘣	xuán	0
㘤	wān	0
㘥	yóu	0
㘦	qín	0
㘧	xù	0
㘨	niè	0
㘩	bì	0
㘪	hào	0
㘫	jǐng	0
㘬	ào	0
㘭	ào	0
㘰	zhēn	0
㘱	tān	0
㘲	jú	0
㘴	zuò	0
㘵	bù	0
㘶	jié	0
㘷	ài	0
㘸	zàng	0
㘹	cí	0
㘺	fá	0
㘿	niè	0
㙀	liù	0
㙁	méi	0
㙂	duì	0
㙃	bāng	0
㙄	bì	0
㙅	bǎo	0
㙇	chù	0
㙈	xià	0
㙉	tiǎn	0
㙊	cháng	0
㙍	duō	0
㙎	wēi	0
㙏	fù	0
㙐	duǒ	0
㙑	yǔ	0
㙒	yě	0
㙓	kuí	0
㙔	wěi	0
㙕	kuài	0
㙗	wēi	0
㙘	yāo	0
㙙	lǒng	0
㙚	xīng	0
㙛	bǔ	0
㙜	chí	0
㙝	xié	0
㙞	niè	0
㙟	lǎng	0
㙠	yī	0
㙡	zōng	0
㙢	mán	0
㙣	zhàng	0
㙤	xià	0
㙥	gùn	0
㙦	xié	0
㙨	jì	0
㙩	liáo	0
㙪	yì	0
㙫	jí	0
㙬	yín	0
㙮	dā	0
㙯	yì	0
㙰	xiè	0
㙱	hào	0
㙲	yǒng	0
㙳	kǎn	0
㙴	chàn	0
㙵	tái	0
㙶	táng	0
㙷	zhí	0
㙸	bào	0
㙹	méng	0
㙺	kuí	0
㙻	chán	0
㙼	lěi	0
㙾	xì	0
㚀	xī	0
㚁	qiào	0
㚂	nàng	0
㚃	yūn	0
㚅	lóng	0
㚆	fù	0
㚇	zōng	0
㚉	gǔ	0
㚊	kāi	0
㚋	diāo	0
㚌	huà	0
㚍	kuǐ	0
㚏	gǎo	0
㚐	tào	0
㚒	shǎn	0
㚓	lǎi	0
㚔	niè	0
㚕	fú	0
㚖	gǎo	0
㚗	qié	0
㚘	bàn	0
㚙	jiā	0
㚚	kōng	0
㚛	xì	0
㚜	yù	0
㚝	zhuī	0
㚞	shěn	0
㚟	chuò	0
㚠	xiāo	0
㚡	jǐ	0
㚢	nú	0
㚣	xiáo	0
㚤	yì	0
㚥	yú	0
㚦	yí	0
㚧	yǎn	0
㚨	shěn	0
㚩	rǎn	0
㚪	hào	0
㚫	sà	0
㚬	jūn	0
㚭	yóu	0
㚯	xín	0
㚰	pēi	0
㚱	qiū	0
㚲	chān	0
㚴	bù	0
㚵	dōng	0
㚶	sì	0
㚷	ěr	0
㚹	mǎo	0
㚺	yùn	0
㚻	jī	0
㚽	qiǎo	0
㚾	xiōng	0
㚿	páo	0
㛀	chú	0
㛁	pēng	0
㛂	nuǒ	0
㛃	jié	0
㛄	yī	0
㛅	èr	0
㛆	duò	0
㛊	duǒ	0
㛍	qiè	0
㛎	lǚ	0
㛏	qiú	0
㛐	sǒu	0
㛑	càn	0
㛒	dòu	0
㛓	xī	0
㛔	fēng	0
㛕	yì	0
㛖	suō	0
㛗	qiē	0
㛘	pò	0
㛙	xīn	0
㛚	tǒng	0
㛛	xìn	0
㛜	yóu	0
㛝	bèi	0
㛞	lòng	0
㛣	yún	0
㛤	lí	0
㛥	tà	0
㛦	lǎn	0
㛧	mǎn	0
㛨	qiǎng	0
㛩	zhóu	0
㛪	yàn	0
㛫	xī	0
㛬	lù	0
㛭	xī	0
㛮	sǎo	0
㛯	fàn	0
㛱	wěi	0
㛲	fà	0
㛳	yì	0
㛴	nǎo	0
㛵	chēng	0
㛶	tàn	0
㛷	jī	0
㛸	shù	0
㛹	pián	0
㛺	ān	0
㛻	kuā	0
㛼	chā	0
㛾	xián	0
㛿	zhì	0
㜂	fēng	0
㜃	liàn	0
㜄	xún	0
㜅	xù	0
㜆	mì	0
㜇	huì	0
㜈	mù	0
㜉	yōng	0
㜊	zhǎn	0
㜋	yì	0
㜌	nǒu	0
㜍	táng	0
㜎	xī	0
㜏	yún	0
㜐	shù	0
㜑	fú	0
㜒	yì	0
㜓	dá	0
㜕	lián	0
㜖	cáo	0
㜗	cān	0
㜘	jù	0
㜙	lù	0
㜚	sù	0
㜛	nèn	0
㜜	ào	0
㜝	ǎn	0
㜞	qiàn	0
㜠	cuī	0
㜡	cōng	0
㜣	rán	0
㜤	niǎn	0
㜥	mái	0
㜦	xín	0
㜧	yuè	0
㜨	nái	0
㜩	ào	0
㜪	shēn	0
㜫	mà	0
㜮	làn	0
㜯	xī	0
㜰	yuè	0
㜱	zhì	0
㜲	wěng	0
㜳	huái	0
㜴	mèng	0
㜵	niǎo	0
㜶	wǎn	0
㜷	mí	0
㜸	niè	0
㜹	qú	0
㜺	zàn	0
㜻	liàn	0
㜼	zhí	0
㜽	zǐ	0
㜾	hái	0
㜿	xù	0
㝀	hào	0
㝁	xuān	0
㝂	zhì	0
㝃	miǎn	0
㝄	chún	0
㝅	gòu	0
㝇	chún	0
㝈	luán	0
㝉	zhù	0
㝊	shǒu	0
㝋	liǎo	0
㝌	jiù	0
㝍	xiě	0
㝎	dìng	0
㝏	jiè	0
㝐	róng	0
㝑	máng	0
㝓	kè	0
㝔	yǎo	0
㝕	níng	0
㝖	yí	0
㝗	láng	0
㝘	yóng	0
㝙	yín	0
㝚	yán	0
㝛	sù	0
㝝	lín	0
㝞	yā	0
㝟	máo	0
㝠	míng	0
㝡	zuì	0
㝢	yǔ	0
㝣	yì	0
㝤	gòu	0
㝥	mǐ	0
㝦	jùn	0
㝧	wěn	0
㝩	kāng	0
㝪	diàn	0
㝫	lóng	0
㝭	xǐng	0
㝮	cuì	0
㝯	qiáo	0
㝰	mián	0
㝱	mèng	0
㝲	qǐn	0
㝴	wán	0
㝵	dé	0
㝶	ài	0
㝸	biàn	0
㝹	nóu	0
㝺	lián	0
㝻	jǐn	0
㝼	yū	0
㝽	chuí	0
㝾	zuǒ	0
㝿	bǒ	0
㞀	huī	0
㞁	yào	0
㞂	tuǐ	0
㞃	jì	0
㞄	ān	0
㞅	luò	0
㞆	jǐ	0
㞇	wěi	0
㞈	bō	0
㞉	zā	0
㞊	xù	0
㞋	niǎn	0
㞌	yùn	0
㞎	bǎ	0
㞏	zhé	0
㞐	jū	0
㞑	wěi	0
㞒	xiè	0
㞓	qì	0
㞔	yí	0
㞕	xiè	0
㞖	cí	0
㞗	qiú	0
㞘	dū	0
㞙	niào	0
㞚	qì	0
㞛	jǐ	0
㞜	tuī	0
㞞	sóng	0
㞟	diàn	0
㞠	láo	0
㞡	zhǎn	0
㞤	yín	0
㞥	cén	0
㞦	jǐ	0
㞧	huì	0
㞨	zǐ	0
㞩	lán	0
㞪	náo	0
㞫	jù	0
㞬	qìn	0
㞭	dài	0
㞯	jié	0
㞰	xǔ	0
㞱	cōng	0
㞲	yòng	0
㞳	dǒu	0
㞴	chí	0
㞶	mǐn	0
㞷	huáng	0
㞸	suì	0
㞹	kě	0
㞺	zú	0
㞻	hào	0
㞼	chéng	0
㞽	xuè	0
㞾	ní	0
㞿	chì	0
㟀	lián	0
㟁	àn	0
㟂	mǔ	0
㟃	sī	0
㟄	xiáng	0
㟅	yáng	0
㟆	huá	0
㟇	cuò	0
㟈	qiú	0
㟉	láo	0
㟊	fú	0
㟋	duì	0
㟌	máng	0
㟍	láng	0
㟎	tuǒ	0
㟏	hán	0
㟐	mǎng	0
㟑	bó	0
㟒	qūn	0
㟓	qí	0
㟔	hán	0
㟖	lòng	0
㟗	bīn	0
㟘	tiáo	0
㟙	zé	0
㟚	qí	0
㟛	zàn	0
㟜	mí	0
㟝	péi	0
㟞	zhàn	0
㟟	xiàng	0
㟠	gǎng	0
㟢	qí	0
㟤	lù	0
㟥	cēn	0
㟦	yùn	0
㟧	è	0
㟨	duān	0
㟩	mín	0
㟪	wēi	0
㟫	quán	0
㟬	sǒu	0
㟭	mín	0
㟮	tū	0
㟰	mǐng	0
㟱	yǎo	0
㟲	jué	0
㟳	lì	0
㟴	kuài	0
㟵	gǎng	0
㟶	yuán	0
㟷	da	0
㟹	láo	0
㟺	lóu	0
㟻	qiàn	0
㟼	áo	0
㟽	biǎo	0
㟾	yōng	0
㟿	mǎng	0
㠀	dǎo	0
㠂	áo	0
㠄	xí	0
㠅	fú	0
㠆	dān	0
㠇	jiù	0
㠈	rùn	0
㠉	tóng	0
㠊	qū	0
㠋	è	0
㠌	qī	0
㠍	jí	0
㠎	jí	0
㠏	huá	0
㠐	jiào	0
㠑	zuì	0
㠒	biǎo	0
㠓	méng	0
㠔	bài	0
㠕	wěi	0
㠖	yǐ	0
㠗	ào	0
㠘	yǔ	0
㠙	háo	0
㠚	duì	0
㠛	wò	0
㠜	nì	0
㠝	cuán	0
㠟	lí	0
㠠	lú	0
㠡	niǎo	0
㠢	huái	0
㠣	lì	0
㠥	lǜ	0
㠦	fēng	0
㠧	mǐ	0
㠨	yù	0
㠪	jù	0
㠭	zhǎn	0
㠮	pēng	0
㠯	yǐ	0
㠱	jì	0
㠲	bǐ	0
㠴	rèn	0
㠵	huāng	0
㠶	fán	0
㠷	gé	0
㠸	kù	0
㠹	jiè	0
㠺	shā	0
㠼	sī	0
㠽	tóng	0
㠾	yuān	0
㠿	zī	0
㡀	bì	0
㡁	kuǎ	0
㡂	lì	0
㡃	huāng	0
㡄	xún	0
㡅	nuǒ	0
㡇	zhé	0
㡈	wèn	0
㡉	xián	0
㡊	qià	0
㡋	yé	0
㡌	mào	0
㡎	shān	0
㡏	shù	0
㡑	qiāo	0
㡒	zhūn	0
㡓	kūn	0
㡔	wù	0
㡕	yīng	0
㡖	chuáng	0
㡗	tí	0
㡘	lián	0
㡙	bī	0
㡚	gōu	0
㡛	máng	0
㡜	xiè	0
㡝	fèng	0
㡞	lóu	0
㡟	zāo	0
㡠	zhèng	0
㡡	chú	0
㡢	màn	0
㡣	lóng	0
㡥	yìn	0
㡦	pīn	0
㡧	zhèng	0
㡨	jiān	0
㡩	luán	0
㡪	nié	0
㡫	yì	0
㡭	jì	0
㡮	jí	0
㡯	zhái	0
㡰	yǔ	0
㡱	jiǔ	0
㡲	huán	0
㡳	zhǐ	0
㡴	lā	0
㡵	líng	0
㡶	zhǐ	0
㡷	běn	0
㡸	zhà	0
㡹	jū	0
㡺	dàn	0
㡻	liào	0
㡼	yì	0
㡽	zhào	0
㡾	xiàn	0
㡿	chì	0
㢀	cì	0
㢁	chǐ	0
㢂	yǎn	0
㢃	láng	0
㢄	dòu	0
㢅	lòng	0
㢆	chán	0
㢈	tuí	0
㢉	chá	0
㢊	ǎi	0
㢋	chǐ	0
㢍	yǐng	0
㢎	zhé	0
㢏	tóu	0
㢑	tuí	0
㢒	chá	0
㢓	yǎo	0
㢔	zǒng	0
㢖	pān	0
㢗	qiào	0
㢘	lián	0
㢙	qín	0
㢚	lǔ	0
㢛	yàn	0
㢜	kāng	0
㢝	sū	0
㢞	yì	0
㢟	chān	0
㢠	jiǒng	0
㢡	jiǎng	0
㢣	jìng	0
㢥	dòng	0
㢧	juàn	0
㢨	hàn	0
㢩	dì	0
㢬	hóng	0
㢮	chí	0
㢯	diāo	0
㢰	bì	0
㢲	xùn	0
㢳	lú	0
㢵	xié	0
㢶	bì	0
㢸	bì	0
㢺	xián	0
㢻	ruì	0
㢼	biè	0
㢽	ěr	0
㢾	juàn	0
㣀	zhèn	0
㣁	bèi	0
㣂	è	0
㣃	yǔ	0
㣄	qú	0
㣅	zàn	0
㣆	mí	0
㣇	yì	0
㣈	sì	0
㣌	shàn	0
㣍	tái	0
㣎	mù	0
㣏	jìng	0
㣐	biàn	0
㣑	róng	0
㣒	cèng	0
㣓	càn	0
㣔	dīng	0
㣙	dí	0
㣚	tǒng	0
㣛	tà	0
㣜	xíng	0
㣝	sōng	0
㣞	duó	0
㣟	xì	0
㣠	tāo	0
㣢	tí	0
㣣	shàn	0
㣤	jiàn	0
㣥	zhì	0
㣦	wēi	0
㣧	yìn	0
㣪	huǎn	0
㣫	zhǒng	0
㣬	qì	0
㣭	zōng	0
㣯	xiè	0
㣰	xiè	0
㣱	zé	0
㣲	wéi	0
㣵	tà	0
㣶	zhān	0
㣷	nìng	0
㣺	xīn	0
㣻	yì	0
㣼	rěn	0
㣽	shù	0
㣾	chà	0
㣿	zhuó	0
㤁	miǎn	0
㤂	jí	0
㤃	fáng	0
㤄	pèi	0
㤅	ài	0
㤆	fàn	0
㤇	ǎo	0
㤈	qìn	0
㤉	qiā	0
㤊	xiào	0
㤋	fēn	0
㤌	gān	0
㤍	qiāo	0
㤎	gē	0
㤏	tóng	0
㤐	chān	0
㤑	yòu	0
㤒	gāo	0
㤓	bèn	0
㤔	fù	0
㤕	chù	0
㤖	zhù	0
㤘	zhòu	0
㤚	háng	0
㤛	nín	0
㤜	jué	0
㤝	chōng	0
㤞	chà	0
㤟	kǒng	0
㤠	liè	0
㤡	lì	0
㤢	yù	0
㤤	yú	0
㤥	hài	0
㤦	lì	0
㤧	hóu	0
㤨	gǒng	0
㤩	kè	0
㤪	yuàn	0
㤫	dé	0
㤬	huì	0
㤭	jiāo	0
㤮	guàng	0
㤯	jiǒng	0
㤰	zuò	0
㤱	fù	0
㤲	qiè	0
㤳	běi	0
㤴	chè	0
㤵	cí	0
㤶	máng	0
㤷	hān	0
㤸	xì	0
㤹	qiú	0
㤺	huǎng	0
㤽	chóu	0
㤾	sàn	0
㤿	yān	0
㥀	zhí	0
㥁	dé	0
㥂	tè	0
㥃	mèn	0
㥄	líng	0
㥅	shòu	0
㥆	tuì	0
㥇	cán	0
㥈	dié	0
㥉	chè	0
㥊	péng	0
㥋	yī	0
㥌	jú	0
㥍	jì	0
㥎	lái	0
㥏	tiǎn	0
㥐	yuàn	0
㥒	cǎi	0
㥓	qī	0
㥔	yù	0
㥕	lián	0
㥖	cōng	0
㥚	yú	0
㥛	jí	0
㥜	wèi	0
㥝	mǐ	0
㥞	suì	0
㥟	xié	0
㥠	xū	0
㥡	chì	0
㥢	qiú	0
㥣	huì	0
㥥	yú	0
㥦	qiè	0
㥧	shùn	0
㥨	shuì	0
㥩	duǒ	0
㥪	lóu	0
㥬	páng	0
㥭	tài	0
㥮	zhòu	0
㥯	yǐn	0
㥰	sāo	0
㥱	fěi	0
㥲	chēn	0
㥳	yuán	0
㥴	yí	0
㥵	hùn	0
㥶	sè	0
㥷	yè	0
㥸	mǐn	0
㥹	fěn	0
㥺	hé	0
㥼	yìn	0
㥽	cè	0
㥾	nì	0
㥿	ào	0
㦀	féng	0
㦁	lián	0
㦂	cháng	0
㦃	chǎn	0
㦄	má	0
㦅	diē	0
㦆	hū	0
㦇	lù	0
㦈	ài	0
㦉	yì	0
㦊	huá	0
㦋	zhā	0
㦌	hū	0
㦍	è	0
㦎	huò	0
㦏	sǔn	0
㦐	nì	0
㦑	xiàn	0
㦒	lí	0
㦓	xiàn	0
㦔	yàn	0
㦕	lóng	0
㦖	mèn	0
㦗	jīn	0
㦘	jī	0
㦚	biǎn	0
㦛	yǔ	0
㦜	huò	0
㦝	miǎo	0
㦞	chóu	0
㦟	mái	0
㦡	lè	0
㦢	jié	0
㦣	wèi	0
㦤	yì	0
㦥	xuān	0
㦦	xì	0
㦧	cǎn	0
㦨	lán	0
㦩	yǐn	0
㦪	xiè	0
㦫	zā	0
㦬	luǒ	0
㦭	líng	0
㦮	qián	0
㦯	huò	0
㦰	jiān	0
㦱	wǒ	0
㦴	gé	0
㦵	zhū	0
㦶	dié	0
㦷	yǒng	0
㦸	jǐ	0
㦹	yáng	0
㦺	rù	0
㦻	xí	0
㦼	shuàng	0
㦽	yù	0
㦾	yí	0
㦿	qiǎn	0
㧀	jí	0
㧁	qù	0
㧂	tián	0
㧃	shōu	0
㧄	qiǎn	0
㧅	mù	0
㧆	jīn	0
㧇	mǎo	0
㧈	yǐn	0
㧉	gài	0
㧊	pō	0
㧋	xuǎn	0
㧌	mào	0
㧍	fǎng	0
㧎	yá	0
㧏	gāng	0
㧐	sǒng	0
㧑	huī	0
㧒	yù	0
㧓	guā	0
㧔	guài	0
㧕	liǔ	0
㧖	è	0
㧗	zǐ	0
㧘	zì	0
㧙	bì	0
㧚	wǎ	0
㧛	lǎn	0
㧜	liè	0
㧟	kuǎi	0
㧡	hài	0
㧢	yīn	0
㧣	zhū	0
㧤	chòng	0
㧥	xiǎn	0
㧦	xuàn	0
㧨	qiú	0
㧩	pèi	0
㧪	guǐ	0
㧫	ér	0
㧬	gǒng	0
㧭	qióng	0
㧮	hū	0
㧯	lǎo	0
㧰	lì	0
㧱	chèn	0
㧲	sǎn	0
㧳	zhuò	0
㧴	wǒ	0
㧵	póu	0
㧶	kēng	0
㧷	tùn	0
㧸	pēng	0
㧹	tè	0
㧺	tà	0
㧻	zhuó	0
㧼	biào	0
㧽	gù	0
㧾	hū	0
㨀	bǐng	0
㨁	zhì	0
㨂	dǒng	0
㨃	duǐ	0
㨄	zhōu	0
㨅	nèi	0
㨆	lǐn	0
㨇	pó	0
㨈	jǐ	0
㨉	mín	0
㨊	wěi	0
㨋	chě	0
㨌	gòu	0
㨍	bāng	0
㨎	rú	0
㨏	tān	0
㨐	bǔ	0
㨑	zōng	0
㨒	kuī	0
㨓	láo	0
㨔	hàn	0
㨕	yíng	0
㨖	zhì	0
㨗	jié	0
㨘	xǐng	0
㨙	xié	0
㨚	xún	0
㨛	shǎn	0
㨜	qián	0
㨝	xiē	0
㨞	sù	0
㨟	hāi	0
㨠	mì	0
㨡	hún	0
㨢	pī	0
㨤	huì	0
㨥	nà	0
㨦	sǒng	0
㨧	bèn	0
㨨	chōu	0
㨩	jié	0
㨪	huàng	0
㨫	lǎn	0
㨭	hù	0
㨮	dōu	0
㨯	huò	0
㨰	gǔn	0
㨱	yáo	0
㨲	cè	0
㨳	guǐ	0
㨴	jiàn	0
㨵	jiǎn	0
㨶	dǎo	0
㨷	jìn	0
㨸	mà	0
㨹	huì	0
㨺	miǎn	0
㨻	cán	0
㨼	lüè	0
㨽	pì	0
㨾	yàng	0
㨿	jù	0
㩀	jù	0
㩁	què	0
㩃	qiān	0
㩄	shāi	0
㩆	jiù	0
㩇	huò	0
㩈	yǔn	0
㩉	dá	0
㩊	xuān	0
㩋	xiāo	0
㩌	fèi	0
㩍	cè	0
㩎	yè	0
㩐	dèn	0
㩒	qín	0
㩓	huǐ	0
㩔	tún	0
㩖	qiáng	0
㩗	xí	0
㩘	nǐ	0
㩙	sāi	0
㩚	méng	0
㩛	tuán	0
㩜	lǎn	0
㩝	háo	0
㩞	cì	0
㩟	zhài	0
㩠	āo	0
㩡	luǒ	0
㩢	miè	0
㩤	fū	0
㩦	xié	0
㩧	bó	0
㩨	huì	0
㩩	qǐng	0
㩪	xié	0
㩭	bó	0
㩮	qián	0
㩯	pó	0
㩰	jiǎo	0
㩱	jué	0
㩲	kǔn	0
㩳	sǒng	0
㩴	jú	0
㩵	è	0
㩶	niè	0
㩷	qiān	0
㩸	dié	0
㩹	dié	0
㩻	qī	0
㩼	zhī	0
㩽	qí	0
㩾	zhuì	0
㩿	kū	0
㪀	yú	0
㪁	qín	0
㪂	kū	0
㪃	hé	0
㪄	fú	0
㪅	gèng	0
㪆	dǐ	0
㪇	xiàn	0
㪈	guì	0
㪉	hé	0
㪊	qún	0
㪋	hàn	0
㪌	tǒng	0
㪍	bó	0
㪎	shǎn	0
㪏	bǐ	0
㪐	lù	0
㪑	yè	0
㪒	ní	0
㪓	chuái	0
㪔	sàn	0
㪕	diào	0
㪖	lù	0
㪗	tǒu	0
㪘	liǎn	0
㪙	kě	0
㪚	sàn	0
㪛	zhěn	0
㪜	chuǎi	0
㪝	liàn	0
㪞	mào	0
㪠	qiān	0
㪡	kài	0
㪢	shǎo	0
㪣	xiāo	0
㪤	bì	0
㪥	zhā	0
㪦	yìn	0
㪧	xī	0
㪨	shàn	0
㪩	sù	0
㪪	sà	0
㪫	ruì	0
㪬	chuō	0
㪭	lú	0
㪮	líng	0
㪯	chá	0
㪱	huàn	0
㪴	jiá	0
㪵	bàn	0
㪶	hú	0
㪷	dǒu	0
㪹	lǒu	0
㪺	jū	0
㪻	juàn	0
㪼	kě	0
㪽	suǒ	0
㪾	luò	0
㪿	zhé	0
㫀	dǐng	0
㫁	duàn	0
㫂	zhù	0
㫃	yǎn	0
㫄	páng	0
㫅	chá	0
㫊	yǐ	0
㫍	yóu	0
㫎	huī	0
㫏	yǎo	0
㫐	yǎo	0
㫑	zhǐ	0
㫒	gǒng	0
㫓	qǐ	0
㫔	gèn	0
㫗	hòu	0
㫘	mì	0
㫙	fú	0
㫚	hū	0
㫛	guàng	0
㫜	tǎn	0
㫝	dī	0
㫟	yán	0
㫢	qù	0
㫤	chǎng	0
㫥	mǐng	0
㫦	tāo	0
㫧	bào	0
㫨	ān	0
㫫	xiǎn	0
㫯	mào	0
㫰	làng	0
㫱	nǎn	0
㫲	bèi	0
㫳	chén	0
㫵	fēi	0
㫶	zhǒu	0
㫷	jī	0
㫸	jiē	0
㫹	shù	0
㫻	kùn	0
㫼	dié	0
㫽	lù	0
㬂	yú	0
㬃	tái	0
㬄	chàn	0
㬅	màn	0
㬆	mǐn	0
㬇	huàn	0
㬈	wēn	0
㬉	nuǎn	0
㬊	huàn	0
㬋	hóu	0
㬌	jìng	0
㬍	bó	0
㬎	xiǎn	0
㬏	lì	0
㬐	jìn	0
㬒	mǎng	0
㬓	piào	0
㬔	háo	0
㬕	yáng	0
㬗	xiàn	0
㬘	sù	0
㬙	wěi	0
㬚	chè	0
㬛	xī	0
㬜	jìn	0
㬝	céng	0
㬞	hè	0
㬟	fēn	0
㬠	shài	0
㬡	líng	0
㬣	duì	0
㬤	qī	0
㬥	pù	0
㬦	yuè	0
㬧	bó	0
㬩	huì	0
㬪	dié	0
㬫	yàn	0
㬬	jù	0
㬭	jiào	0
㬮	nàn	0
㬯	liè	0
㬰	yú	0
㬱	tì	0
㬲	tiān	0
㬳	wǔ	0
㬴	hǒng	0
㬵	xiáo	0
㬶	hào	0
㬸	tiāo	0
㬹	zhēng	0
㬻	huāng	0
㬼	fù	0
㬿	tūn	0
㭁	réng	0
㭂	jiǎo	0
㭄	xìn	0
㭇	yuàn	0
㭈	jué	0
㭉	huá	0
㭋	bàng	0
㭌	móu	0
㭎	gāng	0
㭏	wěi	0
㭑	mèi	0
㭒	sì	0
㭓	biàn	0
㭔	lú	0
㭕	qū	0
㭘	gé	0
㭙	zhé	0
㭚	lǚ	0
㭛	pài	0
㭜	róng	0
㭝	qiú	0
㭞	liè	0
㭟	gǒng	0
㭠	xiǎn	0
㭡	xì	0
㭢	xīn	0
㭤	niǎo	0
㭨	xié	0
㭩	liè	0
㭪	fū	0
㭫	cuó	0
㭬	zhuó	0
㭭	bā	0
㭮	zuò	0
㭯	zhé	0
㭰	zuī	0
㭱	hé	0
㭲	jí	0
㭴	jiān	0
㭸	tú	0
㭹	xián	0
㭺	yǎn	0
㭻	táng	0
㭼	tà	0
㭽	dǐ	0
㭾	jué	0
㭿	áng	0
㮀	hán	0
㮁	xiáo	0
㮂	jú	0
㮃	wēi	0
㮄	bǎng	0
㮅	zhuī	0
㮆	niè	0
㮇	tiàn	0
㮈	nài	0
㮋	yǒu	0
㮌	mián	0
㮏	nài	0
㮐	shěng	0
㮑	chā	0
㮒	yān	0
㮓	gèn	0
㮔	chòng	0
㮕	ruǎn	0
㮖	jiá	0
㮗	qín	0
㮘	máo	0
㮙	è	0
㮚	lì	0
㮛	chí	0
㮜	zāng	0
㮝	hé	0
㮞	jié	0
㮟	niǎn	0
㮡	guàn	0
㮢	hóu	0
㮣	gài	0
㮥	bèn	0
㮦	suǒ	0
㮧	wū	0
㮨	jì	0
㮩	xī	0
㮪	qióng	0
㮫	hé	0
㮬	wēng	0
㮭	xián	0
㮮	jié	0
㮯	hún	0
㮰	pí	0
㮱	shēn	0
㮲	chōu	0
㮳	zhèn	0
㮵	zhān	0
㮶	shuò	0
㮷	jī	0
㮸	sòng	0
㮹	zhǐ	0
㮺	běn	0
㮾	lǎng	0
㮿	bì	0
㯀	xuàn	0
㯁	péi	0
㯂	dài	0
㯃	qī	0
㯄	zhī	0
㯅	pí	0
㯆	chǎn	0
㯇	bì	0
㯈	sù	0
㯉	huò	0
㯊	hén	0
㯋	jiǒng	0
㯌	chuán	0
㯍	jiǎng	0
㯎	nèn	0
㯏	gǔ	0
㯐	fǎng	0
㯓	tà	0
㯔	cuì	0
㯕	xī	0
㯖	dé	0
㯗	xián	0
㯘	kuǎn	0
㯙	zhé	0
㯚	tā	0
㯛	hú	0
㯜	cuì	0
㯝	lù	0
㯞	juàn	0
㯟	lù	0
㯠	qiàn	0
㯡	pào	0
㯢	zhèn	0
㯤	lì	0
㯥	cáo	0
㯦	qí	0
㯩	tì	0
㯪	líng	0
㯫	qú	0
㯬	liǎn	0
㯭	lǔ	0
㯮	shú	0
㯯	gòng	0
㯰	zhé	0
㯱	pāo	0
㯲	jìn	0
㯳	qíng	0
㯶	zōng	0
㯷	pú	0
㯸	jǐn	0
㯹	biǎo	0
㯺	jiàn	0
㯻	gǔn	0
㯽	bīn	0
㯾	zāo	0
㯿	liè	0
㰀	lí	0
㰁	luǒ	0
㰂	shěn	0
㰃	mián	0
㰄	jiàn	0
㰅	dí	0
㰆	bèi	0
㰈	liǎn	0
㰊	xián	0
㰋	pín	0
㰌	què	0
㰍	lóng	0
㰎	zuì	0
㰐	jué	0
㰑	shān	0
㰒	xué	0
㰔	xiè	0
㰖	lǎn	0
㰗	qí	0
㰘	yí	0
㰙	nuó	0
㰚	lí	0
㰛	yuè	0
㰝	yǐ	0
㰞	chī	0
㰟	jì	0
㰠	hāng	0
㰡	xiè	0
㰢	kēng	0
㰣	zī	0
㰤	hē	0
㰥	xì	0
㰦	qù	0
㰧	hāi	0
㰨	xiā	0
㰩	hāi	0
㰪	guī	0
㰫	chān	0
㰬	xún	0
㰭	xū	0
㰮	shèn	0
㰯	kòu	0
㰰	xiā	0
㰱	shà	0
㰲	yū	0
㰳	yà	0
㰴	pǒu	0
㰵	zú	0
㰶	yǒu	0
㰷	zì	0
㰸	liǎn	0
㰹	xiān	0
㰺	xià	0
㰻	yǐ	0
㰼	shà	0
㰽	yàn	0
㰾	jiào	0
㰿	xī	0
㱀	chǐ	0
㱁	shì	0
㱂	kāng	0
㱃	yǐn	0
㱄	hēi	0
㱅	yì	0
㱆	xī	0
㱇	sè	0
㱈	jìn	0
㱉	yè	0
㱊	yōu	0
㱋	què	0
㱌	yé	0
㱍	luán	0
㱎	kūn	0
㱏	zhèng	0
㱔	xiē	0
㱖	cuì	0
㱗	xiū	0
㱘	àn	0
㱙	xiǔ	0
㱚	cán	0
㱛	chuǎn	0
㱜	zhá	0
㱞	yì	0
㱟	pī	0
㱠	kū	0
㱡	shēng	0
㱢	láng	0
㱣	tuǐ	0
㱤	xī	0
㱥	líng	0
㱦	qī	0
㱧	wò	0
㱨	liàn	0
㱩	dú	0
㱪	mèn	0
㱫	làn	0
㱬	wěi	0
㱭	duàn	0
㱮	kuài	0
㱯	ái	0
㱰	zǎi	0
㱱	huì	0
㱲	yì	0
㱳	mò	0
㱴	zì	0
㱵	fèn	0
㱶	péng	0
㱸	bì	0
㱹	lì	0
㱺	lú	0
㱻	luò	0
㱼	hāi	0
㱽	zhěn	0
㱾	gāi	0
㱿	què	0
㲀	zhēn	0
㲁	kōng	0
㲂	chéng	0
㲃	jiù	0
㲄	jué	0
㲅	jì	0
㲆	líng	0
㲈	sháo	0
㲉	què	0
㲊	ruì	0
㲋	chuò	0
㲌	nèng	0
㲍	zhī	0
㲎	lóu	0
㲏	pāo	0
㲒	bào	0
㲓	róng	0
㲔	xiān	0
㲕	lèi	0
㲖	xiāo	0
㲗	fū	0
㲘	qú	0
㲚	shā	0
㲛	zhǐ	0
㲜	tán	0
㲝	rǒng	0
㲞	sū	0
㲟	yǐng	0
㲠	máo	0
㲡	nài	0
㲢	biàn	0
㲤	shuāi	0
㲥	táng	0
㲦	hàn	0
㲧	sào	0
㲨	róng	0
㲪	dēng	0
㲫	pú	0
㲬	jiāo	0
㲭	tǎn	0
㲯	rán	0
㲰	níng	0
㲱	liè	0
㲲	dié	0
㲳	dié	0
㲴	zhòng	0
㲶	lǜ	0
㲷	dàn	0
㲸	xī	0
㲹	guǐ	0
㲺	jí	0
㲻	nì	0
㲼	yì	0
㲽	niàn	0
㲾	yǔ	0
㲿	wǎng	0
㳀	guò	0
㳁	zè	0
㳂	yán	0
㳃	cuì	0
㳄	xián	0
㳅	jiǎo	0
㳆	tǒu	0
㳇	fù	0
㳈	pèi	0
㳊	yōu	0
㳋	qiū	0
㳌	yā	0
㳍	bù	0
㳎	biàn	0
㳏	shì	0
㳐	zhá	0
㳑	yì	0
㳒	biàn	0
㳔	duì	0
㳕	lán	0
㳖	yī	0
㳗	chài	0
㳘	chōng	0
㳙	xuàn	0
㳚	xù	0
㳛	yú	0
㳜	xiū	0
㳠	tà	0
㳡	guō	0
㳥	lòng	0
㳦	xiè	0
㳧	chè	0
㳨	jiǎn	0
㳩	tān	0
㳪	pì	0
㳫	zǎn	0
㳬	xuán	0
㳭	xián	0
㳮	niào	0
㳴	mì	0
㳵	jì	0
㳶	nǒu	0
㳷	hū	0
㳸	huā	0
㳹	wǎng	0
㳺	yóu	0
㳻	zé	0
㳼	bì	0
㳽	mǐ	0
㳾	qiāng	0
㳿	xiè	0
㴀	fàn	0
㴁	yì	0
㴂	tān	0
㴃	lèi	0
㴄	yǒng	0
㴆	jìn	0
㴇	shè	0
㴈	yìn	0
㴉	jǐ	0
㴋	sù	0
㴎	nài	0
㴏	wǎng	0
㴐	miàn	0
㴑	sù	0
㴒	yì	0
㴓	shāi	0
㴔	yì	0
㴕	jí	0
㴖	luò	0
㴗	yōu	0
㴘	mào	0
㴙	zhǎ	0
㴚	suì	0
㴛	zhì	0
㴜	biàn	0
㴝	lí	0
㴥	qiào	0
㴦	guàn	0
㴧	xī	0
㴨	zhèn	0
㴩	yōng	0
㴪	niè	0
㴫	jùn	0
㴬	xiè	0
㴭	yǎo	0
㴮	xiè	0
㴯	zhī	0
㴰	néng	0
㴲	sī	0
㴳	lǒng	0
㴴	chén	0
㴵	mì	0
㴶	què	0
㴷	dān	0
㴸	shǎn	0
㴼	sù	0
㴽	xiè	0
㴾	bó	0
㴿	dǐng	0
㵀	zú	0
㵂	shù	0
㵃	shé	0
㵄	hàn	0
㵅	tān	0
㵆	gǎo	0
㵊	nà	0
㵋	mì	0
㵌	xún	0
㵍	mèn	0
㵎	jiàn	0
㵏	cuǐ	0
㵐	jué	0
㵑	hè	0
㵒	fèi	0
㵓	shí	0
㵔	chě	0
㵕	shèn	0
㵖	nǜ	0
㵗	píng	0
㵘	màn	0
㵝	yì	0
㵞	chóu	0
㵠	kū	0
㵡	báo	0
㵢	léi	0
㵣	kě	0
㵤	shà	0
㵥	mì	0
㵦	suí	0
㵧	gé	0
㵨	pì	0
㵩	yì	0
㵪	xián	0
㵫	nì	0
㵬	yíng	0
㵭	zhǔ	0
㵮	chún	0
㵯	féng	0
㵰	xù	0
㵱	piǎo	0
㵲	wǔ	0
㵳	liáo	0
㵴	cáng	0
㵵	zòu	0
㵶	zuō	0
㵷	biàn	0
㵸	yào	0
㵹	huán	0
㵺	pài	0
㵻	xiū	0
㵽	lěi	0
㵾	qìng	0
㵿	xiào	0
㶀	jiāo	0
㶁	guó	0
㶄	yán	0
㶅	xué	0
㶆	zhū	0
㶇	héng	0
㶈	yíng	0
㶉	xī	0
㶌	lián	0
㶍	xiǎn	0
㶎	huán	0
㶏	yīn	0
㶑	liàn	0
㶒	shǎn	0
㶓	cáng	0
㶔	bèi	0
㶕	jiǎn	0
㶖	shù	0
㶗	fàn	0
㶘	diàn	0
㶚	bà	0
㶛	yú	0
㶞	nǎng	0
㶟	lěi	0
㶠	yì	0
㶡	dài	0
㶣	chán	0
㶤	chǎo	0
㶥	gān	0
㶦	jìn	0
㶧	nèn	0
㶫	liǎo	0
㶬	mò	0
㶭	yǒu	0
㶯	liù	0
㶰	hán	0
㶲	yòng	0
㶳	jìn	0
㶴	chǐ	0
㶵	rèn	0
㶶	nóng	0
㶹	hòng	0
㶺	tiàn	0
㶼	āi	0
㶽	guā	0
㶾	biāo	0
㶿	bó	0
㷀	qióng	0
㷂	shù	0
㷃	chuǐ	0
㷄	huǐ	0
㷅	chǎo	0
㷆	fù	0
㷇	huī	0
㷈	è	0
㷉	wèi	0
㷊	fén	0
㷋	tán	0
㷍	lún	0
㷎	hè	0
㷏	yǒng	0
㷐	huǐ	0
㷒	yú	0
㷓	zǒng	0
㷔	yàn	0
㷕	qiú	0
㷖	zhào	0
㷗	jiǒng	0
㷘	tái	0
㷟	tuì	0
㷠	lín	0
㷡	jiǒng	0
㷢	zhǎ	0
㷣	xīng	0
㷤	hù	0
㷦	xù	0
㷪	cuì	0
㷫	qǐng	0
㷬	mò	0
㷮	zāo	0
㷯	bèng	0
㷰	chī	0
㷳	yàn	0
㷴	gé	0
㷵	mò	0
㷶	bèi	0
㷷	juǎn	0
㷸	dié	0
㷹	zhào	0
㷻	wú	0
㷼	yàn	0
㷾	jué	0
㷿	xiān	0
㸀	tái	0
㸁	hǎn	0
㸃	diǎn	0
㸄	jì	0
㸅	jié	0
㸆	kào	0
㸇	zuǎn	0
㸉	xiè	0
㸊	lài	0
㸋	fán	0
㸌	huò	0
㸍	xì	0
㸎	niè	0
㸏	mí	0
㸐	rán	0
㸑	cuàn	0
㸒	yín	0
㸓	mì	0
㸕	jué	0
㸖	qū	0
㸗	tóng	0
㸘	wàn	0
㸙	zhē	0
㸚	lǐ	0
㸛	sháo	0
㸜	kòng	0
㸝	xiān	0
㸞	zhé	0
㸟	zhī	0
㸠	tiǎo	0
㸡	shū	0
㸢	bèi	0
㸣	yè	0
㸤	piàn	0
㸥	chàn	0
㸦	hù	0
㸧	kèn	0
㸨	jiū	0
㸩	ān	0
㸪	chún	0
㸫	qián	0
㸬	bèi	0
㸭	bā	0
㸮	fén	0
㸯	kē	0
㸰	tuó	0
㸱	tuó	0
㸲	zuó	0
㸳	líng	0
㸵	guǐ	0
㸶	yān	0
㸷	shì	0
㸸	hǒu	0
㸹	liè	0
㸺	shā	0
㸻	sì	0
㸽	bèi	0
㸾	rèn	0
㸿	dú	0
㹀	bó	0
㹁	liáng	0
㹂	qiǎn	0
㹃	fèi	0
㹄	jì	0
㹅	zǒng	0
㹆	huī	0
㹇	hé	0
㹈	lí	0
㹉	yuán	0
㹊	yuè	0
㹋	xiū	0
㹌	chǎn	0
㹍	dí	0
㹎	léi	0
㹏	jǐn	0
㹐	chóng	0
㹑	sì	0
㹒	pǔ	0
㹓	yǎo	0
㹔	jiāng	0
㹕	huān	0
㹖	huàn	0
㹗	tāo	0
㹘	rù	0
㹙	wěng	0
㹚	yíng	0
㹛	ráo	0
㹜	yín	0
㹝	shì	0
㹞	yín	0
㹟	jué	0
㹠	tún	0
㹡	xuán	0
㹢	jiā	0
㹣	zhōng	0
㹤	qiè	0
㹥	zhù	0
㹦	diāo	0
㹨	yòu	0
㹫	yí	0
㹬	shǐ	0
㹭	yì	0
㹮	mò	0
㹱	què	0
㹲	xiāo	0
㹳	wú	0
㹴	gēng	0
㹵	yǐng	0
㹶	tíng	0
㹷	shǐ	0
㹸	ní	0
㹹	gēng	0
㹺	tà	0
㹻	wō	0
㹼	jú	0
㹽	chǎn	0
㹾	piǎo	0
㹿	zhuó	0
㺀	hū	0
㺁	nǎo	0
㺂	yán	0
㺃	gǒu	0
㺄	yǔ	0
㺅	hóu	0
㺇	sī	0
㺈	chī	0
㺉	hù	0
㺊	yàng	0
㺋	wēng	0
㺌	xiàn	0
㺍	pín	0
㺎	róng	0
㺏	lóu	0
㺐	lǎo	0
㺑	shān	0
㺒	xiāo	0
㺓	zé	0
㺔	hài	0
㺕	fán	0
㺖	hǎn	0
㺗	chān	0
㺘	zhàn	0
㺚	tǎ	0
㺛	zhù	0
㺜	nóng	0
㺝	hàn	0
㺞	yú	0
㺟	zhuó	0
㺠	yòu	0
㺡	lì	0
㺢	huò	0
㺣	xī	0
㺤	xiān	0
㺥	chán	0
㺦	lián	0
㺨	sī	0
㺩	jiù	0
㺪	pú	0
㺫	qiú	0
㺬	gǒng	0
㺭	zǐ	0
㺮	yú	0
㺱	réng	0
㺲	niǔ	0
㺳	méi	0
㺴	bā	0
㺵	jiú	0
㺷	xù	0
㺸	píng	0
㺹	biàn	0
㺺	mào	0
㺿	yí	0
㻀	yú	0
㻂	píng	0
㻃	qū	0
㻄	bǎo	0
㻅	huì	0
㻉	bù	0
㻊	máng	0
㻋	là	0
㻌	tú	0
㻍	wú	0
㻎	lì	0
㻏	líng	0
㻑	jì	0
㻒	jùn	0
㻓	zōu	0
㻔	duǒ	0
㻕	jué	0
㻖	dài	0
㻗	bèi	0
㻝	là	0
㻞	bīn	0
㻟	suí	0
㻠	tú	0
㻡	xuē	0
㻧	duò	0
㻪	suì	0
㻫	bì	0
㻬	tū	0
㻭	sè	0
㻮	càn	0
㻯	tú	0
㻰	miǎn	0
㻱	jīn	0
㻲	lǚ	0
㻵	zhàn	0
㻶	bǐ	0
㻷	jí	0
㻸	zēn	0
㻹	xuān	0
㻺	lì	0
㻽	suì	0
㻾	yōng	0
㻿	shǔ	0
㼂	é	0
㼆	yíng	0
㼇	qióng	0
㼈	luó	0
㼉	zhèn	0
㼊	tún	0
㼋	gū	0
㼌	yǔ	0
㼍	lěi	0
㼎	bó	0
㼏	něi	0
㼐	pián	0
㼑	liàn	0
㼒	tǎng	0
㼓	lián	0
㼔	wēn	0
㼕	dāng	0
㼖	lì	0
㼗	tíng	0
㼘	wǎ	0
㼙	zhòu	0
㼚	gāng	0
㼛	xíng	0
㼜	àng	0
㼝	fàn	0
㼞	pèng	0
㼟	bó	0
㼠	tuó	0
㼡	shū	0
㼢	yí	0
㼣	bó	0
㼤	qiè	0
㼥	tǒu	0
㼦	gǒng	0
㼧	tóng	0
㼨	hán	0
㼩	chéng	0
㼪	jié	0
㼫	huàn	0
㼬	xìng	0
㼭	diàn	0
㼮	chāi	0
㼯	dòng	0
㼰	pí	0
㼱	ruǎn	0
㼲	liè	0
㼳	shěng	0
㼴	ǒu	0
㼵	dì	0
㼶	yú	0
㼷	chuán	0
㼸	róng	0
㼹	kāng	0
㼺	táng	0
㼻	cóng	0
㼼	piáo	0
㼽	chuǎng	0
㼾	lù	0
㼿	tóng	0
㽀	zhèng	0
㽁	lì	0
㽂	sà	0
㽃	pān	0
㽄	sī	0
㽆	dāng	0
㽇	hú	0
㽈	yì	0
㽉	xiàn	0
㽊	xiè	0
㽋	luó	0
㽌	liù	0
㽎	tán	0
㽏	gàn	0
㽑	tán	0
㽕	yóu	0
㽖	nán	0
㽘	gǎng	0
㽙	jùn	0
㽚	chì	0
㽛	gōu	0
㽜	wǎn	0
㽝	lì	0
㽞	liú	0
㽟	liè	0
㽠	xiá	0
㽡	bēi	0
㽢	ǎn	0
㽣	yù	0
㽤	jú	0
㽥	róu	0
㽦	xún	0
㽧	zī	0
㽨	cuó	0
㽩	càn	0
㽪	zěng	0
㽫	yōng	0
㽬	fù	0
㽭	ruǎn	0
㽯	xí	0
㽰	shù	0
㽱	jiǎo	0
㽲	jiǎo	0
㽳	xū	0
㽴	zhàng	0
㽷	shuì	0
㽸	chén	0
㽹	fǎn	0
㽺	jí	0
㽻	zhī	0
㽽	gù	0
㽾	wù	0
㾀	qiè	0
㾁	shù	0
㾂	hāi	0
㾃	tuó	0
㾄	dú	0
㾅	zǐ	0
㾆	rán	0
㾇	mù	0
㾈	fù	0
㾉	líng	0
㾊	jí	0
㾋	xiū	0
㾌	xuǎn	0
㾍	nái	0
㾎	yā	0
㾏	jiè	0
㾐	lì	0
㾑	dá	0
㾒	rú	0
㾓	yuān	0
㾔	lǚ	0
㾕	shěn	0
㾖	lǐ	0
㾗	liàng	0
㾘	gěng	0
㾙	xìn	0
㾚	xiē	0
㾛	qǐn	0
㾜	qiè	0
㾝	chè	0
㾞	yóu	0
㾟	bù	0
㾠	kuáng	0
㾡	què	0
㾢	ài	0
㾣	qīn	0
㾤	qiāng	0
㾥	chù	0
㾦	pèi	0
㾧	kuò	0
㾨	yī	0
㾩	guāi	0
㾪	shěng	0
㾫	piān	0
㾭	zhòu	0
㾮	huáng	0
㾯	huī	0
㾰	hú	0
㾱	bèi	0
㾴	zhā	0
㾵	jì	0
㾶	gǔ	0
㾷	xī	0
㾸	gǎo	0
㾹	chái	0
㾺	mà	0
㾻	zhù	0
㾼	tuǐ	0
㾽	zhuì	0
㾾	xiān	0
㾿	láng	0
㿃	zhì	0
㿄	ài	0
㿅	xiǎn	0
㿆	guō	0
㿇	xí	0
㿉	tuǐ	0
㿊	cǎn	0
㿋	sào	0
㿌	xiān	0
㿍	jiè	0
㿎	fèn	0
㿏	qún	0
㿑	yào	0
㿒	dǎo	0
㿓	jiá	0
㿔	lěi	0
㿕	yán	0
㿖	lú	0
㿗	tuí	0
㿘	yíng	0
㿙	pì	0
㿚	luò	0
㿛	lì	0
㿜	biě	0
㿞	mào	0
㿟	bái	0
㿠	huàng	0
㿢	yào	0
㿣	hē	0
㿤	chǔn	0
㿥	hé	0
㿦	nìng	0
㿧	chóu	0
㿨	lì	0
㿩	tǎng	0
㿪	huán	0
㿫	bì	0
㿬	bā	0
㿭	chè	0
㿮	yàng	0
㿯	dá	0
㿰	áo	0
㿱	xué	0
㿳	zī	0
㿴	dā	0
㿵	rǎn	0
㿶	bāng	0
㿷	cuó	0
㿸	wǎn	0
㿹	tà	0
㿺	báo	0
㿻	gān	0
㿼	yán	0
㿽	xī	0
㿾	zhù	0
㿿	yǎ	0
䀀	fàn	0
䀁	yòu	0
䀂	ān	0
䀃	tuí	0
䀄	méng	0
䀅	shè	0
䀆	jìn	0
䀇	gǔ	0
䀈	jì	0
䀉	qiáo	0
䀊	jiǎo	0
䀋	yán	0
䀌	xì	0
䀍	kàn	0
䀎	miǎn	0
䀏	xuàn	0
䀐	shān	0
䀑	wò	0
䀒	qiān	0
䀓	huàn	0
䀔	rèn	0
䀕	zhèn	0
䀖	tiān	0
䀗	jué	0
䀘	xié	0
䀙	qì	0
䀚	áng	0
䀛	mèi	0
䀜	gǔ	0
䀞	tāo	0
䀟	fán	0
䀠	jù	0
䀡	chàn	0
䀢	shùn	0
䀣	bì	0
䀤	mào	0
䀥	shuò	0
䀦	gǔ	0
䀧	hǒng	0
䀨	huà	0
䀩	luò	0
䀪	háng	0
䀫	jiá	0
䀬	quán	0
䀭	gāi	0
䀮	huāng	0
䀯	bǔ	0
䀰	gǔ	0
䀱	fēng	0
䀲	mù	0
䀳	ài	0
䀴	yǐng	0
䀵	shùn	0
䀶	liàng	0
䀷	jié	0
䀸	chì	0
䀹	jié	0
䀺	chōu	0
䀻	pìng	0
䀼	chēn	0
䀽	yán	0
䀾	dǔ	0
䀿	dì	0
䁁	liàng	0
䁂	xiàn	0
䁃	biāo	0
䁄	xìng	0
䁅	měng	0
䁆	yè	0
䁇	mì	0
䁈	qì	0
䁉	qì	0
䁊	wò	0
䁋	xiè	0
䁌	yù	0
䁍	qià	0
䁎	chéng	0
䁏	yǎo	0
䁐	yīng	0
䁑	yáng	0
䁒	jí	0
䁓	zōng	0
䁔	xuān	0
䁕	mín	0
䁖	lōu	0
䁗	kǎi	0
䁘	yǎo	0
䁙	yǎn	0
䁚	sǔn	0
䁛	guì	0
䁜	huàng	0
䁝	yíng	0
䁞	shěng	0
䁟	chá	0
䁠	lián	0
䁢	xuán	0
䁣	chuán	0
䁤	chè	0
䁥	nì	0
䁦	qù	0
䁧	miáo	0
䁨	huò	0
䁩	yú	0
䁪	zhǎn	0
䁫	hú	0
䁬	céng	0
䁭	biāo	0
䁮	qián	0
䁯	xī	0
䁰	jiǎng	0
䁱	kōu	0
䁲	mái	0
䁳	mǎng	0
䁴	zhǎn	0
䁵	biǎn	0
䁶	jī	0
䁷	jué	0
䁸	náng	0
䁹	bì	0
䁺	shì	0
䁻	shuò	0
䁼	mò	0
䁽	liè	0
䁾	miè	0
䁿	mò	0
䂀	xī	0
䂁	chán	0
䂂	qú	0
䂃	jiào	0
䂄	huò	0
䂅	xiān	0
䂆	xù	0
䂇	niǔ	0
䂈	tóng	0
䂉	hóu	0
䂊	yù	0
䂌	chōng	0
䂍	bó	0
䂎	zuǎn	0
䂏	diāo	0
䂐	zhuō	0
䂑	jī	0
䂒	qià	0
䂔	xìng	0
䂕	huì	0
䂖	shí	0
䂗	kū	0
䂙	duī	0
䂚	yáo	0
䂛	yú	0
䂜	bàng	0
䂝	jié	0
䂞	zhè	0
䂟	jiā	0
䂠	shǐ	0
䂡	dǐ	0
䂢	dǒng	0
䂣	cí	0
䂤	fù	0
䂥	mín	0
䂦	zhēn	0
䂧	zhěn	0
䂩	yàn	0
䂪	qiǎo	0
䂫	hāng	0
䂬	gǒng	0
䂭	qiāo	0
䂮	lüè	0
䂯	guài	0
䂰	là	0
䂱	ruì	0
䂲	fǎ	0
䂳	cuǒ	0
䂴	yán	0
䂵	gōng	0
䂶	jié	0
䂷	guāi	0
䂸	guó	0
䂹	suǒ	0
䂺	wǒ	0
䂻	zhèng	0
䂼	niè	0
䂽	diào	0
䂾	lǎi	0
䂿	tà	0
䃀	cuì	0
䃁	yā	0
䃂	gǔn	0
䃅	dī	0
䃇	mián	0
䃈	jiē	0
䃉	mín	0
䃊	jǔ	0
䃋	yú	0
䃌	zhēn	0
䃍	zhào	0
䃎	zhà	0
䃏	xīng	0
䃑	bān	0
䃒	hé	0
䃓	gòu	0
䃔	hóng	0
䃕	láo	0
䃖	wù	0
䃗	bō	0
䃘	kēng	0
䃙	lù	0
䃚	cù	0
䃛	lián	0
䃜	yī	0
䃝	qiào	0
䃞	shú	0
䃠	xuàn	0
䃡	jīn	0
䃢	qīn	0
䃣	huǐ	0
䃤	sù	0
䃥	chuáng	0
䃦	dūn	0
䃧	lóng	0
䃩	náo	0
䃪	tán	0
䃫	dǎn	0
䃬	wěi	0
䃭	gǎn	0
䃮	dá	0
䃯	lì	0
䃰	cā	0
䃱	xiàn	0
䃲	pán	0
䃳	là	0
䃴	zhū	0
䃵	niǎo	0
䃶	huái	0
䃷	yíng	0
䃸	xiàn	0
䃹	làn	0
䃺	mó	0
䃻	bà	0
䃽	guǐ	0
䃾	bǐ	0
䃿	fū	0
䄀	huò	0
䄁	yì	0
䄂	liù	0
䄃	yāng	0
䄄	yīn	0
䄅	juàn	0
䄆	huó	0
䄇	chéng	0
䄈	dòu	0
䄉	é	0
䄋	yǎn	0
䄌	zhuì	0
䄍	zhà	0
䄎	qǐ	0
䄏	yú	0
䄐	quàn	0
䄑	huó	0
䄒	niè	0
䄓	huáng	0
䄔	jǔ	0
䄕	shè	0
䄘	péng	0
䄙	míng	0
䄚	cáo	0
䄛	lóu	0
䄜	lí	0
䄝	chuāng	0
䄟	cuī	0
䄠	shàn	0
䄡	dān	0
䄢	qí	0
䄤	lài	0
䄥	líng	0
䄦	liǎo	0
䄧	réng	0
䄨	yú	0
䄩	yì	0
䄪	diǎo	0
䄫	qǐ	0
䄬	yí	0
䄭	nián	0
䄮	fū	0
䄯	jiǎn	0
䄰	yá	0
䄱	fāng	0
䄲	ruì	0
䄳	xiān	0
䄶	bì	0
䄷	shí	0
䄸	pò	0
䄹	nián	0
䄺	zhì	0
䄻	táo	0
䄼	tiǎn	0
䄽	tiǎn	0
䄾	rù	0
䄿	yì	0
䅀	liè	0
䅁	àn	0
䅂	hé	0
䅃	qióng	0
䅄	lì	0
䅅	guī	0
䅆	zì	0
䅇	sù	0
䅈	yuàn	0
䅉	yà	0
䅊	chá	0
䅋	wǎn	0
䅌	juān	0
䅍	tǐng	0
䅎	yǒu	0
䅏	huì	0
䅐	jiǎn	0
䅑	ruí	0
䅒	máng	0
䅓	jǔ	0
䅔	zī	0
䅕	jū	0
䅖	ān	0
䅗	suì	0
䅘	lái	0
䅙	hùn	0
䅚	quǎn	0
䅛	chāng	0
䅜	duò	0
䅝	kōng	0
䅞	nè	0
䅟	cǎn	0
䅠	tí	0
䅡	xǔ	0
䅢	jiù	0
䅣	huáng	0
䅤	qì	0
䅥	jié	0
䅦	máo	0
䅧	yān	0
䅩	zhǐ	0
䅪	tuí	0
䅬	ài	0
䅭	páng	0
䅮	càng	0
䅯	táng	0
䅰	ěn	0
䅱	hùn	0
䅲	qí	0
䅳	chú	0
䅴	suǒ	0
䅵	zhuó	0
䅶	nòu	0
䅷	tú	0
䅸	shēn	0
䅹	lǒu	0
䅺	biāo	0
䅻	lí	0
䅼	mán	0
䅽	xīn	0
䅾	cén	0
䅿	huá	0
䆀	měi	0
䆁	gāo	0
䆂	lián	0
䆃	dào	0
䆄	zhǎn	0
䆅	zī	0
䆈	zhì	0
䆉	bà	0
䆊	cuì	0
䆋	qiū	0
䆍	lóng	0
䆎	xiān	0
䆏	fèi	0
䆐	guó	0
䆑	chéng	0
䆒	jiù	0
䆓	è	0
䆔	chōng	0
䆕	yuè	0
䆖	hóng	0
䆗	yǎo	0
䆘	yā	0
䆙	yáo	0
䆚	tóng	0
䆛	zhà	0
䆜	yòu	0
䆝	xuè	0
䆞	yǎo	0
䆟	kè	0
䆠	huàn	0
䆡	láng	0
䆢	yuè	0
䆣	chén	0
䆦	shèn	0
䆨	níng	0
䆩	míng	0
䆪	hōng	0
䆫	chuāng	0
䆬	yǔn	0
䆭	xuān	0
䆮	jìn	0
䆯	zhuó	0
䆰	yū	0
䆱	tān	0
䆲	kāng	0
䆳	qióng	0
䆵	chéng	0
䆶	jiū	0
䆷	xuè	0
䆸	zhēng	0
䆹	chōng	0
䆺	pān	0
䆻	qiào	0
䆽	qú	0
䆾	lán	0
䆿	yì	0
䇀	róng	0
䇁	sī	0
䇂	qiān	0
䇃	sì	0
䇅	fá	0
䇇	méng	0
䇈	huà	0
䇋	hài	0
䇌	qiào	0
䇍	chù	0
䇎	què	0
䇏	duì	0
䇐	lì	0
䇑	bà	0
䇒	jiè	0
䇓	xū	0
䇔	luò	0
䇖	yǔn	0
䇗	zhōng	0
䇘	hù	0
䇙	yǐn	0
䇚	pū	0
䇛	zhǐ	0
䇜	qiǎn	0
䇞	gān	0
䇟	jiàn	0
䇠	zhù	0
䇡	zhù	0
䇢	kǔ	0
䇣	niè	0
䇤	ruì	0
䇥	zé	0
䇦	ǎng	0
䇧	zhì	0
䇨	gòng	0
䇩	yì	0
䇪	chī	0
䇫	jī	0
䇬	zhū	0
䇭	lǎo	0
䇮	rèn	0
䇯	róng	0
䇰	zhēng	0
䇱	nà	0
䇲	cè	0
䇵	yí	0
䇶	jué	0
䇷	bié	0
䇸	chéng	0
䇹	jùn	0
䇺	dòu	0
䇻	wěi	0
䇼	yì	0
䇽	zhé	0
䇾	yán	0
䈀	sān	0
䈁	lún	0
䈂	píng	0
䈃	zhǎo	0
䈄	hán	0
䈅	yù	0
䈆	dài	0
䈇	zhào	0
䈈	féi	0
䈉	shà	0
䈊	líng	0
䈋	tà	0
䈌	qū	0
䈍	máng	0
䈎	yè	0
䈏	báo	0
䈐	guì	0
䈑	guǎ	0
䈒	nǎn	0
䈓	gé	0
䈕	shí	0
䈖	kē	0
䈗	suǒ	0
䈘	cí	0
䈙	zhòu	0
䈚	tái	0
䈛	kuài	0
䈜	qìn	0
䈝	xū	0
䈞	dǔ	0
䈟	cè	0
䈠	huǎn	0
䈡	cōng	0
䈢	sǎi	0
䈣	zhèng	0
䈤	qián	0
䈥	jīn	0
䈦	zōng	0
䈧	wěi	0
䈪	xì	0
䈫	nà	0
䈬	pú	0
䈭	sōu	0
䈮	jù	0
䈯	zhēn	0
䈰	shāo	0
䈱	tāo	0
䈲	bān	0
䈳	tà	0
䈴	qiàn	0
䈵	wēng	0
䈶	róng	0
䈷	luò	0
䈸	hú	0
䈹	sǒu	0
䈺	zhōng	0
䈻	pú	0
䈼	miè	0
䈽	jīn	0
䈾	shāo	0
䈿	mì	0
䉀	shù	0
䉁	líng	0
䉂	lěi	0
䉃	jiǎng	0
䉄	léng	0
䉅	zhì	0
䉆	diǎo	0
䉈	sǎn	0
䉉	gū	0
䉊	fàn	0
䉋	mèi	0
䉌	suì	0
䉍	jiǎn	0
䉎	táng	0
䉏	xiè	0
䉐	kū	0
䉑	wú	0
䉒	fán	0
䉓	luò	0
䉔	cān	0
䉕	céng	0
䉖	líng	0
䉗	yī	0
䉘	cóng	0
䉙	yún	0
䉚	méng	0
䉛	yù	0
䉜	zhì	0
䉝	yǐ	0
䉞	dǎn	0
䉟	huò	0
䉠	wéi	0
䉡	tán	0
䉢	sè	0
䉣	xiè	0
䉤	sǒu	0
䉥	sǒng	0
䉦	qiān	0
䉧	liú	0
䉨	yì	0
䉪	lèi	0
䉫	lí	0
䉬	fèi	0
䉭	liè	0
䉮	lìn	0
䉯	xiàn	0
䉰	xiào	0
䉱	ōu	0
䉲	mí	0
䉳	xiān	0
䉴	ráng	0
䉵	zhuàn	0
䉶	shuāng	0
䉷	yán	0
䉸	biàn	0
䉹	líng	0
䉺	hóng	0
䉻	qí	0
䉼	liào	0
䉽	bǎn	0
䉾	bì	0
䉿	hú	0
䊀	hú	0
䊂	cè	0
䊃	pèi	0
䊄	qióng	0
䊅	míng	0
䊆	jiù	0
䊇	bù	0
䊈	méi	0
䊉	sǎn	0
䊊	wèi	0
䊍	lí	0
䊎	quǎn	0
䊐	hún	0
䊑	xiǎng	0
䊓	shì	0
䊔	yíng	0
䊖	nǎn	0
䊗	huáng	0
䊘	jiù	0
䊙	yān	0
䊛	sà	0
䊜	tuán	0
䊝	xiè	0
䊞	zhé	0
䊟	mén	0
䊠	xì	0
䊡	mán	0
䊣	huáng	0
䊤	tán	0
䊥	xiào	0
䊦	yè	0
䊧	bì	0
䊨	luó	0
䊩	fán	0
䊪	lì	0
䊫	cuǐ	0
䊬	chuā	0
䊭	dào	0
䊮	dí	0
䊯	kuàng	0
䊰	chú	0
䊱	xiān	0
䊲	chàn	0
䊳	mí	0
䊴	qiàn	0
䊵	qiú	0
䊶	zhèn	0
䊺	hù	0
䊻	gān	0
䊼	chǐ	0
䊽	guài	0
䊾	mù	0
䊿	bó	0
䋀	huà	0
䋁	gěng	0
䋂	yáo	0
䋃	mào	0
䋄	wǎng	0
䋈	rú	0
䋉	xué	0
䋊	zhēng	0
䋋	mín	0
䋌	jiǎng	0
䋎	zhàn	0
䋏	zuó	0
䋐	yuè	0
䋑	liè	0
䋓	zhòu	0
䋔	bì	0
䋕	rèn	0
䋖	yù	0
䋘	chuò	0
䋙	ěr	0
䋚	yì	0
䋛	mǐ	0
䋜	qìng	0
䋞	wǎng	0
䋟	jì	0
䋠	bǔ	0
䋢	biē	0
䋣	fán	0
䋤	yuè	0
䋥	lí	0
䋦	fán	0
䋧	qú	0
䋨	fǔ	0
䋩	ér	0
䋪	ē	0
䋫	zhēng	0
䋬	tiān	0
䋭	yù	0
䋮	jìn	0
䋯	qǐ	0
䋰	jú	0
䋱	lái	0
䋲	chě	0
䋳	běi	0
䋴	niù	0
䋵	yì	0
䋶	xǔ	0
䋷	móu	0
䋸	xún	0
䋹	fú	0
䋻	nín	0
䋼	tīng	0
䋽	běng	0
䋾	zhǎ	0
䋿	wēi	0
䌀	kē	0
䌁	yāo	0
䌂	òu	0
䌃	xiāo	0
䌄	gěng	0
䌅	táng	0
䌆	guì	0
䌇	huì	0
䌈	tā	0
䌊	yáo	0
䌋	dā	0
䌌	qì	0
䌍	jǐn	0
䌎	lüè	0
䌏	mì	0
䌐	mì	0
䌑	jiān	0
䌒	lù	0
䌓	fán	0
䌔	ōu	0
䌕	mí	0
䌖	jié	0
䌗	fǔ	0
䌘	biè	0
䌙	huàng	0
䌚	sū	0
䌛	yáo	0
䌜	niè	0
䌝	jīn	0
䌞	liǎn	0
䌟	bó	0
䌠	jiān	0
䌡	tǐ	0
䌢	líng	0
䌣	zuǎn	0
䌤	shī	0
䌥	yǐn	0
䌦	dào	0
䌧	chóu	0
䌨	cā	0
䌩	miè	0
䌪	yǎn	0
䌫	lǎn	0
䌬	chóng	0
䌭	jiāo	0
䌮	shuāng	0
䌯	quān	0
䌰	niè	0
䌱	luò	0
䌳	shī	0
䌴	luò	0
䌵	zhú	0
䌷	chōu	0
䌸	juàn	0
䌹	jiǒng	0
䌺	ěr	0
䌻	yì	0
䌼	ruì	0
䌽	cǎi	0
䌾	rén	0
䌿	fú	0
䍀	lán	0
䍁	suì	0
䍂	yú	0
䍃	yóu	0
䍄	diǎn	0
䍅	líng	0
䍆	zhù	0
䍇	tà	0
䍈	píng	0
䍉	zhǎi	0
䍊	jiāo	0
䍋	chuí	0
䍌	bù	0
䍍	kòu	0
䍎	cùn	0
䍐	hǎn	0
䍑	hǎn	0
䍒	mǒu	0
䍓	hù	0
䍔	gōng	0
䍕	dī	0
䍖	fú	0
䍗	xuàn	0
䍘	mí	0
䍙	méi	0
䍚	làng	0
䍛	gù	0
䍜	zhào	0
䍝	tà	0
䍞	yù	0
䍟	zòng	0
䍠	lí	0
䍡	lù	0
䍢	wú	0
䍣	léi	0
䍤	jǐ	0
䍥	lì	0
䍦	lí	0
䍨	pō	0
䍩	yǎng	0
䍪	wà	0
䍫	tuó	0
䍬	pēng	0
䍮	zhào	0
䍯	guǐ	0
䍱	xú	0
䍲	nái	0
䍳	què	0
䍴	wěi	0
䍵	zhēng	0
䍶	dōng	0
䍷	wěi	0
䍸	bó	0
䍺	huàn	0
䍻	xuàn	0
䍼	zān	0
䍽	lì	0
䍾	yǎn	0
䍿	huáng	0
䎀	xuè	0
䎁	hú	0
䎂	bǎo	0
䎃	rǎn	0
䎄	xiāo	0
䎅	pò	0
䎆	liào	0
䎇	zhōu	0
䎈	yì	0
䎉	xù	0
䎊	luò	0
䎋	kào	0
䎌	chù	0
䎎	nà	0
䎏	hán	0
䎐	chǎo	0
䎑	lù	0
䎒	zhǎn	0
䎓	tà	0
䎔	fū	0
䎕	hōng	0
䎖	zēng	0
䎗	qiáo	0
䎘	sù	0
䎙	pīn	0
䎚	guàn	0
䎜	hūn	0
䎝	chú	0
䎟	ér	0
䎠	ér	0
䎡	ruǎn	0
䎢	qǐ	0
䎣	sì	0
䎤	jú	0
䎦	yǎn	0
䎧	bàng	0
䎨	yè	0
䎩	zī	0
䎪	nè	0
䎫	chuàng	0
䎬	bà	0
䎭	cāo	0
䎮	tì	0
䎯	hàn	0
䎰	zuó	0
䎱	bà	0
䎲	zhé	0
䎳	wà	0
䎴	gēng	0
䎵	bì	0
䎶	èr	0
䎷	zhù	0
䎸	wù	0
䎹	wén	0
䎺	zhì	0
䎻	zhòu	0
䎼	lù	0
䎽	wén	0
䎾	gǔn	0
䎿	qiú	0
䏀	là	0
䏁	zǎi	0
䏂	sǒu	0
䏃	mián	0
䏄	dǐ	0
䏅	qì	0
䏆	cáo	0
䏇	piào	0
䏈	lián	0
䏉	shī	0
䏊	lóng	0
䏋	sù	0
䏌	qì	0
䏍	yuàn	0
䏎	féng	0
䏏	xū	0
䏐	jué	0
䏑	dì	0
䏒	piàn	0
䏓	guǎn	0
䏔	niǔ	0
䏕	rèn	0
䏖	zhèn	0
䏗	gài	0
䏘	pì	0
䏙	tǎn	0
䏚	chǎo	0
䏛	chǔn	0
䏜	hē	0
䏝	zhuān	0
䏞	mò	0
䏟	bié	0
䏠	qì	0
䏡	shì	0
䏢	bǐ	0
䏣	jué	0
䏤	sì	0
䏦	guā	0
䏧	nà	0
䏨	huǐ	0
䏩	xī	0
䏪	èr	0
䏫	xiū	0
䏬	móu	0
䏮	xí	0
䏯	zhì	0
䏰	rùn	0
䏱	jú	0
䏲	dié	0
䏳	zhè	0
䏴	shào	0
䏵	měng	0
䏶	bì	0
䏷	hàn	0
䏸	yú	0
䏹	xiàn	0
䏺	pāng	0
䏻	néng	0
䏼	cán	0
䏽	bù	0
䏿	qǐ	0
䐀	jì	0
䐁	zhuó	0
䐂	lù	0
䐃	jùn	0
䐄	xiàn	0
䐅	xī	0
䐆	cǎi	0
䐇	wěn	0
䐈	zhí	0
䐉	zì	0
䐊	kūn	0
䐋	cōng	0
䐌	tiǎn	0
䐍	chù	0
䐎	dī	0
䐏	chǔn	0
䐐	qiū	0
䐑	zhé	0
䐒	zhā	0
䐓	róu	0
䐔	bǐn	0
䐕	jí	0
䐖	xī	0
䐗	zhū	0
䐘	jué	0
䐙	gé	0
䐚	jī	0
䐛	dā	0
䐜	chēn	0
䐝	suò	0
䐞	ruò	0
䐟	xiǎng	0
䐠	huǎng	0
䐡	qí	0
䐢	zhù	0
䐣	sǔn	0
䐤	chāi	0
䐥	wěng	0
䐦	kē	0
䐧	kào	0
䐨	gǔ	0
䐩	gāi	0
䐪	fàn	0
䐫	cōng	0
䐬	cáo	0
䐭	zhì	0
䐮	chǎn	0
䐯	léi	0
䐰	xiū	0
䐱	zhài	0
䐲	zhé	0
䐳	yú	0
䐴	guì	0
䐵	gōng	0
䐶	zān	0
䐷	dān	0
䐸	huò	0
䐹	sōu	0
䐺	tàn	0
䐻	gū	0
䐼	xì	0
䐽	mán	0
䐾	duó	0
䐿	ào	0
䑀	pì	0
䑁	wù	0
䑂	ǎi	0
䑃	méng	0
䑄	pì	0
䑅	méng	0
䑆	yǎng	0
䑇	zhì	0
䑈	bó	0
䑉	yíng	0
䑊	wéi	0
䑋	rǎng	0
䑌	lán	0
䑍	yān	0
䑎	chǎn	0
䑏	quán	0
䑐	zhěn	0
䑑	pú	0
䑓	tái	0
䑔	fèi	0
䑕	shǔ	0
䑗	dàng	0
䑘	cuó	0
䑙	tān	0
䑚	tián	0
䑛	chǐ	0
䑜	tà	0
䑝	jiǎ	0
䑞	shùn	0
䑟	huáng	0
䑠	liǎo	0
䑣	chēn	0
䑤	jìn	0
䑥	è	0
䑦	gōu	0
䑧	fú	0
䑨	duò	0
䑪	è	0
䑫	bēng	0
䑬	tāo	0
䑭	dì	0
䑯	dì	0
䑰	bù	0
䑱	wǎn	0
䑲	zhào	0
䑳	lún	0
䑴	qí	0
䑵	mù	0
䑶	qiàn	0
䑸	zōng	0
䑹	sōu	0
䑻	yóu	0
䑼	zhōu	0
䑽	tà	0
䑿	sù	0
䒀	bù	0
䒁	xí	0
䒂	jiǎng	0
䒃	cào	0
䒄	fù	0
䒅	téng	0
䒆	chè	0
䒇	fù	0
䒈	fèi	0
䒉	wǔ	0
䒊	xī	0
䒋	yǎng	0
䒌	mìng	0
䒍	pǎng	0
䒎	mǎng	0
䒏	sēng	0
䒐	méng	0
䒑	cǎo	0
䒒	tiáo	0
䒓	kǎi	0
䒔	bài	0
䒕	xiǎo	0
䒖	xìn	0
䒗	qì	0
䒚	shǎo	0
䒛	huàn	0
䒜	niú	0
䒝	xiáo	0
䒞	chén	0
䒟	dān	0
䒠	fēng	0
䒡	yǐn	0
䒢	áng	0
䒣	rǎn	0
䒤	rì	0
䒥	mán	0
䒦	fàn	0
䒧	qū	0
䒨	shǐ	0
䒩	hé	0
䒪	biàn	0
䒫	dài	0
䒬	mò	0
䒭	děng	0
䒰	kuāng	0
䒲	chà	0
䒳	duǒ	0
䒴	yǒu	0
䒵	hào	0
䒷	guā	0
䒸	xuè	0
䒹	lèi	0
䒺	jǐn	0
䒻	qǐ	0
䒼	qū	0
䒽	wǎng	0
䒾	yī	0
䒿	liáo	0
䓂	yán	0
䓃	yì	0
䓄	yín	0
䓅	qí	0
䓆	zhé	0
䓇	xì	0
䓈	yì	0
䓉	yé	0
䓊	wú	0
䓋	zhī	0
䓌	zhì	0
䓍	hǎn	0
䓎	chuò	0
䓏	fū	0
䓐	chún	0
䓑	píng	0
䓒	kuǎi	0
䓓	chóu	0
䓕	tuǒ	0
䓖	qióng	0
䓗	cōng	0
䓘	gāo	0
䓙	kuā	0
䓚	qū	0
䓛	qū	0
䓜	zhī	0
䓝	mèng	0
䓞	lì	0
䓟	zhōu	0
䓠	tà	0
䓡	zhī	0
䓢	gù	0
䓣	liǎng	0
䓤	hū	0
䓥	là	0
䓦	diǎn	0
䓧	cì	0
䓨	yīng	0
䓫	qí	0
䓬	zhuó	0
䓭	chà	0
䓮	mào	0
䓯	dú	0
䓰	yīn	0
䓱	chái	0
䓲	ruì	0
䓳	hěn	0
䓴	ruǎn	0
䓵	fū	0
䓶	lài	0
䓷	xìng	0
䓸	jiān	0
䓹	yì	0
䓺	měi	0
䓼	máng	0
䓽	jì	0
䓾	suō	0
䓿	hàn	0
䔁	lì	0
䔂	zǐ	0
䔃	zǔ	0
䔄	yáo	0
䔅	gē	0
䔆	lí	0
䔇	qǐ	0
䔈	gòng	0
䔉	lì	0
䔊	bīng	0
䔋	suō	0
䔎	sù	0
䔏	chòu	0
䔐	jiān	0
䔑	xié	0
䔒	bèi	0
䔓	xǔ	0
䔔	jìng	0
䔕	pú	0
䔖	líng	0
䔗	xiáng	0
䔘	zuò	0
䔙	diào	0
䔚	chún	0
䔛	qǐng	0
䔜	nán	0
䔝	zhāi	0
䔞	lǜ	0
䔟	yí	0
䔠	shǎo	0
䔡	yú	0
䔢	huá	0
䔣	lí	0
䔤	pā	0
䔧	lí	0
䔪	shuǎng	0
䔬	yì	0
䔭	nìng	0
䔮	sī	0
䔯	kù	0
䔰	fù	0
䔱	yī	0
䔲	dēng	0
䔳	rán	0
䔴	cè	0
䔶	tí	0
䔷	qín	0
䔸	biǎo	0
䔹	suì	0
䔺	wéi	0
䔻	dūn	0
䔼	sè	0
䔽	ài	0
䔾	qì	0
䔿	zǔn	0
䕀	kuǎn	0
䕁	fěi	0
䕃	yìn	0
䕅	sǎo	0
䕆	dòu	0
䕇	huì	0
䕈	xiè	0
䕉	zé	0
䕊	tán	0
䕋	táng	0
䕌	zhì	0
䕍	yì	0
䕎	fú	0
䕏	é	0
䕑	jùn	0
䕒	jiā	0
䕓	chá	0
䕔	xián	0
䕕	màn	0
䕗	bì	0
䕘	líng	0
䕙	jié	0
䕚	kuì	0
䕛	jiá	0
䕝	chēng	0
䕞	làng	0
䕟	xīng	0
䕠	fèi	0
䕡	lǘ	0
䕢	zhǎ	0
䕣	hé	0
䕤	jī	0
䕥	nǐ	0
䕦	yíng	0
䕧	xiào	0
䕨	téng	0
䕩	lǎo	0
䕪	zé	0
䕫	kuí	0
䕭	qián	0
䕮	jú	0
䕯	piáo	0
䕰	fán	0
䕱	tóu	0
䕲	lǐn	0
䕳	mí	0
䕴	zhuó	0
䕵	xié	0
䕶	hù	0
䕷	mí	0
䕸	jiē	0
䕹	zá	0
䕺	cóng	0
䕻	lì	0
䕼	rán	0
䕽	zhú	0
䕾	yín	0
䕿	hàn	0
䖁	yì	0
䖂	luán	0
䖃	yuè	0
䖄	rán	0
䖅	líng	0
䖆	niàng	0
䖇	yù	0
䖈	nüè	0
䖊	yì	0
䖋	nüè	0
䖌	yì	0
䖍	qián	0
䖎	xiá	0
䖏	chǔ	0
䖐	yín	0
䖑	mì	0
䖒	xī	0
䖓	nà	0
䖔	kǎn	0
䖕	zǔ	0
䖖	xiá	0
䖗	yán	0
䖘	tú	0
䖙	tī	0
䖚	wū	0
䖛	suǒ	0
䖜	yín	0
䖝	chóng	0
䖞	zhǒu	0
䖟	mǎng	0
䖠	yuán	0
䖡	nǜ	0
䖢	miáo	0
䖣	zǎo	0
䖤	wǎn	0
䖥	lí	0
䖦	qū	0
䖧	nà	0
䖨	shí	0
䖩	bì	0
䖪	zī	0
䖫	bàng	0
䖭	juàn	0
䖮	xiǎng	0
䖯	kuí	0
䖰	pài	0
䖱	kuāng	0
䖲	xún	0
䖳	zhà	0
䖴	yáo	0
䖵	kūn	0
䖶	huī	0
䖷	xī	0
䖸	é	0
䖹	yáng	0
䖺	tiáo	0
䖻	yóu	0
䖼	jué	0
䖽	lí	0
䖿	lí	0
䗀	chēng	0
䗁	jì	0
䗂	hǔ	0
䗃	zhàn	0
䗄	fǔ	0
䗅	cháng	0
䗆	guǎn	0
䗇	jú	0
䗈	méng	0
䗉	chāng	0
䗊	tàn	0
䗋	móu	0
䗌	xīng	0
䗍	lǐ	0
䗎	yān	0
䗏	sōu	0
䗐	shī	0
䗑	yì	0
䗒	bìng	0
䗓	cōng	0
䗔	hóu	0
䗕	wǎn	0
䗖	dì	0
䗗	jī	0
䗘	gé	0
䗙	hán	0
䗚	bó	0
䗛	xiū	0
䗜	liú	0
䗝	cán	0
䗞	cán	0
䗟	yì	0
䗠	xuán	0
䗡	yán	0
䗢	zǎo	0
䗣	hàn	0
䗤	yóng	0
䗥	zōng	0
䗧	kāng	0
䗨	yú	0
䗩	qī	0
䗪	zhè	0
䗫	má	0
䗮	shuǎng	0
䗯	jìn	0
䗰	guàn	0
䗱	pú	0
䗲	lìn	0
䗴	tíng	0
䗵	jiāng	0
䗶	là	0
䗷	yì	0
䗸	yōng	0
䗹	cì	0
䗺	yǎn	0
䗻	jié	0
䗼	xūn	0
䗽	wèi	0
䗾	xiǎn	0
䗿	níng	0
䘀	fù	0
䘁	gé	0
䘃	mò	0
䘄	zhù	0
䘅	nái	0
䘆	xiǎn	0
䘇	wén	0
䘈	lì	0
䘉	cán	0
䘊	miè	0
䘋	jiān	0
䘌	nì	0
䘍	chài	0
䘎	wān	0
䘏	xù	0
䘐	nǜ	0
䘑	mài	0
䘒	zuī	0
䘓	kàn	0
䘔	kā	0
䘕	háng	0
䘘	yù	0
䘙	wèi	0
䘚	zhú	0
䘝	yì	0
䘟	diāo	0
䘠	fú	0
䘡	bǐ	0
䘢	zhǔ	0
䘣	zǐ	0
䘤	shù	0
䘥	xiá	0
䘦	ní	0
䘨	jiǎo	0
䘩	xún	0
䘪	chōng	0
䘫	nòu	0
䘬	róng	0
䘭	zhì	0
䘮	sāng	0
䘰	shān	0
䘱	yù	0
䘳	jīn	0
䘵	lù	0
䘶	hān	0
䘷	biē	0
䘸	yì	0
䘹	zuì	0
䘺	zhàn	0
䘻	yù	0
䘼	wǎn	0
䘽	ní	0
䘾	guǎn	0
䘿	jué	0
䙀	běng	0
䙁	cán	0
䙃	duò	0
䙄	qì	0
䙅	yāo	0
䙆	kuì	0
䙇	ruán	0
䙈	hóu	0
䙉	xún	0
䙊	xiè	0
䙌	kuì	0
䙎	xié	0
䙏	bó	0
䙐	kè	0
䙑	cuī	0
䙒	xù	0
䙓	bǎi	0
䙔	ōu	0
䙕	zǒng	0
䙗	tì	0
䙘	chǔ	0
䙙	chí	0
䙚	niǎo	0
䙛	guàn	0
䙜	féng	0
䙝	xiè	0
䙞	dēng	0
䙟	wéi	0
䙠	jué	0
䙡	kuì	0
䙢	zèng	0
䙣	sà	0
䙤	duǒ	0
䙥	líng	0
䙦	méng	0
䙨	guǒ	0
䙩	méng	0
䙪	lóng	0
䙬	yìng	0
䙮	guàn	0
䙯	cù	0
䙰	lí	0
䙱	dú	0
䙳	biāo	0
䙴	qiān	0
䙵	xī	0
䙷	dé	0
䙸	dé	0
䙹	xiàn	0
䙺	lián	0
䙼	shào	0
䙽	xié	0
䙾	shī	0
䙿	wèi	0
䚂	hè	0
䚃	yóu	0
䚄	lù	0
䚅	lài	0
䚆	yǐng	0
䚇	shěng	0
䚈	juàn	0
䚉	qì	0
䚊	jiǎn	0
䚋	yùn	0
䚍	qì	0
䚏	lìn	0
䚐	jí	0
䚑	mái	0
䚒	chuáng	0
䚓	niǎn	0
䚔	bīn	0
䚕	lì	0
䚖	líng	0
䚗	gāng	0
䚘	chéng	0
䚙	xuān	0
䚚	xiǎn	0
䚛	hú	0
䚜	bī	0
䚝	zú	0
䚞	dǎi	0
䚟	dǎi	0
䚠	hùn	0
䚡	sāi	0
䚢	chè	0
䚣	tí	0
䚥	nuò	0
䚦	zhì	0
䚧	liú	0
䚨	fèi	0
䚩	jiǎo	0
䚪	guān	0
䚫	xí	0
䚬	lín	0
䚭	xuān	0
䚮	réng	0
䚯	tǎo	0
䚰	pǐ	0
䚱	xìn	0
䚲	shàn	0
䚳	zhì	0
䚴	wà	0
䚵	tǒu	0
䚶	tiān	0
䚷	yī	0
䚸	xiè	0
䚹	pǐ	0
䚺	yáo	0
䚻	yáo	0
䚼	nǜ	0
䚽	hào	0
䚾	rén	0
䚿	yìn	0
䛀	fǎn	0
䛁	nán	0
䛂	yāo	0
䛃	wàn	0
䛄	yuǎn	0
䛅	xiá	0
䛆	zhòu	0
䛇	yuǎn	0
䛈	shì	0
䛉	miàn	0
䛊	xī	0
䛋	jì	0
䛌	táo	0
䛍	fèi	0
䛎	xuè	0
䛏	ní	0
䛐	cí	0
䛑	mì	0
䛒	biàn	0
䛓	jiān	0
䛔	ná	0
䛕	yù	0
䛖	è	0
䛗	zhǐ	0
䛘	rén	0
䛙	xù	0
䛚	lüè	0
䛛	huì	0
䛜	xùn	0
䛝	náo	0
䛞	hàn	0
䛟	jiá	0
䛠	dòu	0
䛡	huà	0
䛢	tū	0
䛣	pīng	0
䛤	cù	0
䛥	xī	0
䛦	sòng	0
䛧	mí	0
䛨	xìn	0
䛩	wù	0
䛪	qióng	0
䛫	zhāng	0
䛬	táo	0
䛭	xìng	0
䛮	jiù	0
䛯	jù	0
䛰	hùn	0
䛱	tí	0
䛲	mán	0
䛳	yàn	0
䛴	jī	0
䛵	shòu	0
䛶	lěi	0
䛷	wǎn	0
䛸	chè	0
䛹	càn	0
䛺	jiè	0
䛻	yòu	0
䛼	huǐ	0
䛽	zhǎ	0
䛾	sù	0
䛿	gé	0
䜀	nǎo	0
䜁	xì	0
䜃	duī	0
䜄	chí	0
䜅	wéi	0
䜆	zhé	0
䜇	gǔn	0
䜈	chāo	0
䜉	chī	0
䜊	zāo	0
䜋	huì	0
䜌	luán	0
䜍	liáo	0
䜎	láo	0
䜏	tuō	0
䜐	huī	0
䜑	wù	0
䜒	ào	0
䜓	shè	0
䜔	suí	0
䜕	mài	0
䜖	tàn	0
䜗	xìn	0
䜘	jǐng	0
䜙	án	0
䜚	tà	0
䜛	chán	0
䜜	wèi	0
䜝	tuǎn	0
䜞	jì	0
䜟	chén	0
䜠	chè	0
䜡	yù	0
䜢	xiǎn	0
䜣	xīn	0
䜧	nǎo	0
䜩	yàn	0
䜪	qiú	0
䜫	jiāng	0
䜬	sǒng	0
䜭	jùn	0
䜮	liáo	0
䜯	jú	0
䜱	mǎn	0
䜲	liè	0
䜴	chù	0
䜵	chǐ	0
䜶	xiáng	0
䜷	qīn	0
䜸	měi	0
䜹	shù	0
䜺	chǎi	0
䜻	chǐ	0
䜼	gú	0
䜽	yú	0
䜾	yīn	0
䝀	liú	0
䝁	láo	0
䝂	shù	0
䝃	zhé	0
䝄	shuāng	0
䝅	huī	0
䝈	è	0
䝊	shà	0
䝋	zòng	0
䝌	jué	0
䝍	jùn	0
䝎	tuān	0
䝏	lóu	0
䝐	wéi	0
䝑	chōng	0
䝒	zhù	0
䝓	liè	0
䝕	zhé	0
䝖	zhǎo	0
䝘	yì	0
䝙	chū	0
䝚	ní	0
䝛	bō	0
䝜	suān	0
䝝	yǐ	0
䝞	hào	0
䝟	yà	0
䝠	huán	0
䝡	màn	0
䝢	màn	0
䝣	qú	0
䝤	lǎo	0
䝥	háo	0
䝦	zhōng	0
䝧	mín	0
䝨	xián	0
䝩	zhèn	0
䝪	shǔ	0
䝫	zuó	0
䝬	zhù	0
䝭	gòu	0
䝮	xuàn	0
䝯	yì	0
䝰	zhì	0
䝱	xié	0
䝲	jìn	0
䝳	cán	0
䝵	bù	0
䝶	liáng	0
䝷	zhī	0
䝸	jì	0
䝹	wǎn	0
䝺	guàn	0
䝻	jū	0
䝼	jìng	0
䝽	ài	0
䝾	fù	0
䝿	guì	0
䞀	hòu	0
䞁	yàn	0
䞂	ruǎn	0
䞃	zhì	0
䞄	biào	0
䞅	yí	0
䞆	suǒ	0
䞇	dié	0
䞈	guì	0
䞉	shèng	0
䞊	xùn	0
䞋	chèn	0
䞌	shé	0
䞍	qíng	0
䞐	chǔn	0
䞑	hóng	0
䞒	dòng	0
䞓	chēng	0
䞔	wěi	0
䞕	rú	0
䞖	shǔ	0
䞗	cāi	0
䞘	jí	0
䞙	zá	0
䞚	qí	0
䞛	yān	0
䞜	fù	0
䞝	yù	0
䞞	fú	0
䞟	pò	0
䞠	zhī	0
䞡	tǎn	0
䞢	zuó	0
䞣	chě	0
䞤	qú	0
䞥	yòu	0
䞦	hé	0
䞧	hòu	0
䞨	guǐ	0
䞩	è	0
䞪	jiàng	0
䞫	yǔn	0
䞬	tòu	0
䞭	cūn	0
䞮	tū	0
䞯	fù	0
䞰	zuó	0
䞱	hú	0
䞳	bó	0
䞴	zhāo	0
䞵	juě	0
䞶	tāng	0
䞷	jué	0
䞸	fù	0
䞹	huáng	0
䞺	chūn	0
䞻	yǒng	0
䞼	chuǐ	0
䞽	suǒ	0
䞾	chí	0
䞿	qiān	0
䟀	cāi	0
䟁	xiāo	0
䟂	mán	0
䟃	cān	0
䟄	qì	0
䟅	jiàn	0
䟆	bì	0
䟇	jī	0
䟈	zhí	0
䟉	zhú	0
䟊	qú	0
䟋	zhǎn	0
䟌	jí	0
䟍	biān	0
䟏	lì	0
䟐	lì	0
䟑	yuè	0
䟒	quán	0
䟓	chēng	0
䟔	fù	0
䟕	chà	0
䟖	tàng	0
䟗	shì	0
䟘	hàng	0
䟙	qiè	0
䟚	qí	0
䟛	bó	0
䟜	nà	0
䟝	tòu	0
䟞	chú	0
䟟	cù	0
䟠	yuè	0
䟡	zhī	0
䟢	chén	0
䟣	chù	0
䟤	bì	0
䟥	méng	0
䟦	bá	0
䟧	tián	0
䟨	mín	0
䟩	liě	0
䟪	fěng	0
䟫	chēng	0
䟬	qiù	0
䟭	tiáo	0
䟮	fú	0
䟯	kuò	0
䟰	jiǎn	0
䟴	zhèn	0
䟵	qiú	0
䟶	zuò	0
䟷	chì	0
䟸	kuí	0
䟹	liè	0
䟺	bèi	0
䟻	dù	0
䟼	wǔ	0
䟾	zhuó	0
䟿	lù	0
䠀	tāng	0
䠂	chú	0
䠃	liǎng	0
䠄	tiǎn	0
䠅	kǔn	0
䠆	cháng	0
䠇	jué	0
䠈	tú	0
䠉	huàn	0
䠊	fèi	0
䠋	bì	0
䠍	xiā	0
䠎	wò	0
䠏	jì	0
䠐	qù	0
䠑	kuǐ	0
䠒	hú	0
䠓	qiū	0
䠔	suì	0
䠕	cāi	0
䠗	qiù	0
䠘	pì	0
䠙	páng	0
䠚	wà	0
䠛	yáo	0
䠜	róng	0
䠝	xūn	0
䠞	cù	0
䠟	dié	0
䠠	chì	0
䠡	cuó	0
䠢	mèng	0
䠣	xuǎn	0
䠤	duǒ	0
䠥	bié	0
䠦	zhè	0
䠧	chú	0
䠨	chàn	0
䠩	guì	0
䠪	duàn	0
䠫	zòu	0
䠬	dèng	0
䠭	lái	0
䠮	téng	0
䠯	yuè	0
䠰	quán	0
䠱	zhú	0
䠲	líng	0
䠳	chēn	0
䠴	zhěn	0
䠵	fù	0
䠶	shè	0
䠷	tiǎo	0
䠸	kuā	0
䠹	ái	0
䠻	qióng	0
䠼	shù	0
䠽	hái	0
䠾	shǎn	0
䠿	wài	0
䡀	zhǎn	0
䡁	lǒng	0
䡂	jiū	0
䡃	lì	0
䡅	chūn	0
䡆	róng	0
䡇	yuè	0
䡈	jué	0
䡉	kǎng	0
䡊	fǎn	0
䡋	qí	0
䡌	hóng	0
䡍	fú	0
䡎	lú	0
䡏	hóng	0
䡐	tuó	0
䡑	mín	0
䡒	tián	0
䡓	juàn	0
䡔	qǐ	0
䡕	zhěng	0
䡖	qìng	0
䡗	gǒng	0
䡘	tián	0
䡙	láng	0
䡚	mào	0
䡛	yìn	0
䡜	lù	0
䡝	yuān	0
䡞	jú	0
䡟	pì	0
䡡	xié	0
䡢	biàn	0
䡣	hūn	0
䡤	zhū	0
䡥	róng	0
䡦	sǎng	0
䡧	wū	0
䡨	chà	0
䡩	kēng	0
䡪	shàn	0
䡫	péng	0
䡬	màn	0
䡭	xiū	0
䡯	cōng	0
䡰	kēng	0
䡱	zhuǎn	0
䡲	chán	0
䡳	sī	0
䡴	chōng	0
䡵	suì	0
䡶	bèi	0
䡷	kài	0
䡹	zhì	0
䡺	wèi	0
䡻	mín	0
䡼	líng	0
䡽	zuān	0
䡾	niè	0
䡿	líng	0
䢀	qì	0
䢁	yuè	0
䢃	yì	0
䢄	xǐ	0
䢅	chén	0
䢇	rǒng	0
䢈	chén	0
䢉	nóng	0
䢊	yóu	0
䢋	jì	0
䢌	bó	0
䢍	fǎng	0
䢐	cú	0
䢑	dǐ	0
䢒	jiāo	0
䢓	yú	0
䢔	hé	0
䢕	xù	0
䢖	yù	0
䢗	qū	0
䢙	bài	0
䢚	gēng	0
䢛	jiǒng	0
䢝	yà	0
䢞	shù	0
䢟	yóu	0
䢠	sòng	0
䢡	yè	0
䢢	càng	0
䢣	yáo	0
䢤	shù	0
䢥	yán	0
䢦	shuài	0
䢧	liào	0
䢨	cōng	0
䢩	yù	0
䢪	bó	0
䢫	suí	0
䢭	yàn	0
䢮	lèi	0
䢯	lín	0
䢰	tī	0
䢱	dú	0
䢲	yuè	0
䢳	jǐ	0
䢵	yún	0
䢸	jū	0
䢹	jǔ	0
䢺	chū	0
䢻	chén	0
䢼	gōng	0
䢽	xiàng	0
䢾	xiǎn	0
䢿	ān	0
䣀	guǐ	0
䣁	yǔ	0
䣂	lěi	0
䣄	tú	0
䣅	chén	0
䣆	xíng	0
䣇	qiú	0
䣈	hàng	0
䣊	dǎng	0
䣋	cǎi	0
䣌	dǐ	0
䣍	yǎn	0
䣎	zī	0
䣐	yīng	0
䣑	chán	0
䣓	lí	0
䣔	suǒ	0
䣕	mǎ	0
䣖	mǎ	0
䣘	táng	0
䣙	péi	0
䣚	lóu	0
䣛	qī	0
䣜	cuó	0
䣝	tú	0
䣞	è	0
䣟	cán	0
䣠	jié	0
䣡	yí	0
䣢	jí	0
䣣	dǎng	0
䣤	jué	0
䣥	bǐ	0
䣦	lèi	0
䣧	yì	0
䣨	chún	0
䣩	chún	0
䣪	pò	0
䣫	lí	0
䣬	zǎi	0
䣭	tài	0
䣮	pò	0
䣯	cú	0
䣰	jù	0
䣱	xù	0
䣲	fàn	0
䣴	xù	0
䣵	èr	0
䣶	huó	0
䣷	zhū	0
䣸	rǎn	0
䣹	fá	0
䣺	juān	0
䣻	hān	0
䣼	liáng	0
䣽	zhī	0
䣾	mì	0
䣿	yū	0
䤁	cén	0
䤂	méi	0
䤃	yīn	0
䤄	miǎn	0
䤅	tú	0
䤆	kuí	0
䤉	mì	0
䤊	róng	0
䤋	yù	0
䤌	qiāng	0
䤍	mí	0
䤎	jú	0
䤏	pǐ	0
䤐	jǐn	0
䤑	wàng	0
䤒	jì	0
䤓	méng	0
䤔	jiàn	0
䤕	xuè	0
䤖	bào	0
䤗	gǎn	0
䤘	chǎn	0
䤙	lì	0
䤚	lǐ	0
䤛	qiú	0
䤜	dùn	0
䤝	yìng	0
䤞	yǔn	0
䤟	chén	0
䤠	zhǐ	0
䤡	rǎn	0
䤣	lüè	0
䤤	kāi	0
䤥	guǐ	0
䤦	yuè	0
䤧	huì	0
䤨	pì	0
䤩	chá	0
䤪	duǒ	0
䤫	chán	0
䤬	shā	0
䤭	shì	0
䤮	shè	0
䤯	xíng	0
䤰	yíng	0
䤱	shì	0
䤲	chì	0
䤳	yè	0
䤴	hán	0
䤵	fèi	0
䤶	yè	0
䤷	yǎn	0
䤸	zuàn	0
䤹	sōu	0
䤺	jīn	0
䤻	duò	0
䤼	xiàn	0
䤽	guān	0
䤾	tāo	0
䤿	qiè	0
䥀	chǎn	0
䥁	hán	0
䥂	mèng	0
䥃	yuè	0
䥄	cù	0
䥅	qiàn	0
䥆	jǐn	0
䥇	shàn	0
䥈	mǔ	0
䥉	yuān	0
䥋	pēng	0
䥌	zhèng	0
䥍	zhì	0
䥎	chún	0
䥏	yǔ	0
䥐	móu	0
䥑	mài	0
䥒	jiàng	0
䥓	qī	0
䥔	sù	0
䥕	piě	0
䥖	tián	0
䥗	kuǎn	0
䥘	cù	0
䥙	suì	0
䥛	jiē	0
䥜	jiàn	0
䥝	áo	0
䥞	jiǎo	0
䥟	yè	0
䥡	yè	0
䥢	lóng	0
䥣	záo	0
䥤	báo	0
䥥	lián	0
䥧	huán	0
䥨	lǜ	0
䥩	wéi	0
䥪	xiǎn	0
䥫	tiě	0
䥬	bó	0
䥭	zhèng	0
䥮	zhú	0
䥯	bēi	0
䥰	méng	0
䥱	xiě	0
䥲	ōu	0
䥳	yōu	0
䥵	xiǎo	0
䥶	lì	0
䥷	zhá	0
䥸	mí	0
䥺	yé	0
䥽	pō	0
䥾	xiě	0
䦂	shàn	0
䦃	zhuō	0
䦅	shàn	0
䦆	jué	0
䦇	jì	0
䦈	jiē	0
䦊	niǎo	0
䦋	áo	0
䦌	chù	0
䦍	wù	0
䦎	guǎn	0
䦏	xiè	0
䦐	tǐng	0
䦑	xuè	0
䦒	dàng	0
䦓	zhān	0
䦔	tǎn	0
䦕	pēng	0
䦖	xié	0
䦗	xù	0
䦘	xiàn	0
䦙	sì	0
䦚	kuà	0
䦛	zhèng	0
䦜	wú	0
䦝	huō	0
䦞	rùn	0
䦟	chuài	0
䦠	dū	0
䦡	huán	0
䦢	kuò	0
䦣	fù	0
䦤	chuài	0
䦥	xián	0
䦦	qín	0
䦧	qié	0
䦨	lán	0
䦪	yà	0
䦫	yīng	0
䦬	què	0
䦭	hāng	0
䦮	chǔn	0
䦯	zhì	0
䦱	wěi	0
䦲	yán	0
䦳	xiàng	0
䦴	yì	0
䦵	nǐ	0
䦶	zhèng	0
䦷	chuài	0
䦹	shí	0
䦺	dīng	0
䦻	zǐ	0
䦼	jué	0
䦽	xù	0
䦾	yuán	0
䧁	xǔ	0
䧂	dào	0
䧃	tián	0
䧄	gè	0
䧅	yí	0
䧆	hóng	0
䧇	yī	0
䧉	lǐ	0
䧊	kū	0
䧋	xiǎn	0
䧌	suī	0
䧍	xì	0
䧎	xuàn	0
䧑	dī	0
䧒	lái	0
䧓	zhōu	0
䧔	niàn	0
䧕	chéng	0
䧖	jiàn	0
䧗	bì	0
䧘	zhuàn	0
䧙	líng	0
䧚	hào	0
䧛	bàng	0
䧜	táng	0
䧝	chī	0
䧞	mà	0
䧟	xiàn	0
䧠	shuàn	0
䧡	yōng	0
䧢	qū	0
䧤	pú	0
䧥	huì	0
䧦	wéi	0
䧧	yǐ	0
䧨	yè	0
䧪	chè	0
䧫	háo	0
䧬	bīn	0
䧮	xiàn	0
䧯	chán	0
䧰	hùn	0
䧲	hàn	0
䧳	cí	0
䧴	zhī	0
䧵	qí	0
䧶	kuí	0
䧷	róu	0
䧹	yīng	0
䧺	xióng	0
䧼	hú	0
䧽	cuǐ	0
䧿	què	0
䨀	dí	0
䨁	wù	0
䨂	qiū	0
䨄	yàn	0
䨅	liáo	0
䨆	bí	0
䨈	bīn	0
䨊	yuān	0
䨋	nüè	0
䨌	báo	0
䨍	yǐng	0
䨎	hóng	0
䨏	cí	0
䨐	qià	0
䨑	tí	0
䨒	yù	0
䨓	léi	0
䨔	báo	0
䨖	jì	0
䨗	fú	0
䨘	xiàn	0
䨙	cén	0
䨚	hū	0
䨛	sè	0
䨜	bēng	0
䨝	qīng	0
䨞	yǔ	0
䨟	wā	0
䨠	ǎi	0
䨡	hán	0
䨢	dàn	0
䨣	gé	0
䨤	dí	0
䨥	huò	0
䨦	pāng	0
䨨	zhuī	0
䨩	líng	0
䨪	mái	0
䨫	mài	0
䨬	lián	0
䨭	xiāo	0
䨮	xuě	0
䨯	zhèn	0
䨰	pò	0
䨱	fù	0
䨲	nóu	0
䨳	xì	0
䨴	duì	0
䨵	dàn	0
䨶	yǔn	0
䨷	xiàn	0
䨸	yǐn	0
䨹	shū	0
䨺	duì	0
䨻	bèng	0
䨼	hù	0
䨽	fěi	0
䨾	fèi	0
䨿	zá	0
䩀	bèi	0
䩁	fēi	0
䩂	xiān	0
䩃	shì	0
䩄	miǎn	0
䩅	zhǎn	0
䩆	zhǎn	0
䩇	zhān	0
䩈	huì	0
䩉	fǔ	0
䩊	wǎn	0
䩋	mǒ	0
䩌	qiáo	0
䩍	liǎo	0
䩏	miè	0
䩐	hū	0
䩑	hóng	0
䩒	yú	0
䩓	qí	0
䩔	duò	0
䩕	áng	0
䩗	bà	0
䩘	dì	0
䩙	xuàn	0
䩚	dì	0
䩛	bì	0
䩜	zhòu	0
䩝	páo	0
䩞	tié	0
䩟	yí	0
䩡	jiá	0
䩢	zhì	0
䩣	tú	0
䩤	xié	0
䩥	dàn	0
䩦	tiáo	0
䩧	xiè	0
䩨	chàng	0
䩩	yuǎn	0
䩪	guǎn	0
䩫	liǎng	0
䩬	běng	0
䩮	lù	0
䩯	jí	0
䩰	xuàn	0
䩱	shù	0
䩲	dū	0
䩳	sōu	0
䩴	hú	0
䩵	yùn	0
䩶	chǎn	0
䩷	bāng	0
䩸	róng	0
䩹	é	0
䩺	wēng	0
䩻	bà	0
䩼	féng	0
䩽	yū	0
䩾	zhè	0
䩿	fén	0
䪀	guǎn	0
䪁	bǔ	0
䪂	gé	0
䪃	dūn	0
䪄	huáng	0
䪅	dú	0
䪆	tǐ	0
䪇	bó	0
䪈	qiàn	0
䪉	liè	0
䪊	lóng	0
䪋	wèi	0
䪌	zhàn	0
䪍	lán	0
䪎	suī	0
䪏	nà	0
䪐	bì	0
䪑	tuó	0
䪒	zhù	0
䪓	diē	0
䪔	bǔ	0
䪕	jú	0
䪖	pò	0
䪗	xiá	0
䪘	wěi	0
䪙	pò	0
䪚	dā	0
䪛	fān	0
䪜	chān	0
䪝	hù	0
䪞	zá	0
䪤	fán	0
䪥	xiè	0
䪦	hóng	0
䪧	chí	0
䪨	báo	0
䪩	yín	0
䪫	jīng	0
䪬	bó	0
䪭	ruǎn	0
䪮	chǒu	0
䪯	yīng	0
䪰	yī	0
䪱	gǎi	0
䪲	kūn	0
䪳	yǔn	0
䪴	zhěn	0
䪵	yǎ	0
䪶	jū	0
䪷	hòu	0
䪸	mín	0
䪹	bāi	0
䪺	gé	0
䪻	biàn	0
䪼	zhuō	0
䪽	hào	0
䪾	zhěn	0
䪿	shěng	0
䫀	gěn	0
䫁	bì	0
䫂	duǒ	0
䫃	chún	0
䫄	chuà	0
䫅	sàn	0
䫆	chéng	0
䫇	rán	0
䫈	chěn	0
䫉	mào	0
䫊	péi	0
䫋	wēi	0
䫌	pǐ	0
䫍	fǔ	0
䫎	zhuō	0
䫏	qī	0
䫐	lín	0
䫑	yī	0
䫒	mén	0
䫓	wú	0
䫔	qì	0
䫕	dié	0
䫖	chěn	0
䫗	xiá	0
䫘	hé	0
䫙	sǎng	0
䫚	guā	0
䫛	hóu	0
䫜	āo	0
䫝	fǔ	0
䫞	qiāo	0
䫟	hùn	0
䫠	pī	0
䫡	yán	0
䫢	sī	0
䫣	xí	0
䫤	míng	0
䫥	kuǐ	0
䫦	gé	0
䫨	ào	0
䫩	sǎn	0
䫪	shuǎng	0
䫫	lóu	0
䫬	zhěn	0
䫭	huì	0
䫮	chán	0
䫰	lìn	0
䫱	ná	0
䫲	hàn	0
䫳	dú	0
䫴	jìn	0
䫵	mián	0
䫶	fán	0
䫷	è	0
䫸	chāo	0
䫹	hóng	0
䫺	hóng	0
䫻	yù	0
䫼	xuè	0
䫽	pāo	0
䫾	bī	0
䫿	chāo	0
䬀	yǒu	0
䬁	yí	0
䬂	xuè	0
䬃	sà	0
䬄	xù	0
䬅	lì	0
䬆	lì	0
䬇	yuàn	0
䬈	duì	0
䬉	huò	0
䬊	shà	0
䬋	léng	0
䬌	pōu	0
䬍	hū	0
䬎	guó	0
䬏	bù	0
䬐	ruí	0
䬑	wèi	0
䬒	sōu	0
䬓	àn	0
䬔	yú	0
䬕	xiāng	0
䬖	héng	0
䬗	yáng	0
䬘	xiāo	0
䬙	yáo	0
䬛	bì	0
䬝	héng	0
䬞	táo	0
䬟	liú	0
䬡	zhù	0
䬣	xì	0
䬤	zàn	0
䬥	yì	0
䬦	dòu	0
䬧	yuán	0
䬨	jiù	0
䬪	bó	0
䬫	tí	0
䬬	yǐng	0
䬮	yí	0
䬯	nián	0
䬰	shào	0
䬱	bèn	0
䬲	gōu	0
䬳	bǎn	0
䬴	mò	0
䬵	gāi	0
䬶	èn	0
䬷	shě	0
䬹	zhì	0
䬺	yàng	0
䬻	jiàn	0
䬼	yuàn	0
䬽	shuì	0
䬾	tí	0
䬿	wěi	0
䭀	xùn	0
䭁	zhì	0
䭂	yì	0
䭃	rěn	0
䭄	shì	0
䭅	hú	0
䭆	nè	0
䭇	yē	0
䭈	jiàn	0
䭉	suǐ	0
䭊	yǐng	0
䭋	bǎo	0
䭌	hú	0
䭍	hú	0
䭎	yè	0
䭐	yàng	0
䭑	lián	0
䭒	xī	0
䭓	èn	0
䭔	duī	0
䭕	zǎn	0
䭖	zhù	0
䭗	yǐng	0
䭘	yǐng	0
䭙	jǐn	0
䭚	chuáng	0
䭛	dàn	0
䭝	kuài	0
䭞	yì	0
䭟	yè	0
䭠	jiǎn	0
䭡	èn	0
䭢	níng	0
䭣	cí	0
䭤	qiǎn	0
䭥	xuè	0
䭦	bō	0
䭧	mǐ	0
䭨	shuì	0
䭩	mó	0
䭪	liáng	0
䭫	qǐ	0
䭬	qǐ	0
䭭	shǒu	0
䭮	fú	0
䭯	bó	0
䭰	bèng	0
䭱	bié	0
䭲	yǐ	0
䭳	wèi	0
䭴	huán	0
䭵	fán	0
䭶	qí	0
䭷	máo	0
䭸	fù	0
䭹	áng	0
䭺	ǎng	0
䭻	fēn	0
䭼	qí	0
䭽	qún	0
䭾	tuó	0
䭿	yì	0
䮀	bó	0
䮁	pián	0
䮂	bá	0
䮄	xuán	0
䮇	yù	0
䮈	chí	0
䮉	lú	0
䮊	yí	0
䮋	lì	0
䮍	niǎo	0
䮎	xì	0
䮏	wú	0
䮑	lèi	0
䮒	pū	0
䮓	zhuō	0
䮔	zuī	0
䮕	zhuó	0
䮖	chāng	0
䮗	àn	0
䮘	ér	0
䮙	yù	0
䮚	lèng	0
䮛	fù	0
䮜	zhá	0
䮝	hún	0
䮞	chǔn	0
䮟	sōu	0
䮠	bī	0
䮡	bì	0
䮢	zhá	0
䮤	hé	0
䮥	lì	0
䮧	hàn	0
䮨	zǎi	0
䮩	gú	0
䮪	chéng	0
䮫	lóu	0
䮬	mò	0
䮭	mì	0
䮮	mài	0
䮯	ào	0
䮰	zhé	0
䮱	zhú	0
䮲	huáng	0
䮳	fán	0
䮴	dèng	0
䮵	tóng	0
䮷	dú	0
䮸	wò	0
䮹	wèi	0
䮺	jì	0
䮻	chì	0
䮼	lín	0
䮽	biāo	0
䮾	lóng	0
䮿	jiǎn	0
䯀	niè	0
䯁	luó	0
䯂	shēn	0
䯄	guā	0
䯅	niè	0
䯆	yì	0
䯇	kū	0
䯈	wán	0
䯉	wā	0
䯊	qià	0
䯋	bó	0
䯌	kāo	0
䯍	líng	0
䯎	gàn	0
䯏	guā	0
䯐	hái	0
䯑	kuāng	0
䯒	héng	0
䯓	kuī	0
䯔	zé	0
䯕	tīng	0
䯖	láng	0
䯗	bì	0
䯘	huàn	0
䯙	pò	0
䯚	yǎo	0
䯛	wàn	0
䯜	tì	0
䯝	suǐ	0
䯞	kuā	0
䯟	duì	0
䯠	ǎo	0
䯡	jiàn	0
䯢	mó	0
䯣	kuì	0
䯤	kuài	0
䯥	àn	0
䯦	mà	0
䯧	qǐng	0
䯨	qiāo	0
䯪	kǎo	0
䯫	hào	0
䯬	duǒ	0
䯭	xiān	0
䯮	nái	0
䯯	suō	0
䯰	jiè	0
䯱	pī	0
䯲	pā	0
䯳	sōng	0
䯴	cháng	0
䯵	niè	0
䯶	mán	0
䯷	sōng	0
䯸	cì	0
䯹	xiān	0
䯺	kuò	0
䯼	dí	0
䯽	póu	0
䯾	tiáo	0
䯿	zú	0
䰀	wǒ	0
䰁	fèi	0
䰂	cài	0
䰃	péng	0
䰄	sāi	0
䰆	róu	0
䰇	qí	0
䰈	cuó	0
䰉	pán	0
䰊	bó	0
䰋	mán	0
䰌	zǒng	0
䰍	cì	0
䰎	kuì	0
䰏	jì	0
䰐	lán	0
䰒	méng	0
䰓	mián	0
䰔	pán	0
䰕	lú	0
䰖	zuǎn	0
䰗	jiū	0
䰘	liú	0
䰙	yǐ	0
䰚	wén	0
䰛	lì	0
䰜	lì	0
䰝	zèng	0
䰞	zhǔ	0
䰟	hún	0
䰠	shén	0
䰡	chì	0
䰢	xìng	0
䰣	wǎng	0
䰤	dōng	0
䰥	huò	0
䰦	pǐ	0
䰧	hū	0
䰨	mèi	0
䰩	chě	0
䰪	mèi	0
䰫	chāo	0
䰬	jú	0
䰭	nòu	0
䰯	yì	0
䰰	rú	0
䰱	líng	0
䰲	yà	0
䰴	qì	0
䰵	zī	0
䰷	bàng	0
䰸	gōng	0
䰹	zé	0
䰺	jiè	0
䰻	yú	0
䰼	qín	0
䰽	bèi	0
䰾	bā	0
䰿	tuó	0
䱀	yāng	0
䱁	qiáo	0
䱂	yǒu	0
䱃	zhì	0
䱄	jiè	0
䱅	mò	0
䱆	shéng	0
䱇	shàn	0
䱈	qí	0
䱉	shàn	0
䱊	mǐ	0
䱋	gǒng	0
䱌	yí	0
䱍	gèng	0
䱎	gèng	0
䱏	tǒu	0
䱐	fū	0
䱑	xué	0
䱒	yè	0
䱓	tíng	0
䱔	tiáo	0
䱕	móu	0
䱖	liú	0
䱗	cān	0
䱘	lí	0
䱙	shū	0
䱚	lù	0
䱛	huò	0
䱜	cuò	0
䱝	pái	0
䱞	liú	0
䱟	jù	0
䱠	zhàn	0
䱡	jú	0
䱢	zhēng	0
䱣	zú	0
䱤	xiàn	0
䱥	zhì	0
䱨	là	0
䱫	là	0
䱬	xū	0
䱭	gèng	0
䱮	é	0
䱯	mú	0
䱰	zhòng	0
䱱	tí	0
䱲	yuán	0
䱳	zhān	0
䱴	gèng	0
䱵	wēng	0
䱶	láng	0
䱷	yú	0
䱸	sōu	0
䱹	zhǎ	0
䱺	hái	0
䱻	huá	0
䱼	zhǎn	0
䱽	chāng	0
䱾	lóu	0
䱿	chàn	0
䲀	zhì	0
䲁	wèi	0
䲂	xuán	0
䲃	zǎo	0
䲄	mín	0
䲅	guī	0
䲆	sū	0
䲉	sī	0
䲊	duò	0
䲋	cén	0
䲌	kuǎn	0
䲍	téng	0
䲎	něi	0
䲏	láo	0
䲐	lǔ	0
䲑	yí	0
䲒	xiè	0
䲓	yǎn	0
䲔	qíng	0
䲕	pū	0
䲖	chóu	0
䲗	xián	0
䲘	guǎn	0
䲙	jié	0
䲚	lài	0
䲛	méng	0
䲜	yè	0
䲝	chāng	0
䲞	lì	0
䲟	yìn	0
䲠	chūn	0
䲡	qiū	0
䲢	téng	0
䲣	yú	0
䲦	dài	0
䲧	dù	0
䲨	hóng	0
䲪	xì	0
䲬	qí	0
䲮	yuán	0
䲯	jí	0
䲰	yùn	0
䲱	fǎng	0
䲲	gōng	0
䲳	háng	0
䲴	zhèn	0
䲵	què	0
䲸	jiè	0
䲹	pí	0
䲺	gàn	0
䲻	xuán	0
䲼	shēng	0
䲽	shí	0
䲾	qiǎo	0
䲿	cí	0
䳀	dié	0
䳁	bó	0
䳂	diāo	0
䳃	wǎn	0
䳄	cí	0
䳅	zhǐ	0
䳆	bái	0
䳇	wǔ	0
䳈	bǎo	0
䳉	dōng	0
䳊	bá	0
䳋	tóng	0
䳍	gōng	0
䳎	jiù	0
䳏	guì	0
䳐	cì	0
䳑	yǒu	0
䳒	yuán	0
䳓	lǎo	0
䳔	jú	0
䳕	fú	0
䳖	niè	0
䳗	é	0
䳘	é	0
䳙	xǐng	0
䳚	kàn	0
䳛	yàn	0
䳜	tú	0
䳝	pǒu	0
䳞	běng	0
䳟	míng	0
䳠	shuì	0
䳡	yàn	0
䳢	qí	0
䳣	yuán	0
䳤	biē	0
䳦	xuān	0
䳧	hóu	0
䳨	huáng	0
䳩	yāo	0
䳪	juàn	0
䳫	kuí	0
䳬	è	0
䳭	jí	0
䳮	mò	0
䳯	chóng	0
䳰	bǎo	0
䳱	wù	0
䳲	zhèn	0
䳳	xù	0
䳴	tà	0
䳵	chì	0
䳶	xī	0
䳷	cóng	0
䳸	má	0
䳹	kòu	0
䳺	yàn	0
䳻	cán	0
䳽	hè	0
䳾	dēng	0
䳿	rán	0
䴀	tóng	0
䴁	yù	0
䴂	xiàng	0
䴃	náo	0
䴄	shùn	0
䴅	fén	0
䴆	pú	0
䴇	líng	0
䴈	ǎo	0
䴉	huán	0
䴊	yí	0
䴋	huán	0
䴌	méng	0
䴍	yīng	0
䴎	lěi	0
䴏	yàn	0
䴐	bǎo	0
䴑	dié	0
䴒	líng	0
䴓	shī	0
䴔	jiāo	0
䴕	liè	0
䴖	jīng	0
䴗	jú	0
䴘	tī	0
䴙	pì	0
䴚	gǎng	0
䴛	xiāo	0
䴜	wāi	0
䴝	chuài	0
䴞	dí	0
䴟	huán	0
䴠	yǎo	0
䴡	lì	0
䴢	mí	0
䴣	hū	0
䴤	shēng	0
䴥	jiā	0
䴦	yín	0
䴧	wēi	0
䴩	piáo	0
䴪	lù	0
䴫	líng	0
䴬	yì	0
䴭	cái	0
䴮	shàn	0
䴯	hū	0
䴰	shú	0
䴱	tuō	0
䴲	mò	0
䴳	huá	0
䴴	tiè	0
䴵	bǐng	0
䴶	péng	0
䴷	hún	0
䴸	fū	0
䴹	guǒ	0
䴺	bù	0
䴻	lí	0
䴼	chàn	0
䴽	pí	0
䴾	cuó	0
䴿	méng	0
䵀	suǒ	0
䵁	qiàng	0
䵂	zhí	0
䵃	kuàng	0
䵄	bí	0
䵅	áo	0
䵆	méng	0
䵇	xiàn	0
䵈	kù	0
䵉	tóu	0
䵊	tuān	0
䵋	wěi	0
䵌	xiān	0
䵎	tuān	0
䵏	lǎo	0
䵐	chǎn	0
䵑	nì	0
䵒	nì	0
䵓	lí	0
䵔	dǒng	0
䵕	jù	0
䵖	qiàn	0
䵗	bó	0
䵘	shài	0
䵙	zhā	0
䵚	tǎo	0
䵛	qiàn	0
䵜	nǒng	0
䵝	yì	0
䵞	jìng	0
䵟	gǎn	0
䵠	dí	0
䵡	jiǎn	0
䵢	mèi	0
䵣	dá	0
䵤	jiǎn	0
䵥	yù	0
䵦	xiè	0
䵧	zài	0
䵨	máng	0
䵩	lí	0
䵪	gùn	0
䵫	xūn	0
䵬	tà	0
䵭	zhè	0
䵮	yàng	0
䵯	tuǎn	0
䵰	shāng	0
䵱	xì	0
䵲	qiāo	0
䵳	wèi	0
䵴	yìng	0
䵵	chuā	0
䵶	qú	0
䵷	wā	0
䵹	zhī	0
䵺	tǐng	0
䵻	huì	0
䵼	shāng	0
䵽	cà	0
䵾	fú	0
䵿	tiè	0
䶀	tà	0
䶁	tà	0
䶂	zhuó	0
䶃	hán	0
䶄	píng	0
䶅	hé	0
䶆	zhuī	0
䶇	zhòu	0
䶈	bó	0
䶉	liú	0
䶊	nǜ	0
䶋	xī	0
䶌	pào	0
䶍	dì	0
䶎	hē	0
䶏	tì	0
䶐	wài	0
䶑	tì	0
䶒	qí	0
䶓	jì	0
䶔	chí	0
䶕	bà	0
䶖	jìn	0
䶗	kè	0
䶘	lì	0
䶙	jù	0
䶚	qǔ	0
䶛	là	0
䶜	gǔ	0
䶝	qià	0
䶞	qí	0
䶟	xiàn	0
䶠	jiǎn	0
䶡	shí	0
䶢	jiān	0
䶣	ái	0
䶤	huá	0
䶥	zhā	0
䶦	zé	0
䶧	yǎo	0
䶨	zhān	0
䶩	jì	0
䶪	chà	0
䶫	yàn	0
䶬	jiān	0
䶮	yǎn	0
䶰	jiāo	0
䶱	tóng	0
䶲	nán	0
䶳	yuè	0
䶵	chí	0
䶷	jiào	0
䶸	yāo	0
䶹	zuǒ	0
一	yī	217830
丁	dīng	3607
丂	kǎo	2
七	qī	7675
丄	shàng	0
丅	xià	0
丆	hǎn	2
万	wàn	29391
丈	zhàng	1039
三	sān	42542
上	shàng	258101
下	xià	108294
丌	jī	14
不	bù	360331
与	yǔ	160984
丏	miǎn	0
丐	gài	899
丑	chǒu	1462
丒	chǒu	2
专	zhuān	4975
且	qiě	10470
丕	pī	147
世	shì	6523
丗	shì	7
丘	qiū	1257
丙	bǐng	349
业	yè	4553
丛	cóng	897
东	dōng	18279
丝	sī	2807
丞	chéng	645
丟	diū	4
丠	qiū	0
両	liǎng	0
丢	diū	2859
丣	yǒu	0
两	liǎng	43011
严	yán	2591
並	bìng	9
丧	sàng	1013
丨	gǔn	61
丩	jiū	0
个	gè	125538
丫	yā	227
丬	qiáng	3
中	zhōng	243191
丮	jǐ	0
丯	jiè	0
丰	fēng	784
丱	guàn	0
串	chuàn	971
丳	chǎn	22
临	lín	2810
丵	zhuó	0
丶	zhǔ	40
丷	bā	0
丸	wán	859
丹	dān	2594
为	wèi	295952
主	zhǔ	14838
丼	jǐng	0
丽	lì	1145
举	jǔ	6506
丿	piě	0
乀	fú	2
乁	yí	0
乂	yì	14
乃	nǎi	4905
乄	wǔ	0
久	jiǔ	7645
乆	jiǔ	0
乇	tuō	113
么	me	11322
义	yì	5628
乊	yī	5
之	zhī	140957
乌	wū	1680
乍	zhà	598
乎	hū	1399
乏	fá	409
乐	lè	3667
乑	yín	0
乒	pīng	125
乓	pāng	117
乔	qiáo	583
乕	hǔ	9
乖	guāi	626
乗	chéng	65
乘	chéng	4150
乙	yǐ	953
乚	yǐn	0
乛	ya	0
乜	miē	50
九	jiǔ	8003
乞	qǐ	806
也	yě	307851
习	xí	1216
乡	xiāng	13348
乢	gài	6
乣	jiǔ	0
乤	xià	0
乥	hù	6
书	shū	18993
乧	dǒu	0
乨	shǐ	0
乩	jī	120
乪	náng	40
乫	jiā	0
乬	jù	41
乭	shí	4
乮	mǎo	0
乯	hū	0
买	mǎi	10529
乱	luàn	8329
乲	zī	0
乳	rǔ	835
乴	xué	7
乵	yǎn	3
乶	fǔ	0
乷	shā	0
乸	nǎ	5
乹	gān	2
乺	suǒ	28
乻	yú	2
乼	cui	0
乽	zhě	0
乾	qián	1551
乿	zhì	0
亀	guī	4
亁	gān	0
亂	luàn	6
亃	lǐn	88
亄	yì	0
亅	jué	0
了	le	883634
亇	ma	0
予	yǔ	1068
争	zhēng	3841
亊	shì	10
事	shì	44769
二	èr	26135
亍	chù	185
于	yú	106176
亏	kuī	1580
亐	yú	0
云	yún	6353
互	hù	2051
亓	qí	70
五	wǔ	15665
井	jǐng	1460
亖	sì	4
亗	suì	2
亘	gèn	25
亙	gèn	0
亚	yà	5789
些	xiē	17919
亜	yà	20
亝	qí	6
亞	yà	13
亟	jí	182
亠	tóu	0
亡	wáng	2209
亢	kàng	143
亣	dà	75
交	jiāo	6026
亥	hài	195
亦	yì	9343
产	chǎn	6838
亨	hēng	517
亩	mǔ	2726
亪	ye	0
享	xiǎng	840
京	jīng	6583
亭	tíng	2829
亮	liàng	4307
亯	xiǎng	668
亰	jīng	17
亱	yè	23
亲	qīn	10670
亳	bó	82
亴	yòu	86
亵	xiè	114
亶	dǎn	79
亷	lián	9
亸	duǒ	425
亹	wěi	63
人	rén	313209
亻	rén	10
亼	jí	0
亽	jí	3
亾	wáng	507
亿	yì	4023
什	shén	1233
仁	rén	1173
仂	lè	0
仃	dīng	37
仄	zè	116
仅	jǐn	12193
仆	pū	1135
仇	chóu	1555
仈	bā	36
仉	zhǎng	38
今	jīn	23913
介	jiè	435
仌	bīng	2
仍	réng	18627
从	cóng	110435
仏	fó	0
仐	sǎn	24
仑	lún	63
仒	bīng	0
仓	cāng	974
仔	zǎi	500
仕	shì	462
他	tā	401339
仗	zhàng	3272
付	fù	1954
仙	xiān	4284
仚	xiān	0
仛	tuō	154
仜	hóng	7
仝	tóng	32
仞	rèn	45
仟	qiān	18
仠	gǎn	23
仡	gē	130
仢	bó	0
代	dài	6666
令	lìng	9565
以	yǐ	136106
仦	chào	0
仧	cháng	0
仨	sā	78
仩	cháng	0
仪	yí	1711
仫	mù	0
们	men	41212
仭	rèn	0
仮	fǎn	32
仯	chào	11
仰	yǎng	1186
仱	qián	4
仲	zhòng	274
仳	pǐ	3
仴	wò	34
仵	wǔ	8
件	jiàn	6482
价	jià	3061
仸	yǎo	0
仹	fēng	0
仺	cāng	54
任	rèn	16831
仼	wáng	15
份	fèn	4674
仾	dī	4
仿	fǎng	614
伀	zhōng	116
企	qǐ	766
伂	pèi	0
伃	yú	66
伄	diào	23
伅	dùn	38
伆	wù	54
伇	yì	0
伈	xǐn	0
伉	kàng	8
伊	yī	1890
伋	jí	6
伌	ài	0
伍	wǔ	540
伎	jì	224
伏	fú	2420
伐	fá	1175
休	xiū	2320
伒	jìn	41
伓	pī	61
伔	dǎn	31
伕	fū	86
伖	tǎng	6
众	zhòng	11353
优	yōu	1486
伙	huǒ	1298
会	huì	92091
伛	yǔ	6
伜	cuì	0
伝	yún	16
伞	sǎn	1062
伟	wěi	398
传	chuán	10664
伡	chē	17
伢	yá	13
伣	qiàn	12
伤	shāng	7363
伥	chāng	6
伦	lún	970
伧	cāng	21
伨	xùn	2
伩	xìn	27
伪	wěi	923
伫	zhù	21
伬	ze	16
伭	xián	0
伮	nǔ	0
伯	bó	1600
估	gū	380
伱	nǐ	4
伲	nì	60
伳	xiè	0
伴	bàn	1567
伵	xù	0
伶	líng	248
伷	zhòu	2
伸	shēn	3417
伹	qū	2
伺	cì	183
伻	bēng	3
似	sì	7763
伽	gā	812
伾	pī	10
伿	yì	0
佀	sì	5
佁	yǐ	0
佂	zhēng	0
佃	diàn	392
佄	hān	0
佅	mài	0
但	dàn	110709
佇	zhù	8
佈	bù	0
佉	qū	17
佊	bǐ	0
佋	zhāo	0
佌	cǐ	0
位	wèi	16243
低	dī	15504
住	zhù	29609
佐	zuǒ	809
佑	yòu	723
佒	yǎng	0
体	tǐ	9670
佔	zhàn	2
何	hé	5940
佖	bì	2
佗	tuó	56
佘	shé	38
余	yú	7959
佚	yì	277
佛	fú	3080
作	zuò	28016
佝	gōu	15
佞	nìng	86
佟	tóng	230
你	nǐ	234587
佡	xiān	4
佢	qú	0
佣	yōng	932
佤	wǎ	50
佥	qiān	137
佦	shi	0
佧	kǎ	0
佨	bāo	0
佩	pèi	539
佪	huí	0
佫	hè	0
佬	lǎo	366
佭	xiáng	0
佮	gé	3
佯	yáng	191
佰	bǎi	7
佱	fǎ	0
佲	mǐng	58
佳	jiā	2412
佴	èr	0
併	bìng	92
佶	jí	8
佷	hěn	652
佸	huó	2603
佹	guǐ	907
佺	quán	562
佻	tiāo	8
佼	jiǎo	35
佽	cì	480
佾	yì	6
使	shǐ	64655
侀	xíng	287
侁	shēn	8
侂	tuō	29
侃	kǎn	101
侄	zhí	991
侅	gāi	0
來	lái	22
侇	yí	0
侈	chǐ	54
侉	kuǎ	17
侊	guāng	222
例	lì	2753
侌	yīn	2
侍	shì	1204
侎	mǐ	30
侏	zhū	13
侐	xù	0
侑	yòu	43
侒	ān	19
侓	lù	2
侔	móu	42
侕	ér	0
侖	lún	0
侗	dòng	237
侘	chà	0
侙	chī	0
侚	xùn	4
供	gōng	8136
侜	zhōu	3
依	yī	4797
侞	rú	0
侟	cún	0
侠	xiá	981
価	sì	2
侢	dài	0
侣	lǚ	139
侤	ta	6
侥	jiǎo	69
侦	zhēn	220
侧	cè	3498
侨	qiáo	1073
侩	kuài	14
侪	chái	19
侫	nìng	0
侬	nóng	92
侭	jǐn	0
侮	wǔ	317
侯	hóu	1246
侰	jiǒng	0
侱	chěng	0
侲	zhèn	3
侳	zuò	4
侴	chǒu	0
侵	qīn	1187
侶	lǚ	2
侷	jú	3
侸	shù	3
侹	tǐng	3
侺	shèn	0
侻	tuì	0
侼	bó	0
侽	nán	0
侾	xiāo	0
便	biàn	55339
俀	tuǐ	0
俁	yǔ	0
係	xì	5
促	cù	758
俄	é	5645
俅	qiú	292
俆	xú	0
俇	guàng	10
俈	kù	0
俉	wǔ	7
俊	jùn	1411
俋	yì	0
俌	fǔ	509
俍	liáng	5
俎	zǔ	57
俏	qiào	383
俐	lì	12
俑	yǒng	263
俒	hùn	0
俓	jìng	2
俔	qiàn	301
俕	sàn	2
俖	pěi	0
俗	sú	1429
俘	fú	2454
俙	xī	0
俚	lǐ	101
俛	fǔ	0
俜	pīng	41
保	bǎo	5119
俞	yú	693
俟	qí	299
俠	xiá	0
信	xìn	11188
俢	xiū	12
俣	yǔ	139
俤	dì	5
俥	chē	4
俦	chóu	70
俧	zhì	19
俨	yǎn	136
俩	liǎ	2508
俪	lì	160
俫	lái	0
俬	sī	2
俭	jiǎn	121
修	xiū	6007
俯	fǔ	543
俰	huò	13
俱	jù	2295
俲	xiào	0
俳	pái	87
俴	jiàn	0
俵	biào	9
俶	chù	58
俷	fèi	0
俸	fèng	475
俹	yà	0
俺	ǎn	2596
俻	bèi	2
俼	yù	0
俽	xīn	4
俾	bǐ	224
俿	hǔ	0
倀	chāng	2
倁	zhī	2
倂	bìng	0
倃	jiù	0
倄	yáo	0
倅	cuì	5
倆	liǎ	0
倇	wǎn	0
倈	lái	2
倉	cāng	9
倊	zòng	0
個	gè	13
倌	guān	95
倍	bèi	4282
倎	tiǎn	0
倏	shū	199
倐	shū	27
們	men	32
倒	dào	21994
倓	tán	85
倔	jué	121
倕	chuí	4
倖	xìng	22
倗	péng	27
倘	tǎng	937
候	hòu	1332
倚	yǐ	1109
倛	qī	29
倜	tì	27
倝	gàn	69
倞	jìng	123
借	jiè	4411
倠	suī	9
倡	chàng	259
倢	jié	12
倣	fǎng	6
値	zhí	0
倥	kōng	10
倦	juàn	344
倧	zōng	16
倨	jù	44
倩	qiàn	120
倪	ní	229
倫	lún	0
倬	zhuō	18
倭	wō	353
倮	luǒ	12
倯	sōng	0
倰	lèng	2
倱	hùn	2
倲	dōng	11
倳	zì	0
倴	bèn	3
倵	wǔ	2
倶	jù	0
倷	nǎi	0
倸	cǎi	51
倹	jiǎn	6
债	zhài	661
倻	yē	10
值	zhí	5361
倽	shà	7
倾	qīng	1934
倿	nìng	0
偀	yīng	10
偁	chēng	40
偂	qián	47
偃	yǎn	176
偄	ruǎn	6
偅	zhòng	923
偆	chǔn	7
假	jiǎ	5051
偈	jì	161
偉	wěi	10
偊	yǔ	3
偋	bìng	0
偌	ruò	39
偍	tí	10
偎	wēi	153
偏	piān	3833
偐	yàn	22
偑	fēng	8
偒	tǎng	4
偓	wò	35
偔	è	6
偕	xié	370
偖	chě	39
偗	shěng	20
偘	kǎn	2
偙	dì	3
做	zuò	50331
偛	chā	40
停	tíng	5934
偝	bèi	0
偞	xiè	2
偟	huáng	0
偠	yǎo	0
偡	zhàn	0
偢	chǒu	30
偣	yān	208
偤	yóu	11
健	jiàn	1514
偦	xǔ	26
偧	zhā	9
偨	cī	0
偩	fù	14
偪	bī	4
偫	zhì	6
偬	zǒng	15
偭	miǎn	2
偮	jí	3
偯	yǐ	10
偰	xiè	0
偱	xún	2
偲	cāi	7
偳	duān	0
側	cè	2
偵	zhēn	0
偶	ǒu	982
偷	tōu	2578
偸	tōu	0
偹	bèi	0
偺	zá	0
偻	lóu	37
偼	jié	10
偽	wěi	0
偾	fèn	18
偿	cháng	337
傀	guī	10
傁	sǒu	0
傂	zhì	0
傃	sù	4
傄	xiā	2
傅	fù	932
傆	yuàn	0
傇	rǒng	2
傈	lì	14
傉	nù	25
傊	yùn	0
傋	jiǎng	0
傌	mà	0
傍	bàng	409
傎	diān	0
傏	táng	0
傐	hào	2
傑	jié	3
傒	xī	27
傓	shàn	0
傔	qiàn	0
傕	jué	148
傖	cāng	0
傗	chù	1167
傘	sǎn	45
備	bèi	1305
傚	xiào	1724
傛	yǒng	1353
傜	yáo	486
傝	tàn	830
傞	suō	386
傟	yǎng	0
傠	fá	0
傡	bìng	0
傢	jiā	2
傣	dǎi	195
傤	zài	2
傥	tǎng	19
傦	gǔ	119
傧	bīn	19
储	chǔ	478
傩	nuó	104
傪	cān	2
傫	lěi	0
催	cuī	1405
傭	yōng	3
傮	zāo	0
傯	zǒng	0
傰	bēng	0
傱	sǒng	0
傲	ào	215
傳	chuán	0
傴	yǔ	0
債	zhài	2
傶	zú	0
傷	shāng	0
傸	chuǎng	0
傹	jìng	0
傺	chì	9
傻	shǎ	2114
傼	hàn	0
傽	zhāng	3
傾	qīng	0
傿	yàn	0
僀	dì	0
僁	xiè	0
僂	lóu	0
僃	bèi	0
僄	piào	3
僅	jǐn	2
僆	liàn	10
僇	lù	2
僈	mán	10
僉	qiān	0
僊	xiān	0
僋	tàn	0
僌	yíng	3
働	dòng	0
僎	zhuàn	0
像	xiàng	31874
僐	shàn	0
僑	qiáo	4
僒	jiǒng	0
僓	tuǐ	10
僔	zǔn	0
僕	pú	0
僖	xī	52
僗	láo	26
僘	chǎng	2
僙	guāng	0
僚	liáo	179
僛	qī	45
僜	chēng	7
僝	chán	3
僞	wěi	0
僟	jī	0
僠	bō	0
僡	huì	6
僢	chuǎn	3
僣	tiě	0
僤	dàn	0
僥	jiǎo	5
僦	jiù	35
僧	sēng	3908
僨	fèn	0
僩	xiàn	0
僪	jú	0
僫	è	0
僬	jiāo	13
僭	jiàn	4123
僮	tóng	176
僯	lìn	0
僰	bó	31
僱	gù	0
僲	xiān	0
僳	sù	3
僴	xiàn	0
僵	jiāng	507
僶	mǐn	0
僷	yè	0
僸	jìn	0
價	jià	11
僺	qiào	2
僻	pì	325
僼	fēng	8
僽	zhòu	3
僾	ài	0
僿	sài	0
儀	yí	0
儁	jùn	66
儂	nóng	3
儃	chán	0
億	yì	2
儅	dàng	0
儆	jǐng	62
儇	xuān	7
儈	kuài	0
儉	jiǎn	31
儊	chù	14
儋	dān	29
儌	jiǎo	20
儍	shǎ	2
儎	zài	41
儏	càn	363
儐	bīn	38
儑	án	0
儒	rú	613
儓	tái	34
儔	chóu	2
儕	chái	72
儖	lán	0
儗	nǐ	59
儘	jǐn	0
儙	qiàn	8
儚	méng	206
儛	wǔ	0
儜	níng	35
儝	qióng	0
儞	nǐ	0
償	cháng	0
儠	liè	5
儡	lěi	3
儢	lǚ	2
儣	kuǎng	3
儤	bào	4
儥	yù	0
儦	biāo	5
儧	zǎn	2
儨	zhì	48
儩	sì	0
優	yōu	4
儫	háo	71
儬	qìng	0
儭	chèn	28
儮	lì	0
儯	téng	0
儰	wěi	6
儱	lǒng	0
儲	chǔ	22
儳	chán	40
儴	ráng	469
儵	shū	4
儶	huì	0
儷	lì	15
儸	luó	2
儹	zǎn	78
儺	nuó	0
儻	tǎng	18
儼	yǎn	0
儽	léi	0
儾	nàng	0
儿	ér	15411
兀	wù	1027
允	yǔn	1345
兂	zān	480
元	yuán	28837
兄	xiōng	3402
充	chōng	1549
兆	zhào	1231
兇	xiōng	0
先	xiān	25558
光	guāng	10895
兊	duì	5
克	kè	6270
兌	duì	20
免	miǎn	1786
兎	tù	0
兏	cháng	37
児	ér	8
兑	duì	1295
兒	ér	23
兓	jīn	5
兔	tù	683
兕	sì	18
兖	yǎn	123
兗	yǎn	6
兘	shǐ	1063
党	dǎng	23403
兛	qiān	0
兜	dōu	1081
兝	fēn	0
兞	máo	0
兟	shēn	0
兠	dōu	8
兢	jīng	106
兣	lǐ	0
兤	huǎng	0
入	rù	20209
兦	wáng	0
內	nèi	34
全	quán	22165
兩	liǎng	15
兪	yú	0
八	bā	7422
公	gōng	5628
六	liù	8392
兮	xī	566
兯	han	0
兰	lán	1390
共	gòng	22996
兲	tiān	0
关	guān	7068
兴	xīng	4294
兵	bīng	16574
其	qí	71322
具	jù	6228
典	diǎn	1614
兹	zī	508
兺	fēn	0
养	yǎng	3311
兼	jiān	7927
兽	shòu	2047
兾	jì	4
兿	yì	0
冀	jì	412
冁	chǎn	0
冂	jiōng	4
冃	mào	3
冄	rǎn	0
内	nèi	50204
円	yuán	0
冇	mǎo	3
冈	gāng	777
冉	rǎn	174
冊	cè	0
冋	jiōng	0
册	cè	1277
再	zài	55507
冎	guǎ	0
冏	jiǒng	24
冐	mào	3
冑	zhòu	12
冒	mào	5231
冓	gòu	11
冔	xǔ	0
冕	miǎn	82
冖	mì	0
冗	rǒng	86
冘	yín	0
写	xiě	17024
冚	kǎn	0
军	jūn	27200
农	nóng	1880
冝	yí	4
冞	mí	2
冟	shì	0
冠	guān	1507
冡	méng	2
冢	zhǒng	498
冣	jù	4
冤	yuān	834
冥	míng	452
冦	kòu	72
冧	lín	177
冨	fù	407
冩	xiě	202
冪	mì	227
冫	bīng	3
冬	dōng	1487
冭	tài	172
冮	gāng	169
冯	féng	646
冰	bīng	2173
冱	hù	0
冲	chōng	8402
决	jué	4589
冴	hù	0
况	kuàng	367
冶	yě	433
冷	lěng	5144
冸	pàn	0
冹	fú	0
冺	mǐn	0
冻	dòng	928
冼	xiǎn	44
冽	liè	21
冾	qià	0
冿	jiān	116
净	jìng	1952
凁	sōu	0
凂	měi	0
凃	tú	0
凄	qī	155
凅	gù	0
准	zhǔn	3672
凇	sōng	121
凈	jìng	9
凉	liáng	1622
凊	qìng	0
凋	diāo	79
凌	líng	370
凍	dòng	8
凎	gàn	0
减	jiǎn	2112
凐	yīn	0
凑	còu	1396
凒	ái	3
凓	lì	0
凔	chuàng	2
凕	mǐng	0
凖	zhǔn	18
凗	cuī	7
凘	sī	2
凙	duó	0
凚	jìn	0
凛	lǐn	479
凜	lǐn	0
凝	níng	871
凞	xī	3
凟	dú	0
几	jǐ	8320
凡	fán	5431
凢	fán	0
凣	fán	0
凤	fèng	916
凥	jū	0
処	chǔ	4
凧	zhēng	0
凨	fēng	2
凩	mù	0
凪	zhǐ	0
凫	fú	49
凬	fēng	0
凭	píng	5717
凮	fēng	7
凯	kǎi	365
凰	huáng	125
凱	kǎi	0
凲	gān	0
凳	dèng	415
凴	píng	0
凵	qiǎn	28
凶	xiōng	1674
凷	kuài	0
凸	tū	565
凹	āo	659
出	chū	85847
击	jī	4400
凼	dàng	77
函	hán	543
凾	hán	0
凿	záo	1011
刀	dāo	9271
刁	diāo	108
刂	dāo	208
刃	rèn	1027
刄	rèn	27
刅	chuāng	0
分	fēn	34660
切	qiē	3026
刈	yì	155
刉	jī	0
刊	kān	564
刋	qiàn	0
刌	cǔn	0
刍	chú	77
刎	wěn	24
刏	jī	0
刐	dǎn	0
刑	xíng	1618
划	huà	2513
刓	wán	6
刔	jué	0
刕	lí	106
刖	yuè	77
列	liè	5778
刘	liú	5839
则	zé	32160
刚	gāng	9881
创	chuàng	2757
刜	fú	4
初	chū	14072
刞	qù	37
刟	diāo	0
删	shān	207
刡	mǐn	3
刢	líng	0
刣	zhōng	0
判	pàn	1330
別	bié	21
刦	jié	0
刧	jié	0
刨	páo	615
利	lì	5167
刪	shān	0
别	bié	14132
刬	chǎn	2
刭	jǐng	8
刮	guā	1317
刯	gēng	0
到	dào	205341
刱	chuàng	0
刲	kuī	0
刳	kū	12
刴	duò	0
刵	èr	0
制	zhì	11750
刷	shuā	1990
券	quàn	508
刹	shā	228
刺	cì	7172
刻	kè	2524
刼	jié	4
刽	guì	17
刾	cì	0
刿	guì	10
剀	kǎi	17
剁	duò	817
剂	jì	1615
剃	tì	538
剄	jǐng	2
剅	lóu	2048
剆	luǒ	0
則	zé	5
剈	yuān	0
剉	cuò	5860
削	xuē	1411
剋	kè	10
剌	lá	962
前	qián	62779
剎	shā	32
剏	chuàng	0
剐	guǎ	232
剑	jiàn	12553
剒	cuò	9
剓	lí	0
剔	tī	130
剕	fèi	12
剖	pōu	256
剗	chǎn	0
剘	qí	0
剙	chuàng	0
剚	zì	6
剛	gāng	5
剜	wān	175
剝	bō	0
剞	jī	2
剟	duō	6
剠	qíng	14
剡	shàn	24
剢	dū	23
剣	jiàn	0
剤	jì	44
剥	bō	1020
剦	yān	14
剧	jù	1769
剨	huō	5
剩	shèng	1852
剪	jiǎn	1601
剫	duó	0
剬	duān	0
剭	wū	0
剮	guǎ	2
副	fù	33113
剰	shèng	363
剱	jiàn	0
割	gē	1826
剳	dá	69
剴	kǎi	2
創	chuàng	0
剶	chuān	0
剷	chǎn	10
剸	tuán	19
剹	lù	3
剺	lí	7
剻	pěng	8
剼	shān	88
剽	piāo	31
剾	kōu	0
剿	jiǎo	749
劀	guā	0
劁	qiāo	21
劂	jué	2
劃	huà	0
劄	zhā	23
劅	zhuó	143
劆	lián	0
劇	jù	0
劈	pī	1492
劉	liú	0
劊	guì	23
劋	jiǎo	8
劌	guì	0
劍	jiàn	338
劎	jiàn	9
劏	tāng	0
劐	huō	0
劑	jì	0
劒	jiàn	0
劓	yì	54
劔	jiàn	0
劕	zhì	0
劖	chán	7
劗	jiǎn	0
劘	mó	9
劙	lí	16
劚	zhú	36
力	lì	10777
劜	yà	0
劝	quàn	3543
办	bàn	10314
功	gōng	5641
加	jiā	11537
务	wù	1342
劢	mài	19
劣	liè	349
劤	jìn	0
劥	kēng	0
劦	xié	2
劧	zhǐ	586
动	dòng	12509
助	zhù	2127
努	nǔ	460
劫	jié	1284
劬	qú	87
劭	shào	24
劮	yì	0
劯	zhū	143
劰	mò	0
励	lì	140
劲	jìn	3175
劳	láo	1106
労	láo	0
劵	juàn	2
劶	kǒu	0
劷	yáng	0
劸	wā	2
効	xiào	195
劺	móu	0
劻	kuāng	407
劼	jié	8
劽	liè	0
劾	hé	199
势	shì	5320
勀	kè	0
勁	jìn	0
勂	gào	0
勃	bó	420
勄	mǐn	0
勅	chì	4
勆	láng	0
勇	yǒng	1873
勈	yǒng	0
勉	miǎn	138
勊	kè	0
勋	xūn	531
勌	juàn	4
勍	qíng	0
勎	lù	0
勏	bù	0
勐	měng	53
勑	chì	0
勒	lēi	1818
勓	kài	0
勔	miǎn	20
動	dòng	0
勖	xù	43
勗	xù	37
勘	kān	460
務	wù	0
勚	yì	0
勛	xūn	0
勜	wěng	0
勝	shèng	2
勞	láo	0
募	mù	386
勠	lù	3
勡	piào	0
勢	shì	0
勣	jī	31
勤	qín	676
勥	jiàng	0
勦	chāo	0
勧	quàn	0
勨	xiàng	49
勩	yì	292
勪	jué	783
勫	fān	1631
勬	juān	1297
勭	tóng	714
勮	jù	797
勯	dān	757
勰	xié	52
勱	mài	0
勲	xūn	0
勳	xūn	0
勴	lǜ	0
勵	lì	0
勶	chè	437
勷	ráng	0
勸	quàn	0
勹	bāo	0
勺	sháo	342
勻	yún	2
勼	jiū	0
勽	bào	0
勾	gōu	1700
勿	wù	1003
匀	yún	423
匁	wén	0
匂	xiōng	3
匃	gài	0
匄	gài	0
包	bāo	5289
匆	cōng	114
匇	yì	0
匈	xiōng	312
匉	pēng	0
匊	jū	0
匋	táo	12
匌	gé	0
匍	pú	45
匎	è	0
匏	páo	41
匐	fú	39
匑	gōng	0
匒	dá	0
匓	jiù	0
匔	gōng	0
匕	bǐ	113
化	huà	7067
北	běi	17860
匘	nǎo	0
匙	shi	186
匚	fāng	51
匛	jiù	0
匜	yí	7
匝	zā	198
匞	jiàng	0
匟	kàng	0
匠	jiàng	728
匡	kuāng	309
匢	hū	0
匣	xiá	496
匤	qū	0
匥	fán	0
匦	guǐ	172
匧	qiè	0
匨	zāng	0
匩	kuāng	0
匪	fěi	627
匫	hū	0
匬	yǔ	7
匭	guǐ	36
匮	kuì	88
匯	huì	0
匰	dān	0
匱	guì	0
匲	lián	0
匳	lián	0
匴	suǎn	2
匵	dú	0
匶	jiù	0
匷	jué	0
匸	xì	0
匹	pǐ	1013
区	qū	24952
医	yī	1040
匼	kē	12
匽	yǎn	8
匾	biǎn	764
匿	nì	114
區	qū	0
十	shí	7926
卂	xùn	51
千	qiān	3728
卄	niàn	0
卅	sà	33
卆	zú	0
升	shēng	4813
午	wǔ	897
卉	huì	37
半	bàn	8201
卋	shì	0
卌	xì	2
卍	wàn	4
华	huá	4364
协	xié	590
卐	wàn	3
卑	bēi	644
卒	zú	4428
卓	zhuó	410
協	xié	0
单	dān	5823
卖	mài	7578
南	nán	24296
単	dān	0
卙	jí	6
博	bó	774
卛	shuài	0
卜	bo	810
卝	kuàng	0
卞	biàn	1252
卟	bǔ	108
占	zhàn	25139
卡	kǎ	2991
卢	lú	801
卣	yǒu	135
卤	lǔ	778
卥	xī	0
卦	guà	1095
卧	wò	1050
卨	xiè	8
卩	jié	2
卪	jié	0
卫	wèi	1650
卬	áng	25
卭	qióng	0
卮	zhī	140
卯	mǎo	195
印	yìn	3458
危	wēi	609
卲	shào	0
即	jí	34677
却	què	61348
卵	luǎn	1546
卶	chǐ	0
卷	juǎn	5269
卸	xiè	955
卹	xù	0
卺	jǐn	4
卻	què	14
卼	wù	0
卽	jí	0
卾	è	0
卿	qīng	1123
厀	xī	11
厁	sān	0
厂	chǎng	5728
厃	wěi	0
厄	è	683
厅	tīng	4146
历	lì	1988
厇	zhé	0
厈	hǎn	0
厉	lì	272
厊	yǎ	0
压	yā	4586
厌	yàn	551
厍	shè	155
厎	dǐ	0
厏	zhǎ	0
厐	páng	2
厑	yá	4
厒	qiè	0
厓	yá	29
厔	zhì	70
厕	cè	141
厖	páng	55
厗	tí	3
厘	lí	428
厙	shè	0
厚	hòu	4878
厛	tīng	194
厜	zuī	147
厝	cuò	74
厞	fèi	4
原	yuán	16926
厠	cè	59
厡	yuán	17
厢	xiāng	462
厣	yǎn	82
厤	lì	51
厥	jué	291
厦	shà	274
厧	diān	18
厨	chú	401
厩	jiù	89
厪	jǐn	0
厫	áo	13
厬	guǐ	4
厭	yàn	86
厮	sī	1249
厯	lì	0
厰	chǎng	20
厱	lán	4
厲	lì	3
厳	yán	0
厴	yǎn	0
厵	yuán	0
厶	sī	47
厷	gōng	168
厸	lín	0
厹	róu	7
厺	qù	4
去	qù	123402
厼	ěr	4
厽	lěi	0
厾	dū	0
县	xiàn	25322
叀	zhuān	0
叁	sān	28
参	cān	2849
參	cān	31
叄	cān	0
叅	cān	2
叆	ài	127
叇	dài	8
又	yòu	150749
叉	chā	1397
及	jí	49988
友	yǒu	1271
双	shuāng	8395
反	fǎn	13500
収	shōu	83
叏	guài	130
叐	bá	0
发	fā	16840
叒	ruò	0
叓	shì	211
叔	shū	2571
叕	zhuó	68
取	qǔ	10965
受	shòu	25796
变	biàn	12121
叙	xù	1386
叚	jiǎ	69
叛	pàn	625
叜	sǒu	13
叝	jí	0
叞	wèi	223
叟	sǒu	94
叠	dié	914
叡	ruì	121
叢	cóng	0
口	kǒu	20778
古	gǔ	8464
句	jù	6294
另	lìng	22635
叧	guǎ	127
叨	dāo	218
叩	kòu	1148
只	zhǐ	101442
叫	jiào	43431
召	zhào	1561
叭	bā	298
叮	dīng	529
可	kě	95892
台	tái	16964
叱	chì	410
史	shǐ	7637
右	yòu	9451
叴	qiú	52
叵	pǒ	142
叶	yè	4617
号	hào	44621
司	sī	5271
叹	tàn	4144
叺	chǐ	210
叻	lè	49
叼	diāo	216
叽	jī	109
叾	liǎo	184
叿	hōng	39
吀	miē	18
吁	xū	319
吂	máng	20
吃	chī	36799
各	gè	44807
吅	xuān	3
吆	yāo	158
吇	zǐ	52
合	hé	9453
吉	jí	2590
吊	diào	1450
吋	cùn	60
同	tóng	37578
名	míng	26255
后	hòu	124793
吏	lì	781
吐	tǔ	2930
向	xiàng	75979
吒	zhā	34
吓	xià	4156
吔	yě	7
吕	lǚ	935
吖	yā	21
吗	ma	21245
吘	ǒu	43
吙	huō	52
吚	yī	0
君	jūn	3153
吜	chǒu	3
吝	lìn	25
吞	tūn	1112
吟	yín	614
吠	fèi	267
吡	bǐ	86
吢	qìn	0
吣	qìn	34
吤	jiè	0
吥	bù	5
否	fǒu	1000
吧	ba	25526
吨	dūn	5810
吩	fēn	39
吪	é	0
含	hán	6950
听	tīng	45776
吭	kēng	269
吮	shǔn	163
启	qǐ	1279
吰	hóng	0
吱	zhī	425
吲	yǐn	20
吳	wú	0
吴	wú	7711
吵	chǎo	1045
吶	nà	22
吷	xuè	0
吸	xī	2556
吹	chuī	4119
吺	dōu	0
吻	wěn	2502
吼	hǒu	1077
吽	hōng	12
吾	wú	3250
吿	gào	4
呀	ya	9580
呁	jùn	0
呂	lǚ	0
呃	è	171
呄	gé	0
呅	méi	0
呆	dāi	4383
呇	qǐ	0
呈	chéng	8976
呉	wú	0
告	gào	3737
呋	fū	55
呌	jiào	0
呍	hōng	0
呎	chǐ	109
呏	shēng	0
呐	nà	431
呑	tūn	2
呒	wǔ	57
呓	yì	32
呔	dāi	33
呕	ǒu	289
呖	lì	29
呗	bei	255
员	yuán	5970
呙	guō	19
呚	wen	0
呛	qiāng	679
呜	wū	971
呝	è	0
呞	shī	0
呟	juǎn	3
呠	pěn	2
呡	wěn	0
呢	ne	28623
呣	ḿ	4
呤	lìng	54
呥	rán	0
呦	yōu	154
呧	dǐ	0
周	zhōu	8326
呩	shì	0
呪	zhòu	9
呫	tiè	59
呬	xì	254
呭	yì	437
呮	qì	309
呯	píng	229
呰	zǐ	576
呱	gū	81
呲	cī	57
味	wèi	4348
呴	xǔ	179
呵	hē	2416
呶	náo	104
呷	gā	217
呸	pēi	556
呹	yì	0
呺	xiāo	0
呻	shēn	6
呼	hū	3306
命	mìng	11603
呾	dá	3
呿	qù	0
咀	jǔ	847
咁	gàn	0
咂	zā	136
咃	tuō	205
咄	duō	175
咅	pǒu	2
咆	páo	9
咇	bié	2
咈	fú	0
咉	yāng	0
咊	hé	0
咋	zǎ	1409
和	hé	555815
咍	hāi	3
咎	jiù	184
咏	yǒng	615
咐	fù	45
咑	dā	0
咒	zhòu	449
咓	wǎ	0
咔	kā	149
咕	gū	250
咖	kā	37
咗	zuo	0
咘	bù	0
咙	lóng	9
咚	dōng	291
咛	níng	56
咜	ta	0
咝	sī	142
咞	xiàn	0
咟	huò	0
咠	qì	0
咡	èr	0
咢	è	0
咣	guāng	110
咤	zhà	18
咥	xì	2
咦	yí	823
咧	liě	668
咨	zī	161
咩	miē	56
咪	mī	410
咫	zhǐ	7
咬	yǎo	3558
咭	jī	140
咮	zhòu	0
咯	gē	425
咰	shù	0
咱	zán	4884
咲	xiào	0
咳	ké	806
咴	huī	50
咵	kuǎ	5
咶	huài	2
咷	táo	3
咸	xián	440
咹	è	7
咺	xuǎn	0
咻	xiū	27
咼	guō	2
咽	yàn	1093
咾	lǎo	3
咿	yī	51
哀	āi	695
品	pǐn	2278
哂	shěn	195
哃	tóng	2
哄	hǒng	1881
哅	xiōng	0
哆	duō	145
哇	wa	1045
哈	hā	2482
哉	zāi	679
哊	yòu	2541
哋	diè	0
哌	pài	37
响	xiǎng	5346
哎	āi	1282
哏	gén	26
哐	kuāng	122
哑	yǎ	639
哒	dá	297
哓	xiāo	11
哔	bì	20
哕	huì	81
哖	nián	2
哗	huā	701
哘	xing	0
哙	kuài	22
哚	duǒ	2
哛	fēn	0
哜	jì	13
哝	nóng	110
哞	mōu	17
哟	yō	1341
哠	hào	28
員	yuán	5
哢	lòng	0
哣	pǒu	0
哤	máng	0
哥	gē	4609
哦	ó	3470
哧	chī	200
哨	shào	1638
哩	lī	4421
哪	nǎ	12138
哫	zú	0
哬	hé	0
哭	kū	7478
哮	xiāo	39
哯	xiàn	0
哰	láo	0
哱	bō	44
哲	zhé	515
哳	zhā	18
哴	liàng	0
哵	bā	149
哶	miē	0
哷	liè	0
哸	suī	0
哹	fú	0
哺	bǔ	172
哻	hān	7
哼	hēng	3113
哽	gěng	76
哾	shuō	0
哿	gě	20
唀	yòu	0
唁	yàn	15
唂	gū	0
唃	gǔ	8
唄	bei	5
唅	hán	0
唆	suō	276
唇	chún	890
唈	yì	0
唉	āi	2420
唊	jiá	0
唋	tū	0
唌	xián	0
唍	wǎn	0
唎	lì	7
唏	xī	50
唐	táng	4769
唑	zuò	89
唒	qiú	0
唓	chē	0
唔	wú	476
唕	zào	0
唖	yǎ	2
唗	dōu	0
唘	qǐ	0
唙	dí	3
唚	qìn	0
唛	mà	0
唜	mò	0
唝	gòng	0
唞	dǒu	4
唟	qù	0
唠	láo	44
唡	liǎng	0
唢	suǒ	3
唣	zào	18
唤	huàn	1625
唥	lang	0
唦	shā	0
唧	jī	15
唨	zǔ	17
唩	wō	0
唪	fěng	4
唫	jìn	3
唬	hǔ	723
唭	qì	0
售	shòu	803
唯	wéi	997
唰	shuā	176
唱	chàng	4365
唲	ér	8
唳	lì	42
唴	qiàng	71
唵	ǎn	33
唶	zé	3
唷	yō	268
唸	niàn	5
唹	yū	17
唺	tiǎn	36
唻	lài	25
唼	shà	7
唽	xī	3
唾	tuò	165
唿	hū	47
啀	ái	240
啁	zhāo	20
啂	nǒu	2
啃	kěn	664
啄	zhuó	476
啅	zhuó	9
商	shāng	3853
啇	dì	0
啈	hēng	0
啉	lín	37
啊	a	21810
啋	cǎi	49
啌	xiāng	0
啍	tūn	0
啎	wǔ	2
問	wèn	3
啐	cuì	240
啑	shà	6
啒	gǔ	50
啓	qǐ	41
啔	qǐ	0
啕	táo	4
啖	dàn	52
啗	dàn	750
啘	yè	45
啙	zǐ	3
啚	bǐ	0
啛	cuì	38
啜	chuài	80
啝	hé	5
啞	yǎ	0
啟	qǐ	0
啠	zhé	0
啡	fēi	47
啢	liǎng	9
啣	xián	13
啤	pí	170
啥	shá	3651
啦	la	9891
啧	zé	66
啨	yīng	0
啩	guà	0
啪	pā	829
啫	zhě	15
啬	sè	78
啭	zhuàn	23
啮	niè	48
啯	guō	35
啰	luō	275
啱	yán	2
啲	dī	7
啳	quán	0
啴	chǎn	0
啵	bō	141
啶	dìng	27
啷	lāng	457
啸	xiào	346
啹	jú	40
啺	táng	13
啻	chì	61
啼	tí	263
啽	án	0
啾	jiū	169
啿	dàn	60
喀	kā	1472
喁	yóng	49
喂	wèi	2208
喃	nán	47
善	shàn	5835
喅	yù	100
喆	zhé	21
喇	lǎ	775
喈	jiē	4
喉	hóu	599
喊	hǎn	4712
喋	dié	51
喌	zhōu	57
喍	chái	0
喎	wāi	97
喏	nuò	320
喐	yù	0
喑	yīn	39
喒	zá	0
喓	yāo	3
喔	ō	119
喕	miǎn	4
喖	hú	0
喗	yǔn	0
喘	chuǎn	833
喙	huì	273
喚	huàn	4
喛	huàn	2
喜	xǐ	7380
喝	hē	10053
喞	jī	0
喟	kuì	74
喠	zhǒng	0
喡	wéi	0
喢	shà	0
喣	xǔ	0
喤	huáng	3
喥	duó	0
喦	niè	17
喧	xuān	236
喨	liàng	16
喩	yù	0
喪	sàng	0
喫	chī	0
喬	qiáo	0
喭	yàn	0
單	dān	0
喯	pèn	0
喰	cān	0
喱	lí	8
喲	yō	0
喳	zhā	65
喴	wēi	0
喵	miāo	547
営	yíng	0
喷	pēn	1274
喸	bǔ	0
喹	kuí	42
喺	xí	0
喻	yù	299
喼	jiē	0
喽	lóu	290
喾	kù	57
喿	zào	0
嗀	hù	0
嗁	tí	0
嗂	yáo	2
嗃	hè	0
嗄	á	109
嗅	xiù	460
嗆	qiāng	0
嗇	sè	0
嗈	yōng	0
嗉	sù	37
嗊	hǒng	0
嗋	xié	0
嗌	ài	66
嗍	suō	78
嗎	ma	0
嗏	chā	44
嗐	hài	585
嗑	kē	82
嗒	dā	321
嗓	sǎng	80
嗔	chēn	561
嗕	rù	868
嗖	sōu	210
嗗	wā	1112
嗘	jī	715
嗙	pǎng	363
嗚	wū	371
嗛	qiǎn	288
嗜	shì	497
嗝	gé	94
嗞	zī	6
嗟	jiē	333
嗠	lào	0
嗡	wēng	222
嗢	wà	5
嗣	sì	860
嗤	chī	1226
嗥	háo	46
嗦	suo	227
嗨	hāi	368
嗩	suǒ	0
嗪	qín	60
嗫	niè	37
嗬	hē	221
嗭	zhí	888
嗮	sài	0
嗯	ń	2213
嗰	gě	0
嗱	ná	0
嗲	diē	68
嗳	āi	404
嗴	qiāng	0
嗵	tōng	157
嗶	bì	2
嗷	áo	121
嗸	áo	0
嗹	lián	0
嗺	zuī	0
嗻	zhē	77
嗼	mò	0
嗽	sòu	271
嗾	sǒu	28
嗿	tǎn	0
嘀	dí	152
嘁	qī	97
嘂	jiào	0
嘃	chōng	0
嘄	jiāo	0
嘅	kǎi	0
嘆	tàn	0
嘇	shān	0
嘈	cáo	118
嘉	jiā	2623
嘊	ái	0
嘋	xiào	0
嘌	piào	66
嘍	lóu	0
嘎	gā	406
嘏	gǔ	31
嘐	xiāo	0
嘑	hū	0
嘒	huì	0
嘓	guō	0
嘔	ǒu	0
嘕	xiān	0
嘖	zé	0
嘗	cháng	0
嘘	xū	241
嘙	pó	0
嘚	dē	9
嘛	ma	3437
嘜	mà	0
嘝	hú	0
嘞	lei	57
嘟	dū	131
嘠	gā	0
嘡	tāng	19
嘢	yě	0
嘣	bēng	115
嘤	yīng	271
嘥	sāi	0
嘦	jiào	3
嘧	mì	44
嘨	xiào	0
嘩	huā	0
嘪	mǎi	0
嘫	rán	93
嘬	chuài	72
嘭	pēng	174
嘮	láo	0
嘯	xiào	5
嘰	jī	0
嘱	zhǔ	283
嘲	cháo	92
嘳	kuì	0
嘴	zuǐ	6654
嘵	xiāo	0
嘶	sī	408
嘷	háo	2
嘸	fǔ	0
嘹	liáo	14
嘺	qiáo	0
嘻	xī	742
嘼	chù	2
嘽	chǎn	0
嘾	dàn	12
嘿	hēi	481
噀	xùn	55
噁	ě	12
噂	zǔn	0
噃	fān	0
噄	chī	0
噅	huī	0
噆	zǎn	0
噇	chuáng	3
噈	cù	0
噉	dàn	3
噊	yù	0
噋	tūn	0
噌	cēng	65
噍	jiào	9
噎	yē	209
噏	xī	0
噐	qì	0
噑	háo	2
噒	lián	0
噓	xū	0
噔	dēng	100
噕	huī	4
噖	yín	0
噗	pū	445
噘	juē	77
噙	qín	212
噚	xún	0
噛	niè	0
噜	lū	102
噝	sī	0
噞	yǎn	0
噟	yìng	0
噠	dā	0
噡	zhān	0
噢	ō	814
噣	zhòu	21
噤	jìn	30
噥	nóng	0
噦	yuě	25
噧	xiè	13
器	qì	4219
噩	è	14
噪	zào	138
噫	yī	102
噬	shì	206
噭	jiào	12
噮	yuàn	0
噯	āi	61
噰	yōng	25
噱	jué	14
噲	kuài	2
噳	yǔ	18
噴	pēn	9
噵	dào	2
噶	gá	230
噷	hm	764
噸	dūn	232
噹	dāng	111
噺	xīn	79
噻	sāi	16
噼	pī	29
噽	pǐ	0
噾	yīn	59
噿	zuǐ	3
嚀	níng	0
嚁	dí	0
嚂	làn	4
嚃	tā	0
嚄	huō	0
嚅	rú	36
嚆	hāo	0
嚇	xià	15
嚈	yè	29
嚉	duō	0
嚊	pì	6
嚋	chóu	0
嚌	jì	14
嚍	jìn	0
嚎	háo	241
嚏	tì	16
嚐	cháng	0
嚑	xūn	348
嚒	mē	24
嚓	cā	158
嚔	tì	0
嚕	lǔ	7
嚖	huì	2
嚗	bó	2
嚘	yōu	0
嚙	niè	0
嚚	yín	0
嚛	hù	0
嚜	me	491
嚝	hōng	0
嚞	zhé	0
嚟	lí	40
嚠	liú	0
嚡	hai	0
嚢	náng	0
嚣	xiāo	91
嚤	mó	0
嚥	yàn	0
嚦	lì	133
嚧	lú	33
嚨	lóng	6
嚩	mó	15
嚪	dàn	0
嚫	chèn	245
嚬	pín	223
嚭	pǐ	629
嚮	xiàng	112
嚯	huò	37
嚰	mó	0
嚱	xì	2
嚲	duǒ	0
嚳	kù	7
嚴	yán	0
嚵	chán	0
嚶	yīng	0
嚷	rǎng	1136
嚸	diǎn	0
嚹	lá	0
嚺	tà	0
嚻	xiāo	0
嚼	jué	780
嚽	chuò	0
嚾	huān	0
嚿	huò	0
囀	zhuàn	0
囁	niè	0
囂	xiāo	0
囃	cà	0
囄	lí	0
囅	chǎn	0
囆	chài	0
囇	lì	0
囈	yì	0
囉	luō	0
囊	náng	1387
囋	zá	0
囌	sū	0
囍	xǐ	0
囎	zen	0
囏	jiān	2
囐	zá	0
囑	zhǔ	0
囒	lán	0
囓	niè	0
囔	nāng	12
囕	lǎn	0
囖	lo	0
囗	wéi	2
囘	huí	0
囙	yīn	0
囚	qiú	299
四	sì	19090
囜	nín	0
囝	jiǎn	2
回	huí	23572
囟	xìn	77
因	yīn	29186
囡	nān	15
团	tuán	6703
団	tuán	13
囤	dùn	127
囥	kàng	54
囦	yuān	243
囧	jiǒng	654
囨	piān	516
囩	yún	199
囪	cōng	182
囫	hú	2
囬	huí	113
园	yuán	1914
囮	é	4
囯	guó	0
困	kùn	1425
囱	cōng	24
囲	tōng	0
図	tú	0
围	wéi	4010
囵	lún	2
囶	guó	0
囷	qūn	146
囸	rì	0
囹	líng	2
固	gù	1724
囻	guó	0
囼	tāi	0
国	guó	29996
图	tú	12112
囿	yòu	114
圀	guó	0
圁	yín	0
圂	hùn	0
圃	pǔ	287
圄	yǔ	0
圅	hán	0
圆	yuán	3841
圇	lún	0
圈	quān	2645
圉	yǔ	92
圊	qīng	2
國	guó	10
圌	chuán	3
圍	wéi	0
圎	yuán	0
圏	quān	0
圐	kū	0
圑	pǔ	0
園	yuán	10
圓	yuán	2
圔	yà	0
圕	tú	0
圖	tú	5
圗	tú	12
團	tuán	2
圙	lüè	0
圚	huì	4
圛	yì	0
圜	huán	220
圝	luán	0
圞	luán	5
土	tǔ	8560
圠	yà	0
圡	tǔ	0
圢	tǐng	11
圣	shèng	3999
圤	pú	0
圥	lù	2
圦	kuài	0
圧	yā	3
在	zài	727915
圩	wéi	199
圪	gē	156
圫	yù	4
圬	wū	4
圭	guī	802
圮	pǐ	27
圯	yí	26
地	de	160541
圱	qiān	0
圲	qiān	0
圳	zhèn	28
圴	zhuó	0
圵	dàng	0
圶	qià	0
圷	xià	28
圸	shān	0
圹	kuàng	18
场	chǎng	11435
圻	qí	38
圼	niè	19
圽	mò	0
圾	jī	16
圿	jiá	0
址	zhǐ	548
坁	zhǐ	0
坂	bǎn	51
坃	xūn	231
坄	yì	0
坅	qǐn	0
坆	méi	8
均	jūn	20776
坈	rǒng	8
坉	tún	0
坊	fāng	1031
坋	bèn	3
坌	bèn	13
坍	tān	144
坎	kǎn	532
坏	huài	4624
坐	zuò	15447
坑	kēng	1440
坒	bì	2
坓	jǐng	0
坔	dì	2
坕	jīng	2
坖	jì	0
块	kuài	6749
坘	dǐ	2
坙	jīng	6
坚	jiān	1151
坛	tán	5158
坜	lì	0
坝	bà	919
坞	wù	354
坟	fén	1159
坠	zhuì	672
坡	pō	1606
坢	bàn	39
坣	táng	0
坤	kūn	1844
坥	qū	3
坦	tǎn	906
坧	zhī	7
坨	tuó	120
坩	gān	10
坪	píng	848
坫	diàn	8
坬	guà	0
坭	ní	23
坮	tái	2
坯	pī	139
坰	jiōng	0
坱	yǎng	0
坲	fó	0
坳	ào	71
坴	lù	0
坵	qiū	5
坶	mǔ	44
坷	kě	20
坸	gòu	0
坹	xuè	4
坺	bá	0
坻	chí	6
坼	chè	12
坽	líng	0
坾	zhù	0
坿	fù	0
垀	hū	2
垁	zhì	63
垂	chuí	2376
垃	lā	14
垄	lǒng	148
垅	lǒng	61
垆	lú	13
垇	ào	4
垈	dài	0
垉	páo	4
垊	min	18
型	xíng	13750
垌	dòng	0
垍	jì	5
垎	hè	345
垏	lǜ	60
垐	cí	22
垑	chǐ	2
垒	lěi	433
垓	gāi	149
垔	yīn	3
垕	hòu	43
垖	duī	11
垗	zhào	12
垘	fú	3
垙	guāng	69
垚	yáo	289
垛	duǒ	256
垜	duǒ	1663
垝	guǐ	58
垞	chá	2
垟	yáng	25
垠	yín	6
垡	fá	32
垢	gòu	196
垣	yuán	273
垤	dié	11
垥	xié	0
垦	kěn	262
垧	shǎng	7
垨	shǒu	57
垩	è	10
垪	bìng	20
垫	diàn	1008
垬	hóng	731
垭	yā	104
垮	kuǎ	1277
垯	da	59
垰	kǎ	54
垱	dàng	1547
垲	kǎi	0
垳	háng	0
垴	nǎo	4
垵	ǎn	52
垶	xīng	22
垷	xiàn	4
垸	yuàn	4893
垹	bāng	0
垺	fū	4
垻	bà	0
垼	yì	2
垽	yìn	18
垾	hàn	0
垿	xù	0
埀	chuí	0
埁	qín	16
埂	gěng	198
埃	āi	1678
埄	běng	62
埅	fáng	26
埆	què	158
埇	yǒng	43
埈	jùn	0
埉	jiā	8
埊	dì	0
埋	mái	2394
埌	làng	743
埍	juǎn	63
城	chéng	19953
埏	shān	3
埐	jīn	3
埑	zhé	12
埒	liè	19
埓	liè	17
埔	pǔ	69
埕	chéng	9
埖	huā	5
埗	bù	89
埘	shí	29
埙	xūn	49
埚	guō	0
埛	jiōng	72
埜	yě	21
埝	niàn	12
埞	dī	24
域	yù	1124
埠	bù	185
埡	yā	26
埢	quán	39
埣	suì	0
埤	pí	2
埥	qīng	15
埦	wǎn	0
埧	jù	42
埨	lǔn	0
埩	zhēng	0
埪	kōng	2
埫	chǒng	0
埬	dōng	2
埭	dài	26
埮	tàn	15
埯	ǎn	0
埰	cài	0
埱	chù	2
埲	běng	0
埳	kǎn	0
埴	zhí	2
埵	duǒ	8
埶	yì	0
執	zhí	5
埸	yì	3
培	péi	260
基	jī	3644
埻	zhǔn	0
埼	qí	2
埽	sào	146
埾	jù	0
埿	ní	0
堀	kū	7
堁	kè	0
堂	táng	3849
堃	kūn	47
堄	nì	0
堅	jiān	2
堆	duī	2470
堇	jǐn	48
堈	gāng	0
堉	yù	22
堊	è	0
堋	péng	99
堌	gù	2
堍	tù	5
堎	lèng	3
堏	fang	0
堐	yá	2
堑	qiàn	338
堒	kūn	0
堓	àn	0
堔	shēn	0
堕	duò	693
堖	nǎo	0
堗	tū	0
堘	chéng	0
堙	yīn	33
堚	hún	10
堛	bì	45
堜	liàn	360
堝	guō	1284
堞	dié	38
堟	zhuàn	413
堠	hòu	17
堡	bǎo	1491
堢	bǎo	284
堣	yú	254
堤	dī	1708
堥	máo	205
堦	jiē	0
堧	ruán	0
堨	yè	2
堩	gèng	0
堪	kān	767
堫	zōng	0
堬	yú	229
堭	huáng	0
堮	è	0
堯	yáo	0
堰	yàn	434
報	bào	10
堲	cí	0
堳	méi	0
場	chǎng	2
堵	dǔ	1193
堶	tuó	0
堷	yìn	0
堸	féng	0
堹	zhòng	0
堺	jiè	5
堻	jīn	0
堼	hèng	2
堽	gāng	0
堾	chūn	0
堿	jiǎn	0
塀	píng	0
塁	lěi	0
塂	xiàng	0
塃	huāng	0
塄	léng	50
塅	duàn	0
塆	wān	0
塇	xuān	0
塈	jì	0
塉	jí	0
塊	kuài	0
塋	yíng	0
塌	tā	722
塍	chéng	5
塎	yǒng	0
塏	kǎi	44
塐	sù	0
塑	sù	397
塒	shí	0
塓	mì	2
塔	tǎ	2987
塕	wěng	0
塖	chéng	22
塗	tú	0
塘	táng	875
塙	què	5
塚	zhǒng	4
塛	lì	0
塜	zhǒng	0
塝	bàng	0
塞	sāi	2906
塟	zàng	0
塠	duī	64
塡	tián	0
塢	wù	4
塣	zhèng	0
塤	xūn	0
塥	gé	0
塦	zhèn	0
塧	ài	0
塨	gōng	9
塩	yán	37
塪	kǎn	0
填	tián	1363
塬	yuán	186
塭	wēn	0
塮	xiè	0
塯	liù	7
塰	hǎi	0
塱	lǎng	0
塲	cháng	0
塳	péng	0
塴	bèng	72
塵	chén	10
塶	lù	2
塷	lǔ	2
塸	ōu	4
塹	qiàn	0
塺	méi	0
塻	mò	5
塼	zhuān	0
塽	shuǎng	493
塾	shú	47
塿	lǒu	0
墀	chí	14
墁	màn	6
墂	biāo	0
境	jìng	3916
墄	cè	0
墅	shù	18
墆	zhì	0
墇	zhàng	0
墈	kàn	0
墉	yōng	15
墊	diàn	18
墋	chěn	0
墌	zhí	0
墍	xì	233
墎	guō	4
墏	qiǎng	2
墐	jìn	0
墑	dì	5
墒	shāng	179
墓	mù	6535
墔	cuī	0
墕	yàn	7
墖	tǎ	43
増	zēng	3
墘	qián	0
墙	qiáng	5461
墚	liáng	2
墛	wèi	12
墜	zhuì	359
墝	qiāo	18
增	zēng	3054
墟	xū	387
墠	shàn	435
墡	shàn	28
墢	bá	0
墣	pú	5
墤	kuài	43
墥	dǒng	4
墦	fán	387
墧	què	17
墨	mò	1243
墩	dūn	1585
墪	dūn	0
墫	zūn	0
墬	dì	4
墭	shèng	19
墮	duò	703
墯	duò	0
墰	tán	34
墱	dèng	0
墲	mú	0
墳	fén	2
墴	huáng	0
墵	tán	4
墶	da	3
墷	yè	12
墸	zhù	11
墹	jiàn	5
墺	ào	12
墻	qiáng	3
墼	jī	16
墽	qiāo	37
墾	kěn	0
墿	yì	69
壀	pí	2
壁	bì	2300
壂	diàn	108
壃	jiāng	48
壄	yě	18
壅	yōng	98
壆	xué	5
壇	tán	238
壈	lǎn	16
壉	jù	0
壊	huài	145
壋	dàng	9
壌	rǎng	7
壍	qiàn	11
壎	xūn	9
壏	xiàn	0
壐	xǐ	0
壑	hè	179
壒	ài	142
壓	yā	25
壔	dǎo	0
壕	háo	411
壖	ruán	2
壗	jìn	0
壘	lěi	84
壙	kuàng	26
壚	lú	0
壛	yán	0
壜	tán	3
壝	wěi	0
壞	huài	0
壟	lǒng	0
壠	lǒng	0
壡	ruì	0
壢	lì	0
壣	lín	0
壤	rǎng	274
壥	chán	0
壦	xūn	0
壧	yán	0
壨	léi	0
壩	bà	0
壪	wān	0
士	shì	2429
壬	rén	176
壭	san	0
壮	zhuàng	1577
壯	zhuàng	0
声	shēng	15713
壱	yī	0
売	mài	0
壳	ké	2078
壴	zhù	0
壵	zhuàng	0
壶	hú	1392
壷	hú	5
壸	kǔn	4
壹	yī	31
壺	hú	0
壻	xù	0
壼	kǔn	0
壽	shòu	0
壾	mǎng	0
壿	zūn	0
夀	shòu	0
夁	yī	2
夂	zhǐ	53
夃	gǔ	0
处	chù	24967
夅	jiàng	0
夆	féng	19
备	bèi	2284
夈	zhāi	127
変	biàn	936
夊	suī	1170
夋	qūn	828
夌	líng	542
复	fù	6297
夎	cuò	601
夏	xià	5257
夐	xiòng	255
夑	xiè	0
夒	náo	0
夓	xià	0
夔	kuí	693
夕	xī	406
外	wài	35084
夗	yuàn	0
夘	mǎo	0
夙	sù	73
多	duō	98900
夛	duō	198
夜	yè	4020
夝	qíng	0
夞	wài	0
够	gòu	4088
夠	gòu	0
夡	qì	0
夢	mèng	2
夣	mèng	0
夤	yín	48
夥	huǒ	325
夦	chěn	0
大	dà	144099
夨	zè	16
天	tiān	35979
太	tài	24899
夫	fū	4074
夬	guài	2
夭	yāo	166
央	yāng	283
夯	hāng	254
夰	gǎo	0
失	shī	3661
夲	tāo	0
夳	tài	0
头	tóu	28177
夵	yǎn	0
夶	bǐ	2
夷	yí	1437
夸	kuā	870
夹	jiā	2875
夺	duó	3112
夻	huà	0
夼	kuǎng	6
夽	yǔn	0
夾	jiā	2
夿	bā	0
奀	ēn	0
奁	lián	99
奂	huàn	59
奃	dī	0
奄	yǎn	88
奅	pào	0
奆	juàn	0
奇	qí	4743
奈	nài	823
奉	fèng	4375
奊	xié	0
奋	fèn	377
奌	diǎn	2
奍	quān	0
奎	kuí	156
奏	zòu	4034
奐	huàn	0
契	qì	532
奒	kāi	0
奓	zhā	8
奔	bēn	6140
奕	yì	976
奖	jiǎng	3122
套	tào	4300
奘	zàng	31
奙	běn	0
奚	xī	201
奛	huǎng	0
奜	fěi	0
奝	diāo	0
奞	xùn	0
奟	bēng	0
奠	diàn	153
奡	ào	6
奢	shē	191
奣	wěng	0
奤	hǎ	39
奥	ào	2062
奦	wù	0
奧	ào	0
奨	jiǎng	0
奩	lián	0
奪	duó	0
奫	yūn	0
奬	jiǎng	0
奭	shì	89
奮	fèn	72
奯	huò	5
奰	bì	0
奱	luán	0
奲	duǒ	433
女	nǚ	27951
奴	nú	1434
奵	dǐng	0
奶	nǎi	1255
奷	qiān	0
奸	jiān	924
她	tā	134035
奺	jiǔ	0
奻	nuán	0
奼	chà	0
好	hǎo	92543
奾	xiān	0
奿	fàn	0
妀	jǐ	0
妁	shuò	0
如	rú	56065
妃	fēi	2472
妄	wàng	519
妅	hóng	2
妆	zhuāng	425
妇	fù	1200
妈	mā	5014
妉	dān	0
妊	rèn	67
妋	fū	0
妌	jìng	0
妍	yán	181
妎	hài	2
妏	wèn	13
妐	zhōng	0
妑	pā	0
妒	dù	194
妓	jì	438
妔	kēng	0
妕	zhòng	0
妖	yāo	2505
妗	jìn	303
妘	yún	11
妙	miào	2149
妚	fǒu	0
妛	chī	0
妜	yuè	0
妝	zhuāng	0
妞	niū	205
妟	yàn	0
妠	nà	0
妡	xīn	0
妢	fén	0
妣	bǐ	6
妤	yú	104
妥	tuǒ	828
妦	fēng	0
妧	wàn	17
妨	fáng	100
妩	wǔ	0
妪	yù	18
妫	guī	237
妬	dù	3
妭	bá	38
妮	nī	515
妯	zhóu	70
妰	zhuó	0
妱	zhāo	13
妲	dá	22
妳	nǐ	29
妴	yuàn	3
妵	tǒu	0
妶	xián	6
妷	zhí	0
妸	ē	431
妹	mèi	956
妺	mò	3
妻	qī	1623
妼	bì	0
妽	shēn	66
妾	qiè	1023
妿	ē	0
姀	hé	0
姁	xǔ	10
姂	fá	5
姃	zhēng	8
姄	mín	41
姅	bàn	0
姆	mǔ	1234
姇	fū	61
姈	líng	16
姉	zǐ	117
姊	zǐ	4076
始	shǐ	4321
姌	rǎn	25
姍	shān	0
姎	yāng	14
姏	mán	209
姐	jiě	1301
姑	gū	1684
姒	sì	94
姓	xìng	7240
委	wěi	1495
姕	zī	0
姖	jù	7
姗	shān	38
姘	pīn	526
姙	rèn	53
姚	yáo	476
姛	dòng	65
姜	jiāng	1053
姝	shū	983
姞	jí	131
姟	gāi	94
姠	xiàng	13
姡	huá	11
姢	juān	46
姣	jiāo	389
姤	gòu	138
姥	lǎo	735
姦	jiān	48
姧	jiān	0
姨	yí	343
姩	niàn	322
姪	zhí	30
姫	jī	6
姬	jī	380
姭	xiàn	8
姮	héng	58
姯	guāng	2
姰	jūn	0
姱	kuā	43
姲	yàn	0
姳	mǐng	115
姴	liè	40
姵	pèi	31
姶	è	0
姷	yòu	14
姸	yán	25
姹	chà	810
姺	shēn	2
姻	yīn	108
姼	shí	0
姽	guǐ	29
姾	quán	0
姿	zī	313
娀	sōng	4
威	wēi	1913
娂	hóng	5
娃	wá	1783
娄	lóu	118
娅	yà	68
娆	ráo	393
娇	jiāo	652
娈	luán	133
娉	pīng	664
娊	xiàn	24
娋	shào	0
娌	lǐ	951
娍	chéng	99
娎	xiè	0
娏	máng	0
娐	fū	0
娑	suō	813
娒	méi	0
娓	wěi	246
娔	kè	0
娕	chuò	0
娖	chuò	3
娗	tǐng	0
娘	niáng	3971
娙	xíng	2
娚	nán	0
娛	yú	0
娜	nà	1054
娝	pōu	0
娞	něi	0
娟	juān	1162
娠	shēn	22
娡	zhì	173
娢	hán	0
娣	dì	228
娤	zhuāng	0
娥	é	1643
娦	pín	0
娧	tuì	0
娨	xiàn	0
娩	miǎn	53
娪	wú	0
娫	yán	0
娬	wǔ	0
娭	āi	2
娮	yán	0
娯	yú	0
娰	sì	0
娱	yú	95
娲	wā	489
娳	lì	0
娴	xián	564
娵	jū	0
娶	qǔ	2162
娷	zhuì	0
娸	qī	0
娹	xián	0
娺	zhuó	0
娻	dōng	0
娼	chāng	136
娽	lù	2
娾	ǎi	21
娿	ē	122
婀	ē	109
婁	lóu	332
婂	mián	564
婃	cóng	414
婄	pǒu	267
婅	jú	235
婆	pó	715
婇	cǎi	146
婈	líng	0
婉	wǎn	193
婊	biǎo	255
婋	xiāo	0
婌	shú	2
婍	qǐ	4
婎	huī	0
婏	fàn	355
婐	wǒ	0
婑	ruí	0
婒	tán	2
婓	fēi	0
婔	fēi	0
婕	jié	127
婖	tiān	0
婗	ní	0
婘	quán	0
婙	jìng	0
婚	hūn	2941
婛	jīng	0
婜	qiān	0
婝	diàn	0
婞	xìng	0
婟	hù	0
婠	wān	0
婡	lái	0
婢	bì	520
婣	yīn	0
婤	chōu	0
婥	chuò	0
婦	fù	0
婧	jìng	78
婨	lún	0
婩	àn	0
婪	lán	23
婫	kūn	0
婬	yín	0
婭	yà	0
婮	jū	0
婯	lì	0
婰	diǎn	2
婱	xián	0
婲	huā	509
婳	huà	16
婴	yīng	523
婵	chán	95
婶	shěn	1428
婷	tíng	132
婸	dàng	0
婹	yǎo	0
婺	wù	53
婻	nàn	2
婼	chuò	27
婽	jiǎ	66
婾	tōu	0
婿	xù	187
媀	yù	0
媁	wéi	10
媂	dì	0
媃	róu	0
媄	měi	0
媅	dān	0
媆	ruǎn	0
媇	qīn	0
媈	huī	0
媉	wò	4
媊	qián	0
媋	chūn	7
媌	miáo	0
媍	fù	0
媎	jiě	0
媏	duān	0
媐	yí	0
媑	zhòng	0
媒	méi	515
媓	huáng	0
媔	mián	0
媕	ān	0
媖	yīng	14
媗	xuān	0
媘	jiē	0
媙	wēi	0
媚	mèi	267
媛	yuàn	112
媜	zhēng	2
媝	qiū	0
媞	shì	0
媟	xiè	0
媠	tuǒ	9
媡	liàn	0
媢	mào	0
媣	rǎn	0
媤	sī	0
媥	piān	0
媦	wèi	2
媧	wā	0
媨	cù	0
媩	hú	0
媪	ǎo	38
媫	jié	0
媬	bǎo	0
媭	xū	2
媮	tōu	0
媯	guī	11
媰	chú	14
媱	yáo	6
媲	pì	21
媳	xí	134
媴	yuán	67
媵	yìng	7
媶	róng	2
媷	rù	39
媸	chī	73
媹	liú	6
媺	měi	61
媻	pán	0
媼	ǎo	4
媽	mā	2
媾	gòu	45
媿	kuì	34
嫀	qín	11
嫁	jià	2308
嫂	sǎo	806
嫃	zhēn	17
嫄	yuán	21
嫅	jiē	3
嫆	róng	22
嫇	míng	0
嫈	yīng	22
嫉	jí	234
嫊	sù	0
嫋	niǎo	15
嫌	xián	1710
嫍	tāo	144
嫎	páng	7
嫏	láng	5
嫐	nǎo	0
嫑	báo	32
嫒	ài	28
嫓	pì	14
嫔	pín	130
嫕	yì	0
嫖	piáo	163
嫗	yù	3
嫘	léi	25
嫙	xuán	13
嫚	mān	34
嫛	yī	5
嫜	zhāng	11
嫝	kāng	9
嫞	yōng	3
嫟	nì	22
嫠	lí	38
嫡	dí	266
嫢	guī	95
嫣	yān	958
嫤	jǐn	66
嫥	zhuān	8
嫦	cháng	41
嫧	zé	7
嫨	hān	42
嫩	nèn	2055
嫪	lào	33
嫫	mó	28
嫬	zhē	0
嫭	hù	91
嫮	hù	4
嫯	ào	0
嫰	nèn	2
嫱	qiáng	28
嫲	ma	0
嫳	piè	268
嫴	gū	0
嫵	wǔ	20
嫶	qiáo	0
嫷	tuǒ	0
嫸	zhǎn	2
嫹	miáo	0
嫺	xián	0
嫻	xián	0
嫼	mò	2
嫽	liáo	0
嫾	lián	29
嫿	huà	10
嬀	guī	29
嬁	dēng	46
嬂	zhí	0
嬃	xū	0
嬄	yī	0
嬅	huà	0
嬆	xī	0
嬇	kuì	0
嬈	ráo	0
嬉	xī	138
嬊	yàn	0
嬋	chán	2
嬌	jiāo	0
嬍	měi	0
嬎	fàn	4
嬏	fān	0
嬐	xiān	0
嬑	yì	0
嬒	huì	0
嬓	jiào	0
嬔	fù	0
嬕	shì	0
嬖	bì	148
嬗	shàn	51
嬘	suì	0
嬙	qiáng	0
嬚	liǎn	4
嬛	huán	12
嬜	xīn	0
嬝	niǎo	9
嬞	dǒng	0
嬟	yì	0
嬠	cān	2
嬡	ài	0
嬢	niáng	2
嬣	níng	0
嬤	mā	2
嬥	tiǎo	0
嬦	chóu	0
嬧	jìn	10
嬨	cí	143
嬩	yú	662
嬪	pín	1019
嬫	róng	778
嬬	rú	352
嬭	nǎi	302
嬮	yān	334
嬯	tái	0
嬰	yīng	0
嬱	qiàn	0
嬲	niǎo	46
嬳	yuè	0
嬴	yíng	64
嬵	mián	0
嬶	bí	466
嬷	mā	60
嬸	shěn	0
嬹	xìng	0
嬺	nì	0
嬻	dú	0
嬼	liǔ	0
嬽	yuān	0
嬾	lǎn	4
嬿	yàn	0
孀	shuāng	94
孁	líng	0
孂	jiǎo	0
孃	niáng	2
孄	lǎn	0
孅	qiān	0
孆	yīng	2
孇	shuāng	0
孈	huì	6
孉	quán	0
孊	mǐ	2
孋	lí	0
孌	luán	0
孍	yán	0
孎	zhú	30
孏	lǎn	0
子	zi	19089
孑	jié	23
孒	jué	0
孓	jué	0
孔	kǒng	3142
孕	yùn	425
孖	mā	6
字	zì	20380
存	cún	3981
孙	sūn	4645
孚	fú	73
孛	bèi	252
孜	zī	200
孝	xiào	1863
孞	xìn	6
孟	mèng	884
孠	sì	0
孡	tāi	0
孢	bāo	149
季	jì	1619
孤	gū	1973
孥	nú	30
学	xué	17482
孧	yòu	0
孨	zhuǎn	156
孩	hái	216
孪	luán	63
孫	sūn	3
孬	nāo	57
孭	miē	5
孮	cóng	5
孯	qiān	0
孰	shú	299
孱	càn	13
孲	yā	33
孳	zī	364
孴	nǐ	437
孵	fū	147
孶	zī	0
孷	lí	0
學	xué	6
孹	bò	0
孺	rú	85
孻	nái	0
孼	niè	0
孽	niè	256
孾	yīng	99
孿	luán	0
宀	mián	215
宁	níng	1791
宂	rǒng	0
它	tā	60864
宄	guǐ	84
宅	zhái	904
宆	qióng	0
宇	yǔ	548
守	shǒu	5648
安	ān	8837
宊	tū	22
宋	sòng	4976
完	wán	13042
宍	ròu	0
宎	yǎo	0
宏	hóng	793
宐	yí	7
宑	jǐng	15
宒	zhūn	0
宓	mì	146
宔	zhǔ	7
宕	dàng	205
宖	hóng	0
宗	zōng	3281
官	guān	12197
宙	zhòu	56
定	dìng	15882
宛	wǎn	241
宜	yí	3533
宝	bǎo	4496
实	shí	7258
実	shí	2
宠	chǒng	821
审	shěn	2723
客	kè	4415
宣	xuān	1289
室	shì	4562
宥	yòu	210
宦	huàn	243
宧	yí	0
宨	tiǎo	0
宩	shǐ	2
宪	xiàn	287
宫	gōng	6360
宬	chéng	14
宭	qún	4
宮	gōng	17
宯	xiāo	0
宰	zǎi	798
宱	zhà	4
宲	bǎo	0
害	hài	3654
宴	yàn	975
宵	xiāo	317
家	jiā	41022
宷	shěn	4
宸	chén	1027
容	róng	2640
宺	huǎng	0
宻	mì	0
宼	kòu	0
宽	kuān	9081
宾	bīn	565
宿	sù	868
寀	cǎi	36
寁	zǎn	0
寂	jì	211
寃	yuān	9
寄	jì	2577
寅	yín	116
密	mì	3911
寇	kòu	425
寈	qīng	6
寉	hè	0
寊	zhēn	0
寋	jiàn	0
富	fù	2682
寍	níng	0
寎	bìng	3
寏	huán	0
寐	mèi	133
寑	qǐn	6
寒	hán	2011
寓	yù	657
寔	shí	120
寕	níng	34
寖	jìn	14
寗	níng	24
寘	zhì	53
寙	yǔ	23
寚	bǎo	143
寛	kuān	0
寜	níng	27
寝	qǐn	435
寞	mò	10
察	chá	1649
寠	jù	2
寡	guǎ	478
寢	qǐn	0
寣	hū	10
寤	wù	155
寥	liáo	62
實	shí	0
寧	níng	15
寨	zhài	4159
審	shěn	0
寪	wěi	0
寫	xiě	29
寬	kuān	2
寭	huì	0
寮	liáo	1372
寯	jùn	5
寰	huán	1701
寱	yì	2
寲	yí	96
寳	bǎo	47
寴	qīn	0
寵	chǒng	0
寶	bǎo	30
寷	fēng	34
寸	cùn	877
对	duì	184674
寺	sì	5512
寻	xún	3495
导	dǎo	1274
寽	lǜ	9
対	duì	4
寿	shòu	824
尀	pǒ	0
封	fēng	6721
専	zhuān	6
尃	fū	30
射	shè	4926
尅	kè	14
将	jiāng	122305
將	jiāng	2
專	zhuān	7
尉	wèi	324
尊	zūn	2156
尋	xún	7
尌	shù	92
對	duì	0
導	dǎo	2
小	xiǎo	57969
尐	jié	16
少	shǎo	18155
尒	ěr	0
尓	ěr	37
尔	ěr	3788
尕	gǎ	96
尖	jiān	2999
尗	shū	15
尘	chén	989
尙	shàng	8
尚	shàng	5434
尛	mó	2
尜	gá	0
尝	cháng	1295
尞	liào	15
尟	xiǎn	8
尠	xiǎn	0
尡	kun	3
尢	yóu	14
尣	wāng	2
尤	yóu	2604
尥	liào	30
尦	liào	0
尧	yáo	307
尨	máng	12
尩	wāng	2
尪	wāng	23
尫	wāng	0
尬	gà	22
尭	yáo	2
尮	duò	10
尯	kuì	272
尰	zhǒng	59
就	jiù	273122
尲	gān	0
尳	gǔ	3
尴	gān	77
尵	tuí	2
尶	gān	6
尷	gān	0
尸	shī	2496
尹	yǐn	516
尺	chǐ	868
尻	kāo	70
尼	ní	2819
尽	jìn	10117
尾	wěi	2899
尿	niào	1771
局	jú	4001
屁	pì	661
层	céng	6209
屃	xì	11
屄	bī	3
居	jū	8992
屆	jiè	9
屇	tián	3
屈	qū	592
屉	tì	31
届	jiè	6120
屋	wū	2769
屌	diǎo	38
屍	shī	27
屎	shǐ	523
屏	píng	943
屐	jī	33
屑	xiè	404
屒	zhěn	0
屓	xiè	0
屔	ní	0
展	zhǎn	1961
屖	xī	0
屗	wěi	0
屘	mǎn	3
屙	ē	88
屚	lòu	0
屛	píng	0
屜	tì	10
屝	fèi	2
属	shǔ	26010
屟	xiè	3
屠	tú	230
屡	lǚ	1152
屢	lǚ	0
屣	xǐ	12
層	céng	0
履	lǚ	316
屦	jù	8
屧	xiè	0
屨	jù	0
屩	juē	0
屪	liáo	6
屫	jué	5
屬	shǔ	13
屭	xì	19
屮	chè	0
屯	tún	823
屰	nì	0
山	shān	23539
屲	wā	0
屳	xiān	17
屴	lì	0
屵	è	0
屶	huì	0
屷	huì	0
屸	lóng	57
屹	yì	29
屺	qǐ	14
屻	rèn	75
屼	wù	2800
屽	hàn	4132
屾	shēn	3031
屿	yǔ	172
岀	chū	1198
岁	suì	11719
岂	qǐ	4042
岃	rèn	1849
岄	yuè	941
岅	bǎn	2
岆	yǎo	0
岇	áng	0
岈	yá	7
岉	wù	0
岊	jié	0
岋	è	326
岌	jí	15
岍	qiān	6
岎	fén	0
岏	wán	0
岐	qí	98
岑	cén	59
岒	qián	0
岓	qí	0
岔	chà	265
岕	jiè	4
岖	qū	0
岗	gǎng	5473
岘	xiàn	288
岙	ào	10
岚	lán	63
岛	dǎo	6677
岜	bā	41
岝	zuò	0
岞	zuò	0
岟	yǎng	0
岠	jù	0
岡	gāng	0
岢	kě	148
岣	gǒu	159
岤	xué	5
岥	pō	0
岦	lì	0
岧	tiáo	8
岨	qū	0
岩	yán	2399
岪	fú	44
岫	xiù	158
岬	jiǎ	219
岭	lǐng	3212
岮	tuó	0
岯	pí	0
岰	ào	0
岱	dài	1279
岲	kuàng	0
岳	yuè	1197
岴	qū	2
岵	hù	45
岶	pò	3
岷	mín	114
岸	àn	1925
岹	tiáo	0
岺	líng	3
岻	chí	0
岼	píng	7
岽	dōng	22
岾	hàn	10
岿	kuī	0
峀	xiù	0
峁	mǎo	278
峂	tóng	3
峃	xué	0
峄	yì	50
峅	biàn	5
峆	hé	4
峇	bā	158
峈	luò	0
峉	è	0
峊	fù	0
峋	xún	42
峌	dié	0
峍	lù	2
峎	ěn	2
峏	ér	0
峐	gāi	0
峑	quān	0
峒	dòng	42
峓	yí	0
峔	mǔ	0
峕	shí	0
峖	ān	3
峗	wéi	4
峘	huán	7
峙	zhì	299
峚	mì	4
峛	lǐ	5
峜	jì	3
峝	tóng	4
峞	wéi	263
峟	yòu	2
峠	qiǎ	0
峡	xiá	1732
峢	lǐ	0
峣	yáo	279
峤	jiào	53
峥	zhēng	27
峦	luán	67
峧	jiāo	0
峨	é	382
峩	é	3
峪	yù	192
峫	xié	5
峬	bū	0
峭	qiào	156
峮	qūn	0
峯	fēng	7
峰	fēng	2257
峱	náo	9
峲	lǐ	0
峳	yóu	0
峴	xiàn	2
峵	róng	5
島	dǎo	2
峷	shēn	0
峸	chéng	8
峹	tú	4
峺	gěng	10
峻	jùn	305
峼	gào	3
峽	xiá	0
峾	yín	0
峿	yǔ	0
崀	làng	0
崁	kàn	5
崂	láo	139
崃	lái	111
崄	xiǎn	322
崅	què	8
崆	kōng	31
崇	chóng	1080
崈	chóng	58
崉	tà	42
崊	lín	6
崋	huà	99
崌	jū	24
崍	lái	27
崎	qí	57
崏	mín	47
崐	kūn	93
崑	kūn	20
崒	zú	14
崓	gù	4
崔	cuī	601
崕	yá	21
崖	yá	1270
崗	gǎng	22
崘	lún	3
崙	lún	7
崚	léng	299
崛	jué	80
崜	duō	9
崝	zhēng	0
崞	guō	24
崟	yín	43
崠	dōng	24
崡	hán	69
崢	zhēng	0
崣	wěi	0
崤	xiáo	70
崥	pí	5
崦	yān	19
崧	sōng	147
崨	jié	2
崩	bēng	526
崪	zú	12
崫	kū	0
崬	dōng	2
崭	zhǎn	46
崮	gù	34
崯	yín	13
崰	zī	30
崱	zè	34
崲	huáng	34
崳	yú	27
崴	wǎi	65
崵	yáng	0
崶	fēng	0
崷	qiú	0
崸	yáng	21
崹	tí	2
崺	yǐ	0
崻	zhì	0
崼	shì	64
崽	zǎi	95
崾	yǎo	78
崿	è	0
嵀	zhù	0
嵁	kān	106
嵂	lǜ	24
嵃	yǎn	8
嵄	měi	22
嵅	hán	2
嵆	jī	53
嵇	jī	17
嵈	huàn	168
嵉	tíng	8
嵊	shèng	73
嵋	méi	759
嵌	qiàn	941
嵍	wù	4
嵎	yú	27
嵏	zōng	12
嵐	lán	7
嵑	kě	9
嵒	yán	30
嵓	yán	3
嵔	wěi	0
嵕	zōng	10
嵖	chá	4
嵗	suì	2
嵘	róng	51
嵙	kē	5
嵚	qīn	0
嵛	yú	25
嵜	qí	2
嵝	lǒu	39
嵞	tú	0
嵟	duī	4
嵠	xī	0
嵡	wěng	21
嵢	cāng	0
嵣	dàng	0
嵤	róng	0
嵥	jié	0
嵦	kǎi	4
嵧	liú	7
嵨	wù	3
嵩	sōng	182
嵪	qiāo	5
嵫	zī	27
嵬	wéi	44
嵭	bēng	0
嵮	diān	21
嵯	cuó	37
嵰	qiǎn	0
嵱	yǒng	0
嵲	niè	0
嵳	cuó	0
嵴	jǐ	81
嵵	shí	7
嵶	ruò	4
嵷	sǒng	5
嵸	zōng	13
嵹	jiàng	3
嵺	liáo	19
嵻	kāng	3
嵼	chǎn	0
嵽	dié	3
嵾	cēn	2
嵿	dǐng	8
嶀	tū	3
嶁	lǒu	19
嶂	zhàng	91
嶃	zhǎn	50
嶄	zhǎn	668
嶅	áo	1348
嶆	cáo	1071
嶇	qū	578
嶈	qiāng	853
嶉	cuī	258
嶊	zuǐ	5
嶋	dǎo	0
嶌	dǎo	0
嶍	xí	0
嶎	yù	6
嶏	pèi	175
嶐	lóng	4
嶑	xiàng	0
嶒	céng	9
嶓	bō	4
嶔	qīn	4
嶕	jiāo	0
嶖	yān	2
嶗	láo	0
嶘	zhàn	0
嶙	lín	61
嶚	liáo	0
嶛	liáo	13
嶜	jīn	5
嶝	dèng	5
嶞	duò	2
嶟	zūn	3
嶠	jiào	0
嶡	guì	9
嶢	yáo	0
嶣	jiāo	0
嶤	yáo	0
嶥	jué	0
嶦	zhān	0
嶧	yì	0
嶨	xué	0
嶩	náo	0
嶪	yè	0
嶫	yè	7
嶬	yí	0
嶭	niè	0
嶮	xiǎn	0
嶯	jí	259
嶰	xiè	0
嶱	kě	0
嶲	xī	2
嶳	dì	5
嶴	ào	0
嶵	zuǐ	0
嶶	wēi	0
嶷	yí	47
嶸	róng	0
嶹	dǎo	0
嶺	lǐng	0
嶻	jié	0
嶼	yǔ	0
嶽	yuè	10
嶾	yǐn	0
嶿	ru	0
巀	jié	0
巁	lì	0
巂	guī	21
巃	lóng	0
巄	lóng	0
巅	diān	157
巆	róng	0
巇	xī	0
巈	jú	25
巉	chán	15
巊	yǐng	0
巋	kuī	0
巌	yán	0
巍	wēi	232
巎	náo	6
巏	quán	0
巐	chǎo	0
巑	cuán	0
巒	luán	0
巓	diān	0
巔	diān	5
巕	niè	0
巖	yán	10
巗	yán	0
巘	yǎn	0
巙	kuí	4
巚	yǎn	0
巛	chuān	2
巜	kuài	12
川	chuān	1716
州	zhōu	15951
巟	huāng	19
巠	jīng	0
巡	xún	808
巢	cháo	675
巣	cháo	0
巤	liè	0
工	gōng	3771
左	zuǒ	12823
巧	qiǎo	1217
巨	jù	2014
巩	gǒng	171
巪	jù	0
巫	wū	253
巬	pu	0
巭	pu	0
差	chà	7254
巯	qiú	15
巰	qiú	7
己	jǐ	1989
已	yǐ	72638
巳	sì	341
巴	bā	4887
巵	zhī	4
巶	zhāo	33
巷	xiàng	581
巸	yí	0
巹	jǐn	8
巺	xùn	5
巻	juàn	54
巼	bā	25
巽	xùn	145
巾	jīn	639
巿	fú	74
帀	zā	376
币	bì	590
市	shì	40141
布	bù	4827
帄	dīng	0
帅	shuài	795
帆	fān	538
帇	niè	178
师	shī	12194
帉	fēn	62
帊	pà	0
帋	zhǐ	0
希	xī	1458
帍	hù	11
帎	dàn	9
帏	wéi	45
帐	zhàng	3376
帑	tǎng	71
帒	dài	0
帓	mò	57
帔	pèi	24
帕	pà	669
帖	tiē	1530
帗	bō	2
帘	lián	512
帙	zhì	158
帚	zhǒu	120
帛	bó	289
帜	zhì	239
帝	dì	3756
帞	mò	3
帟	yì	0
帠	yì	2
帡	píng	3
帢	qià	0
帣	juǎn	0
帤	rú	27
帥	shuài	0
带	dài	25733
帧	zhēn	303
帨	shuì	2
帩	qiào	0
帪	zhēn	0
師	shī	126
帬	qún	7
席	xí	1570
帮	bāng	6493
帯	dài	2
帰	guī	15
帱	chóu	0
帲	píng	3
帳	zhàng	3
帴	sàn	140
帵	wān	0
帶	dài	15
帷	wéi	211
常	cháng	13042
帹	shà	46
帺	qí	62
帻	zé	300
帼	guó	0
帽	mào	757
帾	dǔ	13
帿	hóu	118
幀	zhèng	0
幁	xū	0
幂	mì	106
幃	wéi	5
幄	wò	38
幅	fú	2365
幆	yì	13
幇	bāng	297
幈	píng	0
幉	dié	5
幊	gōng	3
幋	pán	0
幌	huǎng	424
幍	tāo	0
幎	mì	2
幏	jià	13
幐	téng	0
幑	huī	2
幒	zhōng	10
幓	shān	424
幔	màn	182
幕	mù	1520
幖	biāo	4
幗	guó	13
幘	zé	0
幙	mù	161
幚	bāng	0
幛	zhàng	25
幜	jǐng	0
幝	chǎn	0
幞	fú	38
幟	zhì	0
幠	hū	0
幡	fān	315
幢	chuáng	470
幣	bì	0
幤	bì	0
幥	zhǎng	0
幦	mì	0
幧	qiāo	0
幨	chān	0
幩	fén	0
幪	méng	0
幫	bāng	0
幬	chóu	0
幭	miè	0
幮	chú	0
幯	jié	0
幰	xiǎn	0
幱	lán	0
干	gàn	19811
平	píng	12100
年	nián	248559
幵	jiān	5
并	bìng	93868
幷	bìng	56
幸	xìng	878
幹	gàn	12
幺	yāo	3254
幻	huàn	411
幼	yòu	856
幽	yōu	725
幾	jǐ	14
广	guǎng	4658
庀	pǐ	107
庁	tīng	0
庂	zè	0
広	guǎng	0
庄	zhuāng	1593
庅	mó	3
庆	qìng	2279
庇	bì	532
庈	qín	0
庉	dùn	2
床	chuáng	3204
庋	guǐ	228
庌	yǎ	0
庍	bài	0
庎	jiè	0
序	xù	1102
庐	lú	310
庑	wǔ	553
庒	zhuāng	0
库	kù	2071
应	yīng	25537
底	dǐ	7005
庖	páo	195
店	diàn	3417
庘	yā	24
庙	miào	4541
庚	gēng	136
庛	cì	40
府	fǔ	11760
庝	tóng	654
庞	páng	454
废	fèi	2641
庠	xiáng	68
庡	yǐ	651
庢	zhì	779
庣	tiāo	345
庤	zhì	265
庥	xiū	50
度	dù	4995
座	zuò	9662
庨	xiāo	202
庩	tú	0
庪	guǐ	0
庫	kù	0
庬	máng	0
庭	tíng	533
庮	yǒu	0
庯	bū	245
庰	bìng	0
庱	chěng	0
庲	lái	0
庳	bì	5
庴	jí	0
庵	ān	1435
庶	shù	635
康	kāng	1077
庸	yōng	1609
庹	tuǒ	31
庺	sōng	0
庻	shù	0
庼	qǐng	2
庽	yù	0
庾	yǔ	65
庿	miào	0
廀	sōu	0
廁	cè	2
廂	xiāng	2
廃	fèi	0
廄	jiù	3
廅	è	0
廆	guī	26
廇	liù	0
廈	shà	0
廉	lián	471
廊	láng	2745
廋	sōu	2
廌	zhì	6
廍	bù	0
廎	qǐng	0
廏	jiù	0
廐	jiù	0
廑	jǐn	8
廒	áo	17
廓	kuò	174
廔	lóu	0
廕	yìn	4
廖	liào	388
廗	dài	3
廘	lù	0
廙	yì	2
廚	chú	8
廛	chán	12
廜	tú	0
廝	sī	2
廞	xīn	0
廟	miào	0
廠	chǎng	2
廡	wǔ	2
廢	fèi	0
廣	guǎng	2
廤	kù	0
廥	kuài	0
廦	bì	0
廧	qiáng	0
廨	xiè	76
廩	lǐn	0
廪	lǐn	77
廫	liáo	0
廬	lú	2
廭	jì	2
廮	yǐng	0
廯	xiān	0
廰	tīng	0
廱	yōng	5
廲	lí	10
廳	tīng	0
廴	yǐn	46
廵	xún	22
延	yán	846
廷	tíng	1300
廸	dí	3
廹	pǎi	0
建	jiàn	11608
廻	huí	0
廼	nǎi	0
廽	huí	2
廾	gǒng	13
廿	niàn	9
开	kāi	27900
弁	biàn	207
异	yì	3455
弃	qì	1441
弄	nòng	5784
弅	fèn	0
弆	jǔ	0
弇	yǎn	24
弈	yì	53
弉	zàng	4
弊	bì	550
弋	yì	41
弌	yī	2
弍	èr	2
弎	sān	3
式	shì	12938
弐	èr	0
弑	shì	130
弒	shì	7
弓	gōng	1020
弔	diào	3
引	yǐn	5550
弖	hù	5
弗	fú	778
弘	hóng	163
弙	wū	0
弚	tuí	0
弛	chí	112
弜	jiàng	0
弝	bà	52
弞	shěn	0
弟	dì	3217
张	zhāng	23973
弡	jué	33
弢	tāo	42
弣	fǔ	0
弤	dǐ	7
弥	mí	516
弦	xián	4072
弧	hú	532
弨	chāo	2
弩	nǔ	385
弪	jìng	2
弫	zhěn	0
弬	yí	121
弭	mǐ	47
弮	quān	0
弯	wān	2025
弰	shāo	25
弱	ruò	2984
弲	xuān	0
弳	jìng	13
弴	diāo	6
張	zhāng	400
弶	jiàng	60
強	qiáng	49
弸	péng	31
弹	dàn	4578
强	qiáng	17342
弻	bì	43
弼	bì	115
弽	shè	253
弾	dàn	0
弿	jiǎn	0
彀	gòu	190
彁	gē	118
彂	fā	229
彃	bì	15
彄	kōu	0
彅	jiǎn	9
彆	biè	0
彇	xiāo	106
彈	dàn	105
彉	guō	76
彊	jiàng	62
彋	hóng	0
彌	mí	26
彍	guō	24
彎	wān	2
彏	jué	0
彐	jì	0
彑	jì	0
归	guī	7299
当	dāng	42694
彔	lù	23
录	lù	1833
彖	tuàn	21
彗	huì	60
彘	zhì	97
彙	huì	39
彚	huì	0
彛	yí	147
彜	yí	141
彝	yí	382
彞	yí	30
彟	yuē	63
彠	yuē	0
彡	shān	0
形	xíng	7698
彣	wén	4
彤	tóng	89
彥	yàn	4
彦	yàn	757
彧	yù	403
彨	chī	165
彩	cǎi	2318
彪	biāo	437
彫	diāo	16
彬	bīn	714
彭	péng	1030
彮	yǒng	45
彯	piāo	3
彰	zhāng	240
影	yǐng	2202
彲	chī	560
彳	chì	15
彴	zhuó	39
彵	tuǒ	2
彶	jí	27
彷	páng	122
彸	zhōng	63
役	yì	2398
彺	wáng	14
彻	chè	315
彼	bǐ	1332
彽	dī	3
彾	líng	30
彿	fú	28
往	wǎng	16974
征	zhēng	2607
徂	cú	9
徃	wǎng	186
径	jìng	1771
待	dài	10253
徆	xī	16
徇	xùn	46
很	hěn	69103
徉	yáng	13
徊	huái	185
律	lǜ	2073
後	hòu	1209
徍	wǎng	17
徎	chěng	16
徏	zhì	0
徐	xú	2325
徑	jìng	9
徒	tú	2138
従	cóng	2
徔	zhi	0
徕	lái	15
徖	cóng	0
得	de	134479
徘	pái	28
徙	xǐ	788
徚	dōng	0
徛	jì	0
徜	cháng	4
徝	zhì	2
從	cóng	5
徟	zhōu	0
徠	lái	0
御	yù	5044
徢	xiè	8
徣	jiè	0
徤	jiàn	0
徥	shì	0
徦	jiǎ	0
徧	biàn	0
徨	huáng	59
復	fù	2
循	xún	878
徫	wěi	0
徬	páng	35
徭	yáo	127
微	wēi	4852
徯	xī	6
徰	zhēng	5
徱	piào	0
徲	tí	0
徳	dé	22
徴	zhēng	0
徵	zhēng	98
徶	bié	0
德	dé	9549
徸	chōng	0
徹	chè	0
徺	jiǎo	4
徻	huì	0
徼	jiǎo	21
徽	huī	405
徾	méi	0
徿	lòng	0
忀	xiāng	0
忁	bào	3
忂	qú	0
心	xīn	25236
忄	xin	4
必	bì	9063
忆	yì	241
忇	lè	2
忈	rén	4
忉	dāo	0
忊	dìng	13
忋	gǎi	63
忌	jì	4236
忍	rěn	2129
忎	rén	347
忏	chàn	60
忐	tǎn	18
忑	tè	4
忒	tè	602
忓	gān	525
忔	qì	404
忕	shì	199
忖	cǔn	106
志	zhì	3667
忘	wàng	4957
忙	máng	10154
忚	xī	215
忛	fān	139
応	yīng	0
忝	tiǎn	89
忞	mín	10
忟	wěn	0
忠	zhōng	2170
忡	chōng	11
忢	wù	0
忣	jí	2
忤	wǔ	111
忥	xì	113
忦	jiá	5
忧	yōu	1783
忨	wàn	0
忩	cōng	0
忪	sōng	4
快	kuài	21973
忬	yù	7
忭	biàn	10
忮	zhì	3
忯	qí	0
忰	cuì	0
忱	chén	74
忲	tài	3
忳	tún	0
忴	qián	0
念	niàn	3978
忶	hún	2
忷	xiōng	2
忸	niǔ	9
忹	kuáng	2
忺	xiān	0
忻	xīn	58
忼	kāng	3
忽	hū	7683
忾	kài	35
忿	fèn	389
怀	huái	1918
态	tài	1666
怂	sǒng	197
怃	wǔ	0
怄	òu	55
怅	chàng	49
怆	chuàng	49
怇	jù	0
怈	yì	15
怉	bǎo	0
怊	chāo	2
怋	mín	0
怌	pēi	0
怍	zuò	18
怎	zěn	6736
怏	yàng	10
怐	jù	0
怑	bàn	0
怒	nù	4653
怓	náo	0
怔	zhēng	2697
怕	pà	11213
怖	bù	87
怗	tiē	5
怘	hù	11
怙	hù	22
怚	jù	0
怛	dá	60
怜	lián	345
思	sī	2618
怞	chóu	3
怟	dì	3
怠	dài	398
怡	yí	684
怢	tū	3
怣	yóu	5
怤	fū	0
急	jí	11126
怦	pēng	62
性	xìng	13847
怨	yuàn	1394
怩	ní	10
怪	guài	6097
怫	fú	52
怬	xì	4
怭	bì	2
怮	yōu	0
怯	qiè	617
怰	xuàn	0
怱	cōng	7
怲	bǐng	3
怳	huǎng	3
怴	xù	0
怵	chù	108
怶	bì	2
怷	shù	0
怸	xī	0
怹	tān	2
怺	yǒng	0
总	zǒng	23585
怼	duì	138
怽	mo	0
怾	zhǐ	0
怿	yì	13
恀	shì	0
恁	nèn	318
恂	xún	43
恃	shì	363
恄	xì	2
恅	lǎo	13
恆	héng	4
恇	kuāng	9
恈	móu	5
恉	zhǐ	2
恊	xié	16
恋	liàn	539
恌	tiāo	0
恍	huǎng	326
恎	dié	4
恏	hào	0
恐	kǒng	1622
恑	guǐ	0
恒	héng	606
恓	xī	29
恔	jiǎo	3
恕	shù	876
恖	sī	0
恗	hū	0
恘	qiū	0
恙	yàng	19
恚	huì	182
恛	huí	4
恜	chì	5
恝	jiá	0
恞	yí	2
恟	xiōng	0
恠	guài	3
恡	lìn	0
恢	huī	547
恣	zì	97
恤	xù	211
恥	chǐ	3
恦	shàng	2
恧	nǜ	5
恨	hèn	4139
恩	ēn	3475
恪	kè	309
恫	dòng	36
恬	tián	61
恭	gōng	1176
恮	quān	0
息	xī	1538
恰	qià	981
恱	yuè	0
恲	pēng	13
恳	kěn	361
恴	dé	3
恵	huì	5
恶	è	3136
恷	xiao	0
恸	tòng	185
恹	yān	0
恺	kǎi	141
恻	cè	141
恼	nǎo	996
恽	yùn	24
恾	máng	0
恿	yǒng	94
悀	yǒng	8
悁	yuān	3
悂	pī	5
悃	kǔn	22
悄	qiāo	415
悅	yuè	8
悆	yù	110
悇	tú	97
悈	jiè	4
悉	xī	718
悊	zhé	215
悋	lìn	0
悌	tì	58
悍	hàn	236
悎	hào	87
悏	qiè	12
悐	tì	12
悑	bù	4
悒	yì	7
悓	qiàn	489
悔	huǐ	739
悕	xī	123
悖	bèi	307
悗	mán	425
悘	yī	4
悙	hēng	8
悚	sǒng	85
悛	quān	4
悜	chěng	219
悝	kuī	4
悞	wù	0
悟	wù	1095
悠	yōu	123
悡	lí	19
悢	liàng	0
患	huàn	2058
悤	cōng	0
悥	yì	24
悦	yuè	289
悧	lì	127
您	nín	14737
悩	nǎo	0
悪	è	3
悫	què	5
悬	xuán	1868
悭	qiān	14
悮	wù	2
悯	mǐn	86
悰	cóng	24
悱	fěi	6
悲	bēi	797
悳	dé	9
悴	cuì	94
悵	chàng	2
悶	mèn	112
悷	lì	9
悸	jì	64
悹	guàn	4
悺	guàn	10
悻	xìng	19
悼	dào	111
悽	qī	23
悾	kōng	10
悿	tiǎn	3
惀	lún	82
惁	xī	24
惂	kǎn	105
惃	gǔn	4
惄	nì	4
情	qíng	8363
惆	chóu	25
惇	dūn	94
惈	guǒ	18
惉	zhān	181
惊	jīng	8417
惋	wǎn	21
惌	yuān	32
惍	jīn	0
惎	jì	3
惏	lán	2
惐	yù	3
惑	huò	187
惒	hé	0
惓	quán	5
惔	tán	22
惕	tì	83
惖	tì	5
惗	niè	0
惘	wǎng	37
惙	chuò	3
惚	hū	32
惛	hūn	29
惜	xī	526
惝	chǎng	4
惞	xīn	7
惟	wéi	972
惠	huì	763
惡	è	6
惢	suǒ	7
惣	zǒng	17
惤	jiān	89
惥	yǒng	14
惦	diàn	73
惧	jù	1434
惨	cǎn	1171
惩	chéng	232
惪	dé	2
惫	bèi	64
惬	qiè	14
惭	cán	143
惮	dàn	45
惯	guàn	1168
惰	duò	283
惱	nǎo	0
惲	yùn	5
想	xiǎng	61904
惴	zhuì	90
惵	dié	0
惶	huáng	324
惷	chǔn	0
惸	qióng	2
惹	rě	1607
惺	xīng	462
惻	cè	0
惼	biǎn	0
惽	mǐn	10
惾	zōng	0
惿	tí	0
愀	qiǎo	28
愁	chóu	1179
愂	bèi	0
愃	xuān	2
愄	wēi	0
愅	gé	5
愆	qiān	67
愇	wěi	2
愈	yù	2641
愉	yú	257
愊	bì	0
愋	xuān	0
愌	huàn	8
愍	mǐn	52
愎	bì	32
意	yì	12995
愐	miǎn	0
愑	yǒng	0
愒	kài	6
愓	dàng	0
愔	yīn	16
愕	è	332
愖	chén	2
愗	mào	0
愘	qià	14
愙	kè	2
愚	yú	513
愛	ài	19
愜	qiè	6
愝	yǎn	2
愞	nuò	10
感	gǎn	5722
愠	yùn	103
愡	zǒng	0
愢	sāi	3
愣	lèng	1693
愤	fèn	497
愥	yīng	0
愦	kuì	30
愧	kuì	352
愨	què	12
愩	gōng	76
愪	yún	338
愫	sù	30
愬	sù	521
愭	qí	398
愮	yáo	203
愯	sǒng	140
愰	huàng	137
愱	jí	8
愲	gǔ	2
愳	jù	0
愴	chuàng	3
愵	nì	0
愶	xié	249
愷	kǎi	0
愸	zhěng	0
愹	yǒng	0
愺	cǎo	0
愻	xùn	3
愼	shèn	0
愽	bó	3
愾	kài	4
愿	yuàn	6538
慀	xì	2
慁	hùn	4
慂	yǒng	13
慃	yǎng	0
慄	lì	0
慅	sāo	2
慆	tāo	2
慇	yīn	3
慈	cí	687
慉	xù	0
慊	qiàn	137
態	tài	0
慌	huāng	1905
慍	yùn	0
慎	shèn	425
慏	mǐng	0
慐	gong	0
慑	shè	211
慒	cóng	0
慓	piāo	21
慔	mù	0
慕	mù	390
慖	guó	0
慗	chì	0
慘	cǎn	3
慙	cán	0
慚	cán	0
慛	cuī	221
慜	mǐn	2
慝	tè	18
慞	zhāng	0
慟	tòng	0
慠	ào	0
慡	shuǎng	0
慢	màn	2660
慣	guàn	0
慤	què	0
慥	zào	3
慦	jiù	0
慧	huì	571
慨	kǎi	68
慩	lián	0
慪	òu	0
慫	sǒng	2
慬	qín	0
慭	yìn	0
慮	lǜ	0
慯	shāng	0
慰	wèi	447
慱	tuán	2
慲	mán	0
慳	qiān	0
慴	shè	6
慵	yōng	71
慶	qìng	0
慷	kāng	100
慸	dì	11
慹	zhí	6
慺	lóu	4
慻	juàn	0
慼	qī	0
慽	qī	0
慾	yù	7
慿	píng	0
憀	liáo	0
憁	còng	0
憂	yōu	0
憃	chōng	0
憄	zhì	0
憅	tòng	0
憆	chēng	0
憇	qì	0
憈	qū	0
憉	péng	34
憊	bèi	0
憋	biē	901
憌	qióng	0
憍	jiāo	4
憎	zēng	161
憏	chì	0
憐	lián	4
憑	píng	0
憒	kuì	0
憓	huì	0
憔	qiáo	21
憕	chéng	0
憖	yìn	20
憗	yìn	7
憘	xǐ	0
憙	xī	0
憚	dàn	12
憛	tán	0
憜	duò	62
憝	duì	7
憞	duì	22
憟	sù	8
憠	jué	0
憡	cè	93
憢	xiāo	0
憣	fān	0
憤	fèn	0
憥	láo	0
憦	lào	2
憧	chōng	76
憨	hān	305
憩	qì	42
憪	xián	5
憫	mǐn	0
憬	jǐng	50
憭	liǎo	0
憮	wǔ	0
憯	cǎn	29
憰	jué	3
憱	cù	0
憲	xiàn	6
憳	tǎn	236
憴	shéng	0
憵	pī	0
憶	yì	3
憷	chù	56
憸	xiān	7
憹	náo	0
憺	dàn	8
憻	tǎn	2
憼	jǐng	0
憽	sōng	0
憾	hàn	111
憿	jiǎo	165
懀	wèi	0
懁	xuān	0
懂	dǒng	3998
懃	qín	0
懄	qín	0
懅	jù	4
懆	cǎo	29
懇	kěn	14
懈	xiè	169
應	yīng	0
懊	ào	79
懋	mào	53
懌	yì	45
懍	lǐn	8
懎	sè	0
懏	jùn	0
懐	huái	0
懑	mèn	16
懒	lǎn	595
懓	ài	3
懔	lǐn	59
懕	yān	0
懖	kuò	0
懗	xià	46
懘	chì	0
懙	yǔ	14
懚	yìn	0
懛	dāi	0
懜	měng	42
懝	ài	4
懞	méng	6
懟	duì	3
懠	qí	40
懡	mǒ	301
懢	lán	0
懣	mèn	0
懤	chóu	0
懥	zhì	0
懦	nuò	194
懧	nuò	0
懨	yān	0
懩	yǎng	0
懪	bó	0
懫	zhì	2
懬	kuàng	0
懭	kuǎng	2
懮	yǒu	0
懯	fū	0
懰	liú	0
懱	miè	2
懲	chéng	0
懳	hui	0
懴	chàn	0
懵	měng	192
懶	lǎn	0
懷	huái	0
懸	xuán	0
懹	ràng	0
懺	chàn	0
懻	jì	0
懼	jù	0
懽	huān	18
懾	shè	0
懿	yì	509
戀	liàn	4
戁	nǎn	0
戂	mí	0
戃	tǎng	0
戄	jué	0
戅	gàng	0
戆	gàng	18
戇	zhuàng	0
戈	gē	370
戉	yuè	2
戊	wù	163
戋	jiān	5
戌	xū	83
戍	shù	175
戎	róng	401
戏	xì	3048
成	chéng	44880
我	wǒ	328841
戒	jiè	1557
戓	gē	0
戔	jiān	18
戕	qiāng	53
或	huò	78942
戗	qiāng	60
战	zhàn	8864
戙	dòng	73
戚	qī	335
戛	jiá	79
戜	dié	664
戝	zéi	832
戞	jiá	480
戟	jǐ	1004
戠	zhī	477
戡	kān	15
戢	jí	28
戣	kuí	418
戤	gài	3
戥	děng	15
戦	zhàn	153
戧	qiāng	0
戨	gē	0
戩	jiǎn	0
截	jié	1441
戫	yù	0
戬	jiǎn	5
戭	yǎn	0
戮	lù	193
戯	hū	264
戰	zhàn	4
戱	xì	0
戲	xì	0
戳	chuō	1285
戴	dài	4398
戵	qú	0
戶	hù	0
户	hù	4053
戸	hù	0
戹	è	0
戺	shì	0
戻	tì	0
戼	mǎo	0
戽	hù	4
戾	lì	89
房	fáng	6407
所	suǒ	76462
扁	biǎn	1479
扂	diàn	0
扃	jiōng	7
扄	shǎng	0
扅	yí	0
扆	yǐ	28
扇	shàn	2826
扈	hù	57
扉	fēi	28
扊	yǎn	0
手	shǒu	28466
扌	shou	21
才	cái	55415
扎	zhā	2928
扏	qiú	0
扐	lè	0
扑	pū	4520
扒	bā	1131
打	dǎ	33853
扔	rēng	2277
払	fǎn	0
扖	rù	0
扗	zài	0
托	tuō	3283
扙	zhàng	0
扚	diǎo	0
扛	káng	857
扜	yū	13
扝	kū	0
扞	gǎn	2
扟	shēn	0
扠	chā	47
扡	tuō	0
扢	gǔ	28
扣	kòu	1515
扤	wù	13
扥	dèn	2
扦	qiān	33
执	zhí	2201
扨	rèn	0
扩	kuò	1928
扪	mén	49
扫	sǎo	1923
扬	yáng	1661
扭	niǔ	1355
扮	bàn	980
扯	chě	2860
扰	rǎo	554
扱	xī	19
扲	qián	0
扳	bān	656
扴	jiá	0
扵	yú	5
扶	fú	3105
扷	ào	0
扸	xī	0
批	pī	5299
扺	zhǐ	4
扻	zhì	0
扼	è	249
扽	dèn	0
找	zhǎo	20856
承	chéng	8308
技	jì	1130
抁	yǎn	6
抂	kuáng	0
抃	biàn	2
抄	chāo	1391
抅	jū	3
抆	wěn	3
抇	hú	3
抈	yuè	0
抉	jué	23
把	bǎ	108066
抋	qìn	0
抌	dǎn	0
抍	zhěng	36
抎	yǔn	5
抏	wán	0
抐	nè	0
抑	yì	458
抒	shū	125
抓	zhuā	6491
抔	póu	6
投	tóu	5530
抖	dǒu	1455
抗	kàng	3426
折	zhé	4410
抙	póu	0
抚	fǔ	1444
抛	pāo	2080
抜	bá	0
抝	ǎo	0
択	zé	0
抟	tuán	46
抠	kōu	308
抡	lūn	338
抢	qiǎng	5785
抣	yun	0
护	hù	2810
报	bào	14647
抦	bǐng	0
抧	zhǐ	0
抨	pēng	7
抩	nán	0
抪	bù	0
披	pī	1371
抬	tái	4456
抭	yǎo	0
抮	zhěn	0
抯	zhā	0
抰	yāng	0
抱	bào	6044
抲	hē	0
抳	nǐ	0
抴	yè	6
抵	dǐ	2455
抶	chì	0
抷	pī	0
抸	jiā	0
抹	mǒ	2210
抺	mèi	4
抻	chēn	68
押	yā	1519
抽	chōu	2778
抾	qū	3
抿	mǐn	390
拀	chù	0
拁	jiā	0
拂	fú	867
拃	zhǎ	8
拄	zhǔ	303
担	dān	1918
拆	chāi	1759
拇	mǔ	290
拈	niān	531
拉	lā	12817
拊	fǔ	61
拋	pāo	124
拌	bàn	1194
拍	pāi	6035
拎	līn	553
拏	ná	11
拐	guǎi	1558
拑	qián	5
拒	jù	1244
拓	tuò	261
拔	bá	2607
拕	tuō	0
拖	tuō	3454
拗	ǎo	265
拘	jū	295
拙	zhuō	244
拚	pàn	959
招	zhāo	5248
拜	bài	6338
拝	bài	2
拞	dǐ	3
拟	nǐ	1919
拠	jù	7
拡	kuò	12
拢	lǒng	765
拣	jiǎn	808
拤	qiá	23
拥	yōng	2257
拦	lán	1159
拧	níng	640
拨	bō	2149
择	zé	675
拪	qiān	0
拫	hén	58
括	kuò	429
拭	shì	327
拮	jié	24
拯	zhěng	44
拰	nǐn	655
拱	gǒng	3217
拲	gǒng	2
拳	quán	2147
拴	shuān	677
拵	cún	2
拶	zā	23
拷	kǎo	222
拸	yí	0
拹	xié	5
拺	cè	34
拻	huī	13
拼	pīn	1105
拽	zhuāi	1143
拾	shí	1396
拿	ná	19956
挀	bāi	0
持	chí	4025
挂	guà	6653
挃	zhì	0
挄	kuò	21
挅	duǒ	0
挆	duǒ	0
指	zhǐ	13375
挈	qiè	56
按	àn	21008
挊	nòng	0
挋	zhèn	11
挌	gé	11
挍	jiào	0
挎	kuà	622
挏	dòng	2
挐	ná	0
挑	tiāo	2835
挒	liè	26
挓	zhā	16
挔	lǚ	0
挕	dié	0
挖	wā	2886
挗	jué	14
挘	liě	0
挙	jǔ	38
挚	zhì	153
挛	luán	67
挜	yà	7
挝	wō	93
挞	tà	47
挟	xié	700
挠	náo	516
挡	dǎng	2950
挢	jiǎo	18
挣	zhēng	1076
挤	jǐ	2260
挥	huī	4046
挦	xián	24
挧	yǔ	25
挨	āi	1655
挩	tuō	0
挪	nuó	688
挫	cuò	438
挬	bó	3
挭	gěng	0
挮	tǐ	2
振	zhèn	864
挰	chéng	21
挱	sā	0
挲	sā	19
挳	kēng	5
挴	měi	7
挵	nòng	0
挶	jū	172
挷	péng	3
挸	jiǎn	4
挹	yì	21
挺	tǐng	3742
挻	shān	0
挼	ruá	16
挽	wǎn	957
挾	xié	0
挿	chā	0
捀	féng	5
捁	jiǎo	0
捂	wǔ	472
捃	jùn	8
捄	jiù	0
捅	tǒng	629
捆	kǔn	719
捇	huò	19
捈	tú	0
捉	zhuō	2392
捊	póu	9
捋	lǚ	506
捌	bā	63
捍	hàn	68
捎	shāo	709
捏	niē	1687
捐	juān	1008
捑	zè	0
捒	shù	4
捓	yé	0
捔	jué	0
捕	bǔ	2111
捖	wán	0
捗	bù	0
捘	zùn	0
捙	yè	0
捚	zhāi	0
捛	lǚ	0
捜	sōu	0
捝	tuō	0
捞	lāo	970
损	sǔn	1020
捠	bāng	0
捡	jiǎn	1136
换	huàn	6483
捣	dǎo	1222
捤	wěi	0
捥	wàn	0
捦	qín	0
捧	pěng	2920
捨	shě	2
捩	liè	5
捪	mín	0
捫	mén	0
捬	fǔ	0
捭	bǎi	0
据	jù	19409
捯	dáo	0
捰	wǒ	0
捱	ái	163
捲	juǎn	0
捳	yuè	0
捴	zǒng	0
捵	chēn	0
捶	chuí	550
捷	jié	741
捸	tū	0
捹	bèn	0
捺	nà	178
捻	niǎn	602
捼	ruó	0
捽	zuó	43
捾	wò	0
捿	qī	0
掀	xiān	532
掁	chéng	0
掂	diān	224
掃	sǎo	0
掄	lūn	0
掅	qìng	0
掆	gāng	2
掇	duō	100
授	shòu	2848
掉	diào	8344
掊	póu	6
掋	dǐ	37
掌	zhǎng	8714
掍	hùn	144
掎	jǐ	3
掏	tāo	845
掐	qiā	465
掑	qí	169
排	pái	3852
掓	shū	196
掔	qiān	116
掕	líng	78
掖	yē	282
掗	yà	73
掘	jué	1325
掙	zhēng	0
掚	liǎng	0
掛	guà	2
掜	yì	0
掝	huò	0
掞	shàn	97
掟	zhěng	0
掠	lüè	1197
採	cǎi	19
探	tàn	2390
掣	chè	468
掤	bīng	4
接	jiē	10515
掦	tì	0
控	kòng	1085
推	tuī	6324
掩	yǎn	1589
措	cuò	209
掫	zhōu	0
掬	jū	94
掭	tiàn	7
掮	qián	53
掯	kèn	7
掰	bāi	270
掱	pá	0
掲	jiē	0
掳	lǔ	462
掴	guāi	29
掵	ming	0
掶	jié	0
掷	zhì	2336
掸	dǎn	190
掹	meng	0
掺	càn	209
掻	sāo	0
掼	guàn	121
掽	pèng	0
掾	yuàn	104
掿	nuò	0
揀	jiǎn	0
揁	zhēng	0
揂	jiū	0
揃	jiǎn	0
揄	yú	18
揅	yán	0
揆	kuí	54
揇	nǎn	0
揈	hōng	0
揉	róu	1011
揊	pì	0
揋	wēi	0
揌	sāi	8
揍	zòu	226
揎	xuān	25
描	miáo	391
提	tí	10223
揑	niē	0
插	chā	3939
揓	shì	0
揔	zǒng	0
揕	zhèn	0
揖	yī	777
揗	xún	0
揘	yóng	0
揙	biān	0
揚	yáng	0
換	huàn	7
揜	yǎn	0
揝	zǎn	14
揞	ǎn	4
揟	xū	0
揠	yà	2
握	wò	2268
揢	ké	0
揣	chuāi	534
揤	jí	0
揥	tì	0
揦	lá	0
揧	là	0
揨	chén	0
揩	kāi	484
揪	jiū	1357
揫	jiū	0
揬	tú	0
揭	jiē	1083
揮	huī	0
揯	gèn	2
揰	chòng	0
揱	xiāo	0
揲	dié	13
揳	xiē	3
援	yuán	1032
揵	qián	42
揶	yé	0
揷	chā	0
揸	zhā	8
揹	bēi	0
揺	yáo	0
揻	wēi	0
揼	beng	0
揽	lǎn	552
揾	wèn	6
揿	qìn	93
搀	chān	370
搁	gē	947
搂	lǒu	1318
搃	zǒng	0
搄	gèn	0
搅	jiǎo	859
搆	gòu	0
搇	qìn	6
搈	róng	0
搉	què	0
搊	chōu	2
搋	chuāi	3
搌	zhǎn	0
損	sǔn	0
搎	sūn	0
搏	bó	463
搐	chù	14
搑	róng	0
搒	bàng	0
搓	cuō	645
搔	sāo	323
搕	kē	2
搖	yáo	0
搗	dǎo	0
搘	zhī	0
搙	nù	0
搚	lā	0
搛	jiān	18
搜	sōu	2131
搝	qiǔ	0
搞	gǎo	8414
搟	xiǎn	0
搠	shuò	231
搡	sǎng	65
搢	jìn	0
搣	miè	3
搤	è	0
搥	chuí	14
搦	nuò	137
搧	shān	111
搨	tà	6
搩	zhǎ	0
搪	táng	49
搫	pán	14
搬	bān	2869
搭	dā	3107
搮	lì	7
搯	tāo	4
搰	hú	14
搱	zhì	80
搲	wā	6
搳	huá	3
搴	qiān	727
搵	wèn	0
搶	qiǎng	0
搷	tián	65
搸	zhēn	7
搹	è	4
携	xié	1350
搻	nuò	0
搼	quán	3
搽	chá	148
搾	zhà	4
搿	gé	100
摀	wǔ	0
摁	èn	99
摂	shè	0
摃	káng	0
摄	shè	1615
摅	shū	4
摆	bǎi	4413
摇	yáo	2706
摈	bìn	75
摉	sōu	0
摊	tān	857
摋	sà	7
摌	chǎn	0
摍	suō	0
摎	jiū	0
摏	chōng	0
摐	chuāng	30
摑	guāi	72
摒	bǐng	40
摓	féng	4
摔	shuāi	2440
摕	dì	0
摖	qì	0
摗	sōu	0
摘	zhāi	1181
摙	liǎn	2
摚	chēng	0
摛	chī	0
摜	guàn	29
摝	lù	48
摞	luò	121
摟	lǒu	13
摠	zǒng	5
摡	gài	0
摢	hù	93
摣	zhā	0
摤	chuǎng	6
摥	tàng	30
摦	huà	7
摧	cuī	198
摨	nái	0
摩	mó	1820
摪	jiāng	0
摫	guī	0
摬	yǐng	6
摭	zhí	19
摮	áo	0
摯	zhì	0
摰	niè	0
摱	màn	14
摲	chàn	2
摳	kōu	0
摴	chū	0
摵	shè	15
摶	tuán	0
摷	jiǎo	26
摸	mō	4552
摹	mó	706
摺	zhé	254
摻	càn	0
摼	kēng	0
摽	biāo	22
摾	jiàng	0
摿	yáo	0
撀	gòu	0
撁	qiān	0
撂	liào	309
撃	jī	0
撄	yīng	24
撅	juē	304
撆	piē	0
撇	piē	453
撈	lāo	0
撉	dūn	0
撊	xiàn	0
撋	ruán	0
撌	guì	0
撍	zǎn	0
撎	yì	0
撏	xián	0
撐	chēng	0
撑	chēng	1406
撒	sā	1907
撓	náo	0
撔	hòng	0
撕	sī	912
撖	hàn	4
撗	guàng	3
撘	dā	0
撙	zǔn	0
撚	niǎn	3
撛	lǐn	0
撜	zhěng	0
撝	huī	0
撞	zhuàng	3773
撟	jiǎo	0
撠	jǐ	0
撡	cāo	0
撢	dǎn	0
撣	dǎn	0
撤	chè	2173
撥	bō	0
撦	chě	0
撧	juē	0
撨	fǔ	0
撩	liāo	446
撪	bèn	0
撫	fǔ	0
撬	qiào	520
播	bō	636
撮	cuō	893
撯	zhuó	12
撰	zhuàn	1180
撱	wěi	66
撲	pū	317
撳	qìn	565
撴	dūn	309
撵	niǎn	374
撶	huá	327
撷	xié	23
撸	lū	194
撹	jiǎo	170
撺	cuān	67
撻	tà	100
撼	hàn	169
撽	qiào	0
撾	wō	0
撿	jiǎn	0
擀	gǎn	121
擁	yōng	0
擂	léi	206
擃	nǎng	0
擄	lǔ	187
擅	shàn	1019
擆	zhuó	0
擇	zé	0
擈	pū	0
擉	chuò	0
擊	jī	2
擋	dǎng	0
擌	sè	0
操	cāo	3353
擎	qíng	179
擏	qíng	0
擐	huàn	10
擑	jiē	0
擒	qín	1455
擓	kuǎi	0
擔	dān	4
擕	xié	0
擖	kā	0
擗	pǐ	0
擘	bāi	27
擙	ào	0
據	jù	0
擛	yè	0
擜	è	0
擝	mēng	6
擞	sǒu	117
擟	mí	0
擠	jǐ	0
擡	tái	0
擢	zhuó	235
擣	dǎo	3
擤	xǐng	43
擥	lǎn	0
擦	cā	2833
擧	jǔ	0
擨	yé	0
擩	rǔ	0
擪	yè	0
擫	yè	0
擬	nǐ	0
擭	wò	54
擮	jié	0
擯	bìn	0
擰	níng	0
擱	gē	0
擲	zhì	0
擳	zhì	0
擴	kuò	2
擵	mó	0
擶	jiàn	0
擷	xié	0
擸	liè	0
擹	tān	0
擺	bǎi	0
擻	sǒu	2
擼	lǔ	0
擽	lüè	70
擾	rǎo	0
擿	tī	24
攀	pān	839
攁	yǎng	5
攂	lèi	0
攃	cā	0
攄	shū	0
攅	zǎn	0
攆	niǎn	0
攇	xiǎn	0
攈	jùn	0
攉	huō	21
攊	lì	0
攋	là	0
攌	huǎn	0
攍	yíng	0
攎	lú	0
攏	lǒng	0
攐	qiān	0
攑	qiān	0
攒	zǎn	489
攓	qiān	0
攔	lán	0
攕	xiān	0
攖	yīng	0
攗	méi	0
攘	rǎng	219
攙	chān	0
攚	wěng	0
攛	cuān	0
攜	xié	0
攝	shè	0
攞	luó	0
攟	jùn	0
攠	mí	2
攡	chī	0
攢	zǎn	3
攣	luán	9
攤	tān	0
攥	zuàn	334
攦	lì	2
攧	diān	14
攨	wā	4
攩	dǎng	0
攪	jiǎo	6
攫	jué	71
攬	lǎn	2
攭	lì	2
攮	nǎng	18
支	zhī	4883
攰	guì	0
攱	guǐ	16
攲	qī	17
攳	xún	0
攴	pū	2
攵	pū	21
收	shōu	8235
攷	kǎo	0
攸	yōu	291
改	gǎi	9286
攺	yǐ	6
攻	gōng	5612
攼	gān	13
攽	bān	12
放	fàng	15161
政	zhèng	3607
敀	pò	2
敁	diān	4
敂	kòu	3
敃	mǐn	0
敄	wù	20
故	gù	9727
敆	hé	0
敇	cè	12
效	xiào	810
敉	mǐ	27
敊	chù	79
敋	gé	64
敌	dí	6610
敍	xù	0
敎	jiào	5
敏	mǐn	1357
敐	chén	0
救	jiù	6268
敒	shēn	0
敓	duó	245
敔	yǔ	6
敕	chì	862
敖	áo	167
敗	bài	17
敘	xù	0
教	jiāo	12172
敚	duó	2
敛	liǎn	479
敜	niè	9
敝	bì	830
敞	chǎng	277
敟	diǎn	15
敠	duō	6
敡	yì	0
敢	gǎn	7965
散	sàn	5634
敤	kě	157
敥	yàn	12
敦	dūn	254
敧	jī	9
敨	tǒu	2
敩	xiào	10
敪	duō	0
敫	jiǎo	34
敬	jìng	1408
敭	yáng	6
敮	xiá	93
敯	mǐn	111
数	shù	10689
敱	ái	159
敲	qiāo	1935
敳	ái	8
整	zhěng	1738
敵	dí	0
敶	zhèn	0
敷	fū	659
數	shù	38
敹	liáo	40
敺	qū	56
敻	xiòng	6
敼	yǐ	78
敽	jiǎo	0
敾	shàn	74
敿	jiǎo	0
斀	zhuó	6
斁	yì	141
斂	liǎn	196
斃	bì	0
斄	lí	0
斅	xiào	0
斆	xiào	0
文	wén	10253
斈	xué	0
斉	qí	0
斊	qí	0
斋	zhāi	1341
斌	bīn	585
斍	jué	0
斎	zhāi	0
斏	láng	0
斐	fěi	377
斑	bān	1027
斒	bān	0
斓	lán	227
斔	yǔ	0
斕	lán	0
斖	wěi	0
斗	dòu	6215
斘	shēng	0
料	liào	2747
斚	jiǎ	0
斛	hú	159
斜	xié	2842
斝	jiǎ	18
斞	yǔ	0
斟	zhēn	598
斠	jiào	2
斡	wò	899
斢	tiǎo	0
斣	dòu	0
斤	jīn	734
斥	chì	465
斦	yín	0
斧	fǔ	947
斨	qiāng	0
斩	zhǎn	2374
斪	qú	0
斫	zhuó	190
斬	zhǎn	0
断	duàn	7773
斮	cuò	0
斯	sī	4120
新	xīn	62626
斱	zhuó	0
斲	zhuó	0
斳	qín	0
斴	lín	0
斵	zhuó	0
斶	chù	0
斷	duàn	0
斸	zhǔ	0
方	fāng	13166
斺	chǎn	235
斻	háng	45
於	yú	482
施	shī	2857
斾	pèi	298
斿	yóu	460
旀	mèi	284
旁	páng	5260
旂	qí	176
旃	zhān	100
旄	máo	64
旅	lǚ	2722
旆	pèi	84
旇	pī	232
旈	liú	82
旉	fū	4
旊	fǎng	0
旋	xuán	1180
旌	jīng	161
旍	jīng	0
旎	nǐ	43
族	zú	5215
旐	zhào	0
旑	yǐ	0
旒	liú	39
旓	shāo	158
旔	jiàn	0
旕	yú	0
旖	yǐ	28
旗	qí	3704
旘	zhì	0
旙	fān	0
旚	piāo	0
旛	fān	3
旜	zhān	0
旝	kuài	0
旞	suì	0
旟	yú	0
无	wú	42181
旡	jì	2
既	jì	17016
旣	jì	0
旤	huò	0
日	rì	78695
旦	dàn	384
旧	jiù	6655
旨	zhǐ	2761
早	zǎo	14429
旪	xié	0
旫	tiāo	0
旬	xún	208
旭	xù	228
旮	gā	17
旯	lá	19
旰	gàn	28
旱	hàn	749
旲	tái	5
旳	dì	3
旴	xū	0
旵	chǎn	0
时	shí	103735
旷	kuàng	557
旸	yáng	79
旹	shí	3
旺	wàng	878
旻	mín	52
旼	mín	4
旽	tūn	0
旾	chūn	0
旿	wǔ	0
昀	yún	38
昁	bèi	0
昂	áng	592
昃	zè	12
昄	bǎn	0
昅	jié	0
昆	kūn	770
昇	shēng	215
昈	hù	2
昉	fǎng	96
昊	hào	86
昋	guì	0
昌	chāng	499
昍	xuān	0
明	míng	16120
昏	hūn	845
昐	fēn	4
昑	qǐn	9
昒	hū	0
易	yì	5042
昔	xī	461
昕	xīn	113
昖	yán	21
昗	zè	0
昘	fǎng	0
昙	tán	366
昚	shèn	7
昛	jù	2
昜	yáng	0
昝	zǎn	11
昞	bǐng	71
星	xīng	4424
映	yìng	634
昡	xuàn	0
昢	pò	92
昣	zhěn	4
昤	líng	0
春	chūn	4753
昦	hào	0
昧	mèi	380
昨	zuó	219
昩	mò	17
昪	biàn	38
昫	xù	22
昬	hūn	6
昭	zhāo	889
昮	zòng	0
是	shì	796991
昰	shì	26
昱	yù	36
昲	fèi	0
昳	dié	0
昴	mǎo	50
昵	nì	78
昶	chǎng	16
昷	wēn	0
昸	dōng	3
昹	ǎi	0
昺	bǐng	24
昻	áng	0
昼	zhòu	180
昽	lóng	0
显	xiǎn	4574
昿	kuàng	2
晀	tiǎo	0
晁	cháo	262
時	shí	6
晃	huǎng	1525
晄	huǎng	0
晅	xuǎn	2
晆	kuí	0
晇	xū	3
晈	jiǎo	3
晉	jìn	0
晊	zhì	0
晋	jìn	1532
晌	shǎng	276
晍	tóng	0
晎	hǒng	0
晏	yàn	352
晐	gāi	0
晑	xiǎng	0
晒	shài	1465
晓	xiǎo	507
晔	yè	49
晕	yūn	1303
晖	huī	145
晗	hán	27
晘	hàn	0
晙	jùn	0
晚	wǎn	5823
晛	xiàn	3
晜	kūn	0
晝	zhòu	0
晞	xī	63
晟	chéng	52
晠	shèng	42
晡	bū	18
晢	zhé	50
晣	zhé	33
晤	wù	104
晥	wǎn	19
晦	huì	269
晧	hào	5
晨	chén	459
晩	wǎn	212
晪	tiǎn	2
晫	zhuó	203
晬	zuì	5
晭	zhǒu	0
普	pǔ	1354
景	jǐng	1980
晰	xī	20
晱	shǎn	12
晲	nǐ	0
晳	xī	18
晴	qíng	916
晵	qǐ	0
晶	jīng	590
晷	guǐ	46
晸	zhěng	0
晹	yì	3
智	zhì	3359
晻	àn	2
晼	wǎn	0
晽	lín	16
晾	liàng	272
晿	chāng	2
暀	wǎng	107
暁	xiǎo	7
暂	zàn	1406
暃	fēi	4
暄	xuān	40
暅	gèng	52
暆	yí	4
暇	xiá	305
暈	yūn	0
暉	huī	0
暊	xǔ	0
暋	mǐn	2
暌	kuí	31
暍	yē	91
暎	yìng	22
暏	shǔ	0
暐	wěi	60
暑	shǔ	141
暒	qíng	41
暓	mào	0
暔	nán	0
暕	jiǎn	0
暖	nuǎn	5727
暗	àn	3348
暘	yáng	22
暙	chūn	0
暚	yáo	24
暛	suǒ	0
暜	pǔ	0
暝	míng	23
暞	jiǎo	0
暟	kǎi	45
暠	gǎo	38
暡	wěng	20
暢	chàng	2
暣	qì	54
暤	hào	0
暥	yàn	0
暦	lì	0
暧	ài	26
暨	jì	462
暩	jì	4
暪	mèn	0
暫	zàn	0
暬	xiè	3
暭	hào	5
暮	mù	822
暯	mò	0
暰	cōng	0
暱	nì	679
暲	zhāng	92
暳	huì	0
暴	bào	742
暵	hàn	2
暶	xuán	0
暷	chuán	0
暸	liáo	7
暹	xiān	57
暺	tǎn	0
暻	jǐng	6
暼	piē	0
暽	lín	0
暾	tūn	28
暿	xǐ	3
曀	yì	0
曁	jì	2
曂	huàng	6
曃	dài	0
曄	yè	0
曅	yè	0
曆	lì	8
曇	tán	0
曈	tóng	0
曉	xiǎo	0
曊	fèi	0
曋	shěn	0
曌	zhào	10
曍	hào	3
曎	yì	2
曏	xiǎng	0
曐	xīng	0
曑	shēn	0
曒	jiǎo	0
曓	bào	3
曔	jìng	0
曕	yàn	0
曖	ài	4
曗	yè	11
曘	rú	58
曙	shǔ	337
曚	méng	148
曛	xūn	36
曜	yào	97
曝	pù	70
曞	lì	225
曟	chén	158
曠	kuàng	144
曡	dié	110
曢	liǎo	52
曣	yàn	0
曤	huò	2
曥	lú	0
曦	xī	169
曧	róng	6
曨	lóng	3
曩	nǎng	20
曪	luǒ	106
曫	luán	2
曬	shài	0
曭	tǎng	0
曮	yǎn	2
曯	zhú	10
曰	yuē	10675
曱	yuē	0
曲	qū	2857
曳	yè	174
更	gèng	56478
曵	yè	0
曶	hū	22
曷	hé	51
書	shū	55
曹	cáo	2167
曺	cáo	4
曻	shēng	4
曼	màn	690
曽	cēng	0
曾	céng	29107
替	tì	5281
最	zuì	60450
朁	cǎn	0
朂	xù	4
會	huì	9
朄	yǐn	6
朅	qiè	0
朆	fēn	0
朇	pí	0
月	yuè	110207
有	yǒu	423765
朊	ruǎn	32
朋	péng	278
朌	fén	0
服	fú	1095
朎	líng	0
朏	fěi	5
朐	qú	43
朑	tì	0
朒	nǜ	4
朓	tiǎo	15
朔	shuò	433
朕	zhèn	2412
朖	lǎng	0
朗	lǎng	1547
朘	zuī	8
朙	míng	6
朚	huāng	2
望	wàng	11746
朜	tūn	0
朝	cháo	14885
朞	jī	0
期	qī	6681
朠	yīng	69
朡	zōng	6
朢	wàng	0
朣	tóng	4
朤	lǎng	0
朥	láo	0
朦	méng	30
朧	lóng	0
木	mù	6114
朩	děng	0
未	wèi	16803
末	mò	5409
本	běn	42207
札	zhá	524
朮	shù	8
术	shù	3122
朰	mù	0
朱	zhū	7218
朲	rén	2
朳	bā	0
朴	pǔ	270
朵	duǒ	1454
朶	duǒ	0
朷	dāo	16
朸	lì	4
朹	guǐ	0
机	jī	6937
朻	jiū	3
朼	bǐ	0
朽	xiǔ	127
朾	chéng	15
朿	cì	0
杀	shā	17552
杁	rù	5
杂	zá	2159
权	quán	7482
杄	qiān	16
杅	yú	27
杆	gān	1441
杇	wū	3
杈	chā	1328
杉	shān	706
杊	xún	0
杋	fán	2
杌	wù	58
杍	zǐ	0
李	lǐ	9566
杏	xìng	432
材	cái	871
村	cūn	8299
杒	rèn	0
杓	biāo	146
杔	tuō	3
杕	dì	0
杖	zhàng	1923
杗	máng	0
杘	chì	4
杙	yì	8
杚	gài	14
杛	gōng	14
杜	dù	835
杝	lí	0
杞	qǐ	482
束	shù	973
杠	gāng	159
条	tiáo	12583
杢	jié	3
杣	mián	0
杤	wàn	0
来	lái	161501
杦	jiǔ	0
杧	máng	17
杨	yáng	16649
杩	mà	3505
杪	miǎo	15
杫	sì	2
杬	yuán	283
杭	háng	1279
杮	fèi	2
杯	bēi	2695
杰	jié	649
東	dōng	6
杲	gǎo	50
杳	yǎo	52
杴	xiān	2
杵	chǔ	370
杶	chūn	0
杷	pá	20
杸	shū	11
杹	huà	4
杺	xīn	0
杻	chǒu	5
杼	zhù	24
杽	chǒu	106
松	sōng	3715
板	bǎn	5049
枀	sōng	0
极	jí	15314
枂	wò	37
枃	jìn	331
构	gòu	770
枅	jī	6
枆	máo	8
枇	pí	60
枈	bì	60
枉	wǎng	667
枊	àng	0
枋	fāng	81
枌	fén	162
枍	yì	0
枎	fú	0
枏	nán	10
析	xī	845
枑	hù	0
枒	yā	67
枓	dǒu	5
枔	xín	0
枕	zhěn	869
枖	yāo	2
林	lín	8581
枘	ruì	15
枙	ě	0
枚	méi	2954
枛	zhào	0
果	guǒ	4482
枝	zhī	1453
枞	cōng	11
枟	yùn	147
枠	huà	10
枡	shēng	102
枢	shū	647
枣	zǎo	446
枤	dì	0
枥	lì	19
枦	lú	2
枧	jiǎn	8
枨	chéng	11
枩	sōng	74
枪	qiāng	5382
枫	fēng	220
枬	zhān	72
枭	xiāo	585
枮	xiān	0
枯	kū	1024
枰	píng	175
枱	tái	0
枲	xǐ	8
枳	zhǐ	40
枴	guǎi	3
枵	xiāo	10
架	jià	7352
枷	jiā	405
枸	gǒu	11
枹	bāo	27
枺	mò	2
枻	yì	4
枼	yè	13
枽	yè	0
枾	shì	25
枿	niè	2
柀	bǐ	2
柁	duò	4
柂	yí	0
柃	líng	0
柄	bǐng	3239
柅	nǐ	0
柆	lā	0
柇	hé	83
柈	bàn	0
柉	fán	81
柊	zhōng	135
柋	dài	2
柌	cí	3
柍	yǎng	3
柎	fū	0
柏	bǎi	316
某	mǒu	8444
柑	gān	360
柒	qī	2
染	rǎn	1182
柔	róu	1569
柕	mào	9
柖	sháo	0
柗	sōng	7
柘	zhè	51
柙	xiá	34
柚	yòu	81
柛	shēn	0
柜	guì	664
柝	tuò	12
柞	zhà	42
柟	nán	505
柠	níng	8
柡	yǒng	0
柢	dǐ	67
柣	zhì	8
柤	zhā	14
查	chá	3443
柦	dàn	21
柧	gū	7
柨	bù	15
柩	jiù	182
柪	āo	0
柫	fú	0
柬	jiǎn	599
柭	bā	14
柮	duò	3
柯	kē	281
柰	nài	12
柱	zhù	1767
柲	bì	5
柳	liǔ	2495
柴	chái	1622
柵	shān	0
柶	sì	0
柷	chù	11
柸	pēi	2
柹	shì	0
柺	guǎi	0
査	zhā	18
柼	yǎo	7
柽	chēng	11
柾	jiù	0
柿	shì	246
栀	zhī	18
栁	liǔ	0
栂	méi	0
栃	lì	0
栄	róng	3
栅	zhà	249
栆	zǎo	0
标	biāo	1971
栈	zhàn	169
栉	zhì	117
栊	lóng	62
栋	dòng	292
栌	lú	20
栍	shēng	0
栎	lì	470
栏	lán	734
栐	yǒng	0
树	shù	5516
栒	xún	2
栓	shuān	158
栔	qì	2
栕	zhēn	2
栖	qī	684
栗	lì	235
栘	yí	3
栙	xiáng	0
栚	zhèn	0
栛	lì	2
栜	sè	0
栝	guā	6
栞	kān	0
栟	bēn	7
栠	rěn	0
校	xiào	2749
栢	bǎi	0
栣	rěn	0
栤	bìng	8
栥	zī	45
栦	chóu	420
栧	yì	481
栨	cì	295
栩	xǔ	27
株	zhū	790
栫	jiàn	389
栬	zuì	212
栭	ér	165
栮	ěr	0
栯	yǒu	0
栰	fá	3
栱	gǒng	31
栲	kǎo	64
栳	lǎo	2
栴	zhān	2
栵	liè	130
栶	yīn	2
样	yàng	2320
核	hé	4229
根	gēn	5413
栺	yì	0
栻	shì	19
格	gé	4237
栽	zāi	841
栾	luán	15
栿	fú	2
桀	jié	89
桁	héng	84
桂	guì	1126
桃	táo	1494
桄	guāng	2
桅	wéi	173
框	kuāng	299
桇	rú	0
案	àn	2916
桉	ān	38
桊	juàn	0
桋	yí	0
桌	zhuō	966
桍	kū	0
桎	zhì	3
桏	qióng	0
桐	tóng	178
桑	sāng	774
桒	sāng	0
桓	huán	493
桔	jú	141
桕	jiù	14
桖	xuè	0
桗	duò	0
桘	zhuì	0
桙	yú	0
桚	zǎn	6
桜	yīng	14
桝	jié	0
桞	liǔ	0
桟	zhàn	3
桠	yā	69
桡	ráo	115
桢	zhēn	24
档	dàng	2035
桤	qī	62
桥	qiáo	8499
桦	huà	424
桧	guì	52
桨	jiǎng	517
桩	zhuāng	754
桪	xún	0
桫	suō	0
桬	shā	0
桭	zhēn	0
桮	bēi	0
桯	tīng	2
桰	kuò	2
桱	jìng	4
桲	po	5
桳	bèn	0
桴	fú	29
桵	ruí	56
桶	tǒng	720
桷	jué	11
桸	xī	5
桹	láng	3
桺	liǔ	12
桻	fēng	0
桼	qī	2
桽	wěn	2
桾	jūn	13
桿	gǎn	0
梀	sù	0
梁	liáng	2062
梂	qiú	0
梃	tǐng	39
梄	yǒu	0
梅	méi	1462
梆	bāng	103
梇	lòng	6
梈	pēng	6
梉	zhuāng	6
梊	dì	3
梋	xuān	0
梌	tú	21
梍	zào	847
梎	āo	2
梏	gù	4
梐	bì	0
梑	dí	10
梒	hán	0
梓	zǐ	448
梔	zhī	0
梕	rèn	48
梖	bèi	36
梗	gěng	575
梘	jiǎn	17
梙	huàn	2
梚	wǎn	0
梛	nuó	0
梜	jiā	2
條	tiáo	2
梞	jì	0
梟	xiāo	0
梠	lǚ	2
梡	hún	9
梢	shāo	1059
梣	cén	7
梤	fén	4
梥	sōng	0
梦	mèng	3719
梧	wú	94
梨	lí	1110
梩	lí	71
梪	dòu	3
梫	qǐn	2
梬	yǐng	0
梭	suō	532
梮	jū	19
梯	tī	710
械	xiè	776
梱	kǔn	0
梲	zhuó	11
梳	shū	496
梴	chān	105
梵	fàn	245
梶	wěi	24
梷	jìng	41
梸	lí	0
梹	bīn	0
梺	xià	40
梻	fó	0
梼	táo	3
梽	zhì	55
梾	lái	163
梿	lián	17
检	jiǎn	651
棁	zhuō	32
棂	líng	467
棃	lí	0
棄	qì	3
棅	bǐng	6
棆	lún	14
棇	cōng	12
棈	qiàn	0
棉	mián	1749
棊	qí	3
棋	qí	1181
棌	cài	28
棍	gùn	1180
棎	chán	0
棏	dé	2
棐	fěi	17
棑	pái	3
棒	bàng	2439
棓	bàng	23
棔	hūn	38
棕	zōng	447
棖	chéng	5
棗	zǎo	84
棘	jí	500
棙	lì	21
棚	péng	768
棛	yù	3
棜	yù	10
棝	gù	50
棞	jùn	0
棟	dòng	0
棠	táng	271
棡	gāng	3
棢	wǎng	0
棣	dì	3115
棤	cuò	341
棥	fán	6
棦	chēng	68
棧	zhàn	6
棨	qǐ	12
棩	yuān	330
棪	yǎn	11
棫	yù	22
棬	quān	102
棭	yì	61
森	sēn	742
棯	rěn	21
棰	chuí	595
棱	léng	905
棲	qī	2
棳	zhuō	4
棴	fú	11
棵	kē	826
棶	lái	314
棷	zōu	5
棸	zōu	3
棹	zhào	68
棺	guān	1824
棻	fēn	36
棼	fén	5
棽	shēn	13
棾	qíng	0
棿	ní	164
椀	wǎn	5
椁	guǒ	421
椂	lù	544
椃	háo	23
椄	jiē	2
椅	yǐ	791
椆	chóu	37
椇	jǔ	12
椈	jú	191
椉	chéng	0
椊	zuó	2
椋	liáng	414
椌	qiāng	0
植	zhí	560
椎	chuí	437
椏	yā	0
椐	jū	21
椑	bēi	0
椒	jiāo	870
椓	zhuó	17
椔	zī	3
椕	bīn	0
椖	péng	2
椗	dìng	2
椘	chǔ	0
椙	chāng	3
椚	mēn	4
椛	huā	3
検	jiǎn	3
椝	guī	2
椞	xì	3
椟	dú	141
椠	qiàn	0
椡	dào	2
椢	guì	0
椣	diǎn	0
椤	luó	363
椥	zhī	2
椦	quan	11
椧	mìng	2
椨	fǔ	0
椩	gēng	4
椪	pèng	0
椫	shàn	2
椬	yí	0
椭	tuǒ	104
椮	sēn	0
椯	duǒ	7
椰	yē	68
椱	fù	0
椲	wěi	0
椳	wēi	0
椴	duàn	81
椵	jiǎ	0
椶	zōng	0
椷	jiān	0
椸	yí	3
椹	shèn	277
椺	xí	2
椻	yàn	20
椼	yǎn	75
椽	chuán	98
椾	jiān	391
椿	chūn	234
楀	yǔ	571
楁	hé	483
楂	zhā	365
楃	wò	272
楄	pián	241
楅	bī	128
楆	yāo	3
楇	huò	2
楈	xū	0
楉	ruò	0
楊	yáng	4
楋	là	227
楌	yán	0
楍	běn	0
楎	huī	0
楏	kuí	2
楐	jiè	4
楑	kuí	0
楒	sī	4
楓	fēng	0
楔	xiē	92
楕	tuǒ	0
楖	zhì	9
楗	jiàn	127
楘	mù	36
楙	mào	67
楚	chǔ	4713
楛	hù	0
楜	hú	5
楝	liàn	222
楞	léng	722
楟	tíng	2
楠	nán	271
楡	yú	6
楢	yóu	5
楣	méi	58
楤	sǒng	0
楥	xuàn	0
楦	xuàn	60
楧	yǎng	0
楨	zhēn	0
楩	pián	3
楪	yè	5
楫	jí	39
楬	jié	2
業	yè	0
楮	chǔ	18
楯	dùn	28
楰	yú	3
楱	zòu	2
楲	wēi	0
楳	méi	0
楴	tì	0
極	jí	0
楶	jié	0
楷	kǎi	102
楸	qiū	80
楹	yíng	372
楺	rǒu	0
楻	huáng	0
楼	lóu	6245
楽	lè	3
楾	quán	0
楿	xiāng	6
榀	pǐn	4
榁	shǐ	0
概	gài	434
榃	tán	0
榄	lǎn	122
榅	wēn	3
榆	yú	202
榇	chèn	34
榈	lǘ	67
榉	jǔ	28
榊	shén	0
榋	chu	0
榌	bī	6
榍	xiè	15
榎	jiǎ	0
榏	yì	0
榐	zhǎn	0
榑	fú	3
榒	nuò	0
榓	mì	0
榔	láng	47
榕	róng	55
榖	gǔ	40
榗	jiàn	2
榘	jǔ	302
榙	tā	0
榚	yǎo	0
榛	zhēn	245
榜	bǎng	1888
榝	shā	0
榞	yuán	0
榟	zǐ	0
榠	míng	0
榡	sù	0
榢	jià	0
榣	yáo	2
榤	jié	4
榥	huàng	0
榦	gàn	0
榧	fěi	95
榨	zhà	371
榩	qián	0
榪	mà	0
榫	sǔn	120
榬	yuán	2
榭	xiè	261
榮	róng	0
榯	shí	0
榰	zhī	0
榱	cuī	12
榲	wēn	0
榳	tíng	2
榴	liú	169
榵	róng	0
榶	táng	0
榷	què	310
榸	zhāi	12
榹	sī	0
榺	shèng	0
榻	tà	679
榼	kē	3
榽	xī	0
榾	gǔ	19
榿	qī	7
槀	gǎo	6
槁	gǎo	28
槂	sūn	0
槃	pán	189
槄	tāo	0
槅	gé	12
槆	chūn	0
槇	diān	0
槈	nòu	112
槉	jí	0
槊	shuò	89
構	gòu	3
槌	chuí	289
槍	qiāng	2
槎	chá	564
槏	qiǎn	0
槐	huái	272
槑	méi	201
槒	xù	18
槓	gàng	0
槔	gāo	33
槕	zhuō	0
槖	tuó	0
槗	qiáo	30
様	yàng	14
槙	diān	6
槚	jiǎ	3
槛	kǎn	178
槜	zuì	6
槝	dǎo	155
槞	lóng	2
槟	bīn	24
槠	zhū	17
槡	sāng	0
槢	xí	34
槣	jī	0
槤	lián	0
槥	huì	2
槦	yōng	621
槧	qiàn	5
槨	guǒ	5
槩	gài	2
槪	gài	0
槫	tuán	0
槬	huà	29
槭	qī	140
槮	sēn	12
槯	cuī	10
槰	péng	12
槱	yǒu	7
槲	hú	44
槳	jiǎng	0
槴	hù	3
槵	huàn	0
槶	guì	3
槷	niè	2
槸	yì	3667
槹	gāo	2
槺	kāng	7
槻	guī	57
槼	guī	62
槽	cáo	1660
槾	màn	143
槿	jǐn	48
樀	dí	56
樁	zhuāng	33
樂	lè	3
樃	lǎng	11
樄	chén	2
樅	cōng	0
樆	lí	33
樇	xiū	3
樈	qíng	0
樉	shuǎng	60
樊	fán	299
樋	tōng	62
樌	guàn	0
樍	zé	0
樎	sù	0
樏	lěi	3
樐	lǔ	8
樑	liáng	2
樒	mì	0
樓	lóu	2
樔	cháo	0
樕	sù	0
樖	kē	0
樗	chū	61
樘	táng	68
標	biāo	6
樚	lù	4
樛	jiū	0
樜	zhè	0
樝	zhā	0
樞	shū	0
樟	zhāng	227
樠	mán	0
模	mó	1046
樢	niǎo	0
樣	yàng	0
樤	tiáo	0
樥	péng	0
樦	zhù	0
樧	shā	0
樨	xī	0
権	quán	0
横	héng	4321
樫	jiān	4
樬	cōng	0
樭	jī	0
樮	yān	0
樯	qiáng	54
樰	xuě	0
樱	yīng	336
樲	èr	0
樳	xún	0
樴	zhí	0
樵	qiáo	287
樶	zuī	0
樷	cóng	51
樸	pǔ	93
樹	shù	383
樺	huà	670
樻	kuì	916
樼	zhēn	440
樽	zūn	81
樾	yuè	42
樿	shàn	255
橀	xī	137
橁	chūn	3
橂	diàn	0
橃	fá	0
橄	gǎn	29
橅	mó	0
橆	wǔ	3
橇	qiāo	108
橈	ráo	237
橉	lìn	0
橊	liú	0
橋	qiáo	0
橌	xiàn	0
橍	rùn	0
橎	fán	0
橏	zhǎn	4
橐	tuó	153
橑	lǎo	4
橒	yún	0
橓	shùn	24
橔	dūn	3
橕	chēng	0
橖	táng	0
橗	méng	0
橘	jú	127
橙	chéng	489
橚	sù	7
橛	jué	52
橜	jué	4
橝	diàn	0
橞	huì	3
機	jī	0
橠	nuǒ	0
橡	xiàng	49
橢	tuǒ	0
橣	nǐng	0
橤	ruǐ	0
橥	zhū	9
橦	tóng	26
橧	zēng	0
橨	fén	0
橩	qióng	0
橪	rǎn	4
橫	héng	3
橬	qián	0
橭	gū	0
橮	liǔ	2
橯	lào	37
橰	gāo	0
橱	chú	391
橲	xǐ	0
橳	shèng	3
橴	zǐ	0
橵	san	0
橶	jí	0
橷	dōu	17
橸	jīng	20
橹	lǔ	256
橺	jian	0
橻	chu	0
橼	yuán	12
橽	tà	0
橾	shū	2
橿	jiāng	0
檀	tán	607
檁	lǐn	0
檂	nóng	0
檃	yǐn	0
檄	xí	203
檅	huì	2
檆	shān	0
檇	zuì	8
檈	xuán	23
檉	chēng	0
檊	gàn	0
檋	jú	0
檌	zuì	0
檍	yì	0
檎	qín	8
檏	pǔ	0
檐	yán	1465
檑	léi	0
檒	fēng	11
檓	huǐ	0
檔	dàng	0
檕	jì	0
檖	suì	0
檗	bò	5
檘	píng	3
檙	chéng	0
檚	chǔ	0
檛	zhuā	0
檜	guì	14
檝	jí	2
檞	jiě	19
檟	jiǎ	0
檠	qíng	19
檡	zhái	0
檢	jiǎn	2
檣	qiáng	0
檤	dào	0
檥	yǐ	0
檦	biǎo	0
檧	sōng	0
檨	shē	0
檩	lǐn	6
檪	lì	8
檫	chá	21
檬	méng	115
檭	yín	23
檮	táo	28
檯	tái	43
檰	mián	14
檱	qí	0
檲	tuán	465
檳	bīn	0
檴	huò	0
檵	jì	8
檶	qiān	19
檷	nǐ	24
檸	níng	58
檹	yī	7
檺	gǎo	17
檻	kǎn	56
檼	yìn	5
檽	nòu	12
檾	qǐng	2
檿	yǎn	13
櫀	qí	4
櫁	mì	9
櫂	zhào	0
櫃	guì	45
櫄	chūn	80
櫅	jī	2
櫆	kuí	15
櫇	pó	0
櫈	dèng	9
櫉	chú	179
櫊	gé	0
櫋	mián	5
櫌	yōu	52
櫍	zhì	0
櫎	huǎng	58
櫏	qiān	0
櫐	lěi	3
櫑	léi	0
櫒	sà	28
櫓	lǔ	41
櫔	lì	8
櫕	cuán	12
櫖	lǜ	3
櫗	miè	0
櫘	huì	389
櫙	ōu	276
櫚	lǘ	7
櫛	zhì	0
櫜	gāo	0
櫝	dú	0
櫞	yuán	0
櫟	lì	2
櫠	fèi	26
櫡	zhuó	14
櫢	sǒu	0
櫣	lián	0
櫤	jiàng	23
櫥	chú	8
櫦	qìng	8
櫧	zhū	274
櫨	lú	93
櫩	yán	0
櫪	lì	0
櫫	zhū	0
櫬	chèn	0
櫭	jié	0
櫮	è	0
櫯	sū	0
櫰	huái	0
櫱	niè	0
櫲	yù	0
櫳	lóng	0
櫴	lài	0
櫵	jiao	0
櫶	xiǎn	4
櫷	guī	0
櫸	jǔ	0
櫹	xiāo	2
櫺	líng	0
櫻	yīng	0
櫼	jiān	0
櫽	yǐn	0
櫾	yóu	0
櫿	yíng	0
欀	xiāng	0
欁	nóng	0
欂	bó	0
欃	chán	0
欄	lán	5
欅	jǔ	0
欆	shuāng	2
欇	shè	0
欈	wéi	0
欉	cóng	4
權	quán	3
欋	qú	3
欌	cáng	38
欍	jiù	62
欎	yù	1019
欏	luó	720
欐	lì	700
欑	cuán	366
欒	luán	378
欓	dǎng	237
欔	jué	4
欕	yán	0
欖	lǎn	0
欗	lán	0
欘	zhú	0
欙	léi	346
欚	lǐ	0
欛	bà	0
欜	náng	0
欝	yù	0
欞	líng	0
欟	guang	0
欠	qiàn	1566
次	cì	17947
欢	huān	1261
欣	xīn	350
欤	yú	163
欥	yì	0
欦	qiān	0
欧	ōu	2338
欨	xū	0
欩	chāo	0
欪	chù	0
欫	qì	0
欬	kài	0
欭	yì	0
欮	jué	0
欯	xì	0
欰	xù	0
欱	hē	0
欲	yù	5942
欳	kuì	0
欴	láng	0
欵	kuǎn	0
欶	shuò	0
欷	xī	19
欸	āi	3
欹	yī	27
欺	qī	990
欻	chuā	4
欼	chǐ	0
欽	qīn	0
款	kuǎn	1642
欿	kǎn	0
歀	kuǎn	4
歁	kǎn	0
歂	chuǎn	4
歃	shà	3
歄	guā	0
歅	yīn	0
歆	xīn	76
歇	xiē	2562
歈	yú	0
歉	qiàn	325
歊	xiāo	0
歋	yè	39
歌	gē	3039
歍	wū	9
歎	tàn	0
歏	jìn	0
歐	ōu	0
歑	hū	0
歒	tì	0
歓	huān	0
歔	xū	186
歕	pēn	0
歖	xǐ	0
歗	xiào	0
歘	chuā	2
歙	shè	62
歚	shàn	0
歛	hān	0
歜	chù	11
歝	yì	0
歞	è	0
歟	yú	0
歠	chuò	3
歡	huān	0
止	zhǐ	3196
正	zhèng	37763
此	cǐ	41979
步	bù	4285
武	wǔ	5241
歧	qí	129
歨	bù	0
歩	bù	3
歪	wāi	1253
歫	jù	0
歬	qián	0
歭	chí	3
歮	sè	0
歯	chǐ	0
歰	sè	3
歱	zhǒng	0
歲	suì	5
歳	suì	2
歴	lì	0
歵	zé	0
歶	yú	0
歷	lì	4
歸	guī	3
歹	dǎi	95
歺	è	0
死	sǐ	29983
歼	jiān	748
歽	zhé	0
歾	mò	0
歿	mò	0
殀	yāo	0
殁	mò	103
殂	cú	12
殃	yāng	61
殄	tiǎn	22
殅	shēng	0
殆	dài	59
殇	shāng	35
殈	xù	0
殉	xùn	303
殊	shū	566
残	cán	1391
殌	jué	28
殍	piǎo	0
殎	qià	0
殏	qiú	29
殐	sù	0
殑	qíng	6399
殒	yǔn	42
殓	liàn	115
殔	yì	3
殕	fǒu	15
殖	zhí	471
殗	yè	27
殘	cán	0
殙	hūn	0
殚	dān	17
殛	jí	23
殜	dié	0
殝	zhēn	2
殞	yǔn	0
殟	wēn	0
殠	chòu	3
殡	bìn	40
殢	tì	46
殣	jìn	39
殤	shāng	2
殥	yín	0
殦	diāo	5
殧	jiù	16
殨	huì	3
殩	cuàn	10
殪	yì	4
殫	dān	78
殬	dù	4
殭	jiāng	11
殮	liàn	6
殯	bìn	0
殰	dú	11
殱	jiān	0
殲	jiān	0
殳	shū	48
殴	ōu	159
段	duàn	23395
殶	zhù	0
殷	yīn	643
殸	qìng	0
殹	yì	0
殺	shā	0
殻	qiào	3
殼	ké	0
殽	xiáo	5
殾	xùn	0
殿	diàn	6506
毀	huǐ	5
毁	huǐ	3036
毂	gǔ	81
毃	qiāo	0
毄	jī	0
毅	yì	512
毆	ōu	0
毇	huǐ	0
毈	duàn	0
毉	yī	0
毊	xiāo	97
毋	wú	228
毌	guàn	4
母	mǔ	2975
毎	měi	7
每	měi	26048
毐	ǎi	44
毑	jiě	0
毒	dú	4357
毓	yù	145
比	bǐ	35305
毕	bì	3209
毖	bì	40
毗	pí	368
毘	pí	3
毙	bì	509
毚	chán	23
毛	máo	7753
毜	háo	0
毝	cǎi	2
毞	pí	7
毟	liě	0
毠	jiā	0
毡	zhān	507
毢	sāi	0
毣	mù	0
毤	tuò	2
毥	xún	0
毦	ěr	117
毧	róng	0
毨	xiǎn	0
毩	jú	0
毪	mú	4
毫	háo	408
毬	qiú	35
毭	dòu	0
毮	shā	0
毯	tǎn	154
毰	péi	0
毱	jú	0
毲	duō	0
毳	cuì	7
毴	bī	0
毵	sān	23
毶	sān	0
毷	mào	0
毸	sāi	0
毹	shū	3
毺	shū	0
毻	tuò	0
毼	hé	0
毽	jiàn	10
毾	tà	0
毿	sān	0
氀	lǘ	0
氁	mú	0
氂	máo	3
氃	tóng	0
氄	rǒng	0
氅	chǎng	48
氆	pǔ	0
氇	lu	2
氈	zhān	3
氉	sào	0
氊	zhān	0
氋	méng	0
氌	lǔ	0
氍	qú	4
氎	dié	0
氏	shì	2573
氐	dī	420
民	mín	6640
氒	jué	0
氓	máng	27
气	qì	17826
氕	piē	6
氖	nǎi	538
気	qì	0
氘	dāo	69
氙	xiān	46
氚	chuān	52
氛	fēn	91
氜	yáng	3
氝	nèi	0
氞	bin	0
氟	fú	483
氠	shēn	0
氡	dōng	74
氢	qīng	1011
氣	qì	942
氤	yīn	34
氥	xī	56
氦	hài	355
氧	yǎng	1319
氨	ān	2769
氩	yà	112
氪	kè	84
氫	qīng	319
氬	yà	626
氭	dōng	337
氮	dàn	671
氯	lǜ	503
氰	qíng	58
氱	yǎng	261
氲	yūn	170
氳	yūn	278
水	shuǐ	24314
氵	shui	22
氶	zhěng	105
氷	bīng	0
永	yǒng	1763
氹	dàng	3
氺	shuǐ	0
氻	lè	0
氼	nì	2
氽	tǔn	262
氾	fàn	204
氿	guǐ	3
汀	tīng	332
汁	zhī	819
求	qiú	6465
汃	bīn	0
汄	zè	0
汅	miǎn	0
汆	cuān	16
汇	huì	1235
汈	diāo	3
汉	hàn	8921
汊	chà	390
汋	zhuó	3
汌	chuàn	0
汍	wán	0
汎	fàn	2
汏	dà	0
汐	xī	5
汑	tuō	0
汒	máng	0
汓	qiú	0
汔	qì	5
汕	shàn	70
汖	pìn	0
汗	hàn	4274
汘	qiān	0
汙	wū	7
汚	wū	0
汛	xùn	91
汜	sì	87
汝	rǔ	1189
汞	gǒng	849
江	jiāng	6083
池	chí	1284
污	wū	414
汢	tu	0
汣	jiǔ	0
汤	tāng	4099
汥	zhī	0
汦	zhǐ	0
汧	qiān	12
汨	mì	24
汩	gǔ	6
汪	wāng	1317
汫	jǐng	0
汬	jǐng	0
汭	ruì	10
汮	jūn	0
汯	hóng	0
汰	tài	54
汱	quǎn	0
汲	jí	117
汳	biàn	3
汴	biàn	300
汵	gàn	378
汶	wèn	78
汷	zhōng	24
汸	fāng	2
汹	xiōng	11
決	jué	10
汻	hǔ	111
汼	niú	0
汽	qì	166
汾	fén	106
汿	xù	2
沀	xù	0
沁	qìn	332
沂	yí	153
沃	wò	174
沄	yún	0
沅	yuán	331
沆	hàng	0
沇	yǎn	0
沈	shěn	1358
沉	chén	2396
沊	dàn	0
沋	yóu	2
沌	dùn	8
沍	hù	0
沎	huò	0
沏	qī	159
沐	mù	893
沑	nǜ	3
沒	méi	4
沓	dá	177
沔	miǎn	1584
沕	mì	0
沖	chōng	15
沗	pāng	0
沘	bǐ	3
沙	shā	2932
沚	zhǐ	11
沛	pèi	116
沜	pàn	2
沝	zhuǐ	0
沞	zā	2
沟	gōu	2382
沠	liú	0
没	méi	52407
沢	zé	0
沣	fēng	133
沤	ōu	96
沥	lì	105
沦	lún	143
沧	cāng	173
沨	fēng	4
沩	wéi	6
沪	hù	2340
沫	mò	253
沬	mèi	6
沭	shù	34
沮	jǔ	196
沯	zá	0
沰	tuō	2
沱	tuó	96
沲	tuó	0
河	hé	12374
沴	lì	0
沵	mǐ	4
沶	yí	0
沷	fā	0
沸	fèi	233
油	yóu	5665
沺	tián	0
治	zhì	7500
沼	zhǎo	179
沽	gū	461
沾	zhān	1023
沿	yán	3356
泀	sī	0
況	kuàng	0
泂	jiǒng	0
泃	jū	10
泄	xiè	1021
泅	qiú	18
泆	yì	0
泇	jiā	3
泈	zhōng	0
泉	quán	1607
泊	pō	969
泋	huì	2
泌	mì	143
泍	bēn	0
泎	zé	0
泏	zhú	0
泐	lè	7
泑	yōu	2
泒	gū	11
泓	hóng	86
泔	gān	11
法	fǎ	23361
泖	mǎo	10
泗	sì	178
泘	hū	0
泙	píng	0
泚	cǐ	66
泛	fàn	1131
泜	zhī	0
泝	sù	3
泞	nìng	2
泟	chēng	39
泠	líng	60
泡	pào	2347
波	bō	3739
泣	qì	342
泤	sì	10
泥	ní	4354
泦	jú	112
泧	sà	32
注	zhù	2820
泩	shēng	3
泪	lèi	1970
泫	xuàn	27
泬	jué	2
泭	fú	21
泮	pàn	14
泯	mǐn	89
泰	tài	1317
泱	yāng	10
泲	jǐ	28
泳	yǒng	130
泴	guàn	3
泵	bèng	311
泶	xué	27
泷	lóng	27
泸	lú	36
泹	dàn	0
泺	luò	33
泻	xiè	476
泼	pō	923
泽	zé	645
泾	jīng	198
泿	yín	0
洀	pán	15
洁	jié	361
洂	yè	2
洃	huī	15
洄	huí	274
洅	zài	4
洆	chéng	0
洇	yīn	13
洈	wéi	10
洉	hòu	3
洊	jiàn	23
洋	yáng	1634
洌	liè	130
洍	sì	2
洎	jì	3
洏	ér	32
洐	xíng	0
洑	fú	15
洒	sǎ	1030
洓	sè	171
洔	zhǐ	0
洕	yìn	0
洖	wú	216
洗	xǐ	3202
洘	kǎo	3
洙	zhū	10
洚	jiàng	0
洛	luò	1059
洜	luò	96
洝	àn	0
洞	dòng	6944
洟	tì	299
洠	móu	0
洡	lèi	2
洢	yī	0
洣	mǐ	6
洤	quán	2
津	jīn	1960
洦	pò	36
洧	wěi	15
洨	xiáo	8
洩	xiè	103
洪	hóng	1853
洫	xù	4
洬	sù	0
洭	kuāng	2
洮	táo	74
洯	qiè	3
洰	jù	107
洱	ěr	20
洲	zhōu	3128
洳	rù	48
洴	píng	9
洵	xún	23
洶	xiōng	12
洷	zhì	0
洸	guāng	58
洹	huán	167
洺	míng	533
活	huó	8000
洼	wā	153
洽	qià	114
派	pài	21853
洿	wū	252
浀	qū	0
流	liú	9559
浂	yì	8
浃	jiā	272
浄	jìng	17
浅	qiǎn	2850
浆	jiāng	1192
浇	jiāo	605
浈	zhēn	14
浉	shī	142
浊	zhuó	341
测	cè	2083
浌	fá	0
浍	huì	25
济	jì	2043
浏	liú	46
浐	chǎn	239
浑	hún	832
浒	hǔ	31
浓	nóng	1887
浔	xún	93
浕	jìn	0
浖	liè	0
浗	qiú	209
浘	wěi	89
浙	zhè	725
浚	jùn	265
浛	hán	11
浜	bāng	7066
浝	máng	0
浞	zhuó	88
浟	yóu	0
浠	xī	4587
浡	bó	62
浢	dòu	0
浣	huàn	2516
浤	hóng	0
浥	yì	3
浦	pǔ	341
浧	yǐng	0
浨	lǎn	0
浩	hào	951
浪	làng	1165
浫	hǎn	0
浬	lǐ	2
浭	gēng	0
浮	fú	1394
浯	wú	38
浰	liàn	3
浱	chún	0
浲	féng	0
浳	yì	0
浴	yù	367
浵	tóng	0
浶	láo	0
海	hǎi	9676
浸	jìn	569
浹	jiā	0
浺	chōng	0
浻	jiǒng	0
浼	měi	949
浽	suī	0
浾	chēng	0
浿	pèi	0
涀	xiàn	0
涁	shèn	0
涂	tú	1449
涃	kùn	0
涄	pīng	0
涅	niè	649
涆	hàn	0
涇	jīng	0
消	xiāo	1673
涉	shè	806
涊	niǎn	0
涋	tū	0
涌	yǒng	2219
涍	xiào	0
涎	xián	172
涏	tǐng	0
涐	é	0
涑	sù	155
涒	tūn	16
涓	juān	12958
涔	cén	3116
涕	tì	88
涖	lì	83
涗	shuì	318
涘	sì	695
涙	lèi	276
涚	shuì	224
涛	tāo	480
涜	dú	168
涝	lào	166
涞	lái	270
涟	lián	383
涠	wéi	60
涡	wō	209
涢	yún	267
涣	huàn	168
涤	dí	120
涥	hēng	0
润	rùn	1690
涧	jiàn	326
涨	zhǎng	2090
涩	sè	321
涪	fú	68
涫	guàn	65
涬	xìng	0
涭	shòu	0
涮	shuàn	115
涯	yá	124
涰	chuò	0
涱	zhàng	0
液	yè	1669
涳	kōng	170
涴	wò	0
涵	hán	325
涶	tuō	0
涷	dōng	0
涸	hé	93
涹	wō	0
涺	jū	0
涻	shè	0
涼	liáng	0
涽	hūn	2
涾	tà	0
涿	zhuō	107
淀	diàn	118
淁	qiè	0
淂	dé	0
淃	juàn	0
淄	zī	60
淅	xī	60
淆	xiáo	12
淇	qí	432
淈	gǔ	0
淉	guǒ	4
淊	yān	0
淋	lín	471
淌	tǎng	396
淍	zhōu	0
淎	pěng	0
淏	hào	3
淐	chāng	0
淑	shū	1313
淒	qī	2
淓	fāng	0
淔	zhí	0
淕	lù	0
淖	nào	388
淗	jú	0
淘	táo	450
淙	cóng	115
淚	lèi	0
淛	zhè	4
淜	píng	0
淝	féi	128
淞	sōng	217
淟	tiǎn	0
淠	pì	59
淡	dàn	1451
淢	yù	0
淣	ní	0
淤	yū	405
淥	lù	4
淦	gàn	86
淧	mì	0
淨	jìng	152
淩	líng	0
淪	lún	0
淫	yín	519
淬	cuì	134
淭	qú	0
淮	huái	1305
淯	yù	59
淰	niǎn	0
深	shēn	10646
淲	biāo	0
淳	chún	302
淴	hū	0
淵	yuān	0
淶	lái	0
混	hùn	2882
淸	qīng	16
淹	yān	266
淺	qiǎn	0
添	tiān	1397
淼	miǎo	147
淽	zhǐ	0
淾	yǐn	3
淿	bó	0
渀	bèn	0
渁	yuān	0
渂	wèn	0
渃	ruò	0
渄	fēi	0
清	qīng	17519
渆	yuān	13
渇	kě	0
済	jì	61
渉	shè	0
渊	yuān	412
渋	sè	0
渌	lù	174
渍	zì	147
渎	dú	245
渏	yī	0
渐	jiàn	4325
渑	miǎn	23
渒	pài	0
渓	xī	0
渔	yú	796
渕	yuān	0
渖	shěn	40
渗	shèn	388
渘	róu	24
渙	huàn	5
渚	zhǔ	340
減	jiǎn	0
渜	nuǎn	0
渝	yú	976
渞	qiú	2
渟	tíng	3
渠	qú	934
渡	dù	2090
渢	fán	0
渣	zhā	411
渤	bó	233
渥	wò	214
渦	wō	0
渧	dì	0
渨	wēi	0
温	wēn	2797
渪	rú	0
渫	xiè	21
測	cè	4
渭	wèi	204
渮	hé	4
港	gǎng	5353
渰	yǎn	16
渱	hóng	0
渲	xuàn	139
渳	mǐ	2
渴	kě	506
渵	máo	0
渶	yīng	195
渷	yǎn	13
游	yóu	7272
渹	hōng	2
渺	miǎo	100
渻	shěng	0
渼	měi	7
渽	zāi	0
渾	hún	20
渿	nài	14
湀	guǐ	120
湁	chì	1647
湂	è	0
湃	pài	58
湄	méi	26
湅	liàn	547
湆	qì	0
湇	qì	68
湈	méi	2
湉	tián	37
湊	còu	0
湋	wéi	0
湌	cān	0
湍	tuān	202
湎	miǎn	66
湏	huì	0
湐	mò	2
湑	xū	3
湒	jí	0
湓	pén	45
湔	jiān	25
湕	jiǎn	14
湖	hú	12466
湗	fèng	389
湘	xiāng	3778
湙	yì	0
湚	yìn	0
湛	zhàn	63
湜	shí	106
湝	jiē	23
湞	zhēn	26
湟	huáng	92
湠	tàn	2
湡	yú	406
湢	bì	2
湣	mǐn	21
湤	shī	0
湥	tū	2
湦	shēng	4
湧	yǒng	0
湨	jú	11
湩	dòng	0
湪	tuàn	1618
湫	jiǎo	82
湬	jiǎo	3
湭	qiú	49
湮	yān	68
湯	tāng	7
湰	lóng	203
湱	huò	0
湲	yuán	6
湳	nǎn	34
湴	bàn	1211
湵	yǒu	243
湶	quán	52
湷	zhuāng	0
湸	liàng	2
湹	chán	27
湺	xián	0
湻	chún	6
湼	niè	9
湽	zī	0
湾	wān	2030
湿	shī	2030
満	mǎn	253
溁	yíng	0
溂	là	312
溃	kuì	481
溄	féng	8
溅	jiàn	611
溆	xù	60
溇	lóu	7
溈	wéi	0
溉	gài	40
溊	bō	0
溋	yíng	0
溌	pō	0
溍	jìn	56
溎	yàn	2
溏	táng	58
源	yuán	4016
溑	suǒ	0
溒	yuán	0
溓	lián	0
溔	yǎo	0
溕	méng	0
準	zhǔn	14
溗	chéng	0
溘	kè	6
溙	tài	0
溚	tǎ	0
溛	wā	0
溜	liū	1757
溝	gōu	0
溞	sāo	17
溟	míng	27
溠	zhà	0
溡	shí	0
溢	yì	287
溣	lùn	0
溤	mǎ	0
溥	pǔ	53
溦	wēi	0
溧	lì	24
溨	zāi	0
溩	wù	0
溪	xī	1335
溫	wēn	3
溬	qiāng	0
溭	zé	0
溮	shī	0
溯	sù	315
溰	ái	0
溱	qín	3
溲	sōu	40
溳	yún	0
溴	xiù	317
溵	yīn	0
溶	róng	867
溷	hùn	11
溸	sù	0
溹	suò	0
溺	nì	183
溻	tā	0
溼	shī	0
溽	rù	5
溾	āi	21
溿	pàn	68
滀	chù	595
滁	chú	30
滂	pāng	100
滃	wēng	924
滄	cāng	1241
滅	miè	385
滆	gé	571
滇	diān	763
滈	hào	254
滉	huàng	8
滊	xì	0
滋	zī	661
滌	dí	0
滍	zhì	0
滎	xíng	0
滏	fǔ	28
滐	jié	114
滑	huá	2933
滒	gē	0
滓	zǐ	23
滔	tāo	56
滕	téng	174
滖	suī	0
滗	bì	5
滘	jiào	8
滙	huì	2
滚	gǔn	2737
滛	yín	0
滜	gāo	0
滝	lóng	0
滞	zhì	446
滟	yàn	8
滠	shè	7
满	mǎn	9603
滢	yíng	7
滣	chún	0
滤	lǜ	274
滥	làn	462
滦	luán	100
滧	yáo	0
滨	bīn	835
滩	tān	1332
滪	yù	0
滫	xiǔ	0
滬	hù	0
滭	bì	0
滮	biāo	0
滯	zhì	0
滰	jiàng	0
滱	kòu	7
滲	shèn	2
滳	shāng	0
滴	dī	1475
滵	mì	0
滶	áo	0
滷	lǔ	0
滸	hǔ	0
滹	hū	8
滺	yōu	7
滻	chǎn	0
滼	fàn	0
滽	yōng	0
滾	gǔn	0
滿	mǎn	0
漀	qǐng	0
漁	yú	66
漂	piāo	424
漃	jì	0
漄	yá	0
漅	cháo	12
漆	qī	1163
漇	xǐ	0
漈	jì	11
漉	lù	21
漊	lóu	20
漋	lóng	0
漌	jǐn	0
漍	guó	0
漎	cóng	0
漏	lòu	1057
漐	zhí	0
漑	gài	4
漒	qiáng	0
漓	lí	150
演	yǎn	2790
漕	cáo	346
漖	jiào	0
漗	cōng	0
漘	chún	0
漙	tuán	0
漚	ōu	0
漛	téng	0
漜	yě	0
漝	xí	0
漞	mì	0
漟	táng	0
漠	mò	343
漡	shāng	14
漢	hàn	0
漣	lián	0
漤	lǎn	2
漥	wā	0
漦	chí	0
漧	gān	0
漨	féng	0
漩	xuán	525
漪	yī	37
漫	màn	841
漬	zì	0
漭	mǎng	2
漮	kāng	3
漯	luò	24
漰	pēng	0
漱	shù	131
漲	zhǎng	0
漳	zhāng	175
漴	zhuàng	4
漵	xù	0
漶	huàn	2
漷	huǒ	6
漸	jiàn	3
漹	yān	0
漺	shuǎng	0
漻	liáo	0
漼	cuǐ	2
漽	tí	18
漾	yàng	106
漿	jiāng	0
潀	cóng	0
潁	yǐng	0
潂	hóng	0
潃	xiǔ	735
潄	shù	26
潅	guàn	28
潆	yíng	4
潇	xiāo	79
潈	zong	56
潉	kūn	0
潊	xù	0
潋	liàn	2
潌	zhì	18
潍	wéi	41
潎	pì	15
潏	yù	4
潐	jiào	0
潑	pō	4
潒	dàng	0
潓	huì	0
潔	jié	0
潕	wǔ	210
潖	pá	43
潗	jí	105
潘	pān	573
潙	wéi	26
潚	sù	43
潛	qián	0
潜	qián	1733
潝	xī	0
潞	lù	168
潟	xì	155
潠	xùn	2
潡	dùn	32
潢	huáng	70
潣	mǐn	12
潤	rùn	49
潥	sù	69
潦	lǎo	67
潧	zhēn	74
潨	cóng	8
潩	yì	13
潪	zhè	54
潫	wān	29
潬	shàn	38
潭	tán	896
潮	cháo	1645
潯	xún	137
潰	kuì	354
潱	yē	4
潲	shào	10
潳	tú	2
潴	zhū	29
潵	sǎ	1038
潶	hēi	26
潷	bì	0
潸	shān	6
潹	chán	256
潺	chán	13
潻	shǔ	225
潼	tóng	23
潽	pū	0
潾	lín	0
潿	wéi	8
澀	sè	0
澁	sè	0
澂	chéng	41
澃	jiǒng	7
澄	chéng	623
澅	huà	0
澆	jiāo	0
澇	lào	2
澈	chè	59
澉	gǎn	6
澊	cūn	4
澋	hòng	0
澌	sī	7
澍	shù	17
澎	pēng	61
澏	hán	2
澐	yún	0
澑	liù	0
澒	hòng	9
澓	fú	0
澔	hào	0
澕	hé	0
澖	xián	2
澗	jiàn	28
澘	shān	30
澙	xì	0
澚	yu	0
澛	lǔ	2
澜	lán	368
澝	nìng	0
澞	yú	0
澟	lǐn	0
澠	miǎn	0
澡	zǎo	190
澢	dāng	0
澣	huàn	3
澤	zé	0
澥	xiè	2
澦	yù	0
澧	lǐ	705
澨	shì	0
澩	xué	0
澪	líng	0
澫	wàn	0
澬	zī	0
澭	yōng	0
澮	huì	0
澯	càn	0
澰	liàn	0
澱	diàn	0
澲	yè	0
澳	ào	678
澴	huán	2
澵	zhēn	0
澶	chán	3462
澷	màn	0
澸	dǎn	0
澹	dàn	620
澺	yì	0
澻	suì	0
澼	pì	0
澽	jù	0
澾	tà	0
澿	qín	0
激	jī	1242
濁	zhuó	0
濂	lián	1301
濃	nóng	16
濄	guō	86
濅	jìn	230
濆	fén	408
濇	sè	354
濈	jí	216
濉	suī	166
濊	huì	192
濋	chǔ	154
濌	tà	0
濍	sōng	0
濎	dǐng	0
濏	sè	0
濐	zhǔ	0
濑	lài	17
濒	bīn	329
濓	lián	228
濔	mǐ	0
濕	shī	0
濖	shù	0
濗	mì	0
濘	nìng	0
濙	yíng	66
濚	yíng	0
濛	méng	88
濜	jìn	0
濝	qí	0
濞	bì	208
濟	jì	0
濠	háo	192
濡	rú	547
濢	cuì	0
濣	wò	0
濤	tāo	0
濥	yǐn	0
濦	yǐn	0
濧	duì	0
濨	cí	0
濩	huò	12
濪	qìng	0
濫	làn	0
濬	jùn	59
濭	ǎi	0
濮	pú	618
濯	zhuó	64
濰	wéi	0
濱	bīn	0
濲	gǔ	0
濳	qián	0
濴	yíng	0
濵	bīn	0
濶	kuò	0
濷	fèi	0
濸	cāng	2
濹	me	0
濺	jiàn	107
濻	wěi	0
濼	luò	0
濽	zàn	0
濾	lǜ	0
濿	lì	0
瀀	yōu	11
瀁	yàng	0
瀂	lǔ	0
瀃	sì	234
瀄	zhì	0
瀅	yíng	0
瀆	dú	0
瀇	wǎng	0
瀈	huī	0
瀉	xiè	0
瀊	pán	0
瀋	shěn	0
瀌	biāo	0
瀍	chán	6
瀎	mò	0
瀏	liú	0
瀐	jiān	0
瀑	pù	131
瀒	sè	0
瀓	chéng	0
瀔	gǔ	0
瀕	bīn	0
瀖	huò	0
瀗	xiàn	0
瀘	lú	2
瀙	qìn	0
瀚	hàn	86
瀛	yíng	1332
瀜	róng	0
瀝	lì	2
瀞	jìng	0
瀟	xiāo	0
瀠	yíng	0
瀡	suǐ	0
瀢	wěi	0
瀣	xiè	3
瀤	huái	0
瀥	xuè	0
瀦	zhū	0
瀧	lóng	0
瀨	lài	0
瀩	duì	0
瀪	fán	0
瀫	hú	0
瀬	lài	78
瀭	shū	3
瀮	ling	0
瀯	yíng	25
瀰	mí	51
瀱	jì	0
瀲	liàn	0
瀳	jiàn	0
瀴	yíng	7
瀵	fèn	740
瀶	lín	0
瀷	yì	25
瀸	jiān	0
瀹	yuè	1733
瀺	chán	13
瀻	dài	14
瀼	ráng	14
瀽	jiǎn	8
瀾	lán	0
瀿	fán	9
灀	shuàng	0
灁	yuān	0
灂	zhuó	2
灃	fēng	0
灄	shè	52
灅	lěi	0
灆	lán	0
灇	cóng	0
灈	qú	0
灉	yōng	85
灊	qián	15
灋	fǎ	0
灌	guàn	1692
灍	jué	2
灎	yàn	2
灏	hào	2196
灐	yíng	0
灑	sǎ	0
灒	zàn	7
灓	luán	0
灔	yàn	3
灕	lí	0
灖	mǐ	15
灗	shàn	0
灘	tān	4
灙	dǎng	204
灚	jiǎo	4
灛	chǎn	3
灜	yíng	8
灝	hào	6
灞	bà	1209
灟	zhú	2
灠	lǎn	4
灡	lán	0
灢	nǎng	0
灣	wān	0
灤	luán	0
灥	xún	3
灦	xiǎn	34
灧	yàn	0
灨	gàn	0
灩	yàn	0
灪	yù	6
火	huǒ	8518
灬	biāo	0
灭	miè	3504
灮	guāng	8
灯	dēng	3427
灰	huī	2873
灱	xiāo	0
灲	xiāo	0
灳	huī	0
灴	hōng	0
灵	líng	3339
灶	zào	953
灷	zhuàn	0
灸	jiǔ	431
灹	zhà	0
灺	xiè	0
灻	chì	0
灼	zhuó	477
災	zāi	0
灾	zāi	1043
灿	càn	164
炀	yáng	35
炁	qì	2
炂	zhōng	0
炃	fén	0
炄	niǔ	0
炅	jiǒng	25
炆	wén	165
炇	pū	0
炈	yì	4
炉	lú	1583
炊	chuī	198
炋	pī	0
炌	kài	0
炍	pàn	0
炎	yán	738
炏	kài	0
炐	pàng	0
炑	mù	0
炒	chǎo	4473
炓	liào	0
炔	guì	84
炕	kàng	1327
炖	dùn	262
炗	guāng	0
炘	xīn	0
炙	zhì	252
炚	guāng	0
炛	guāng	0
炜	wěi	43
炝	qiàng	87
炞	bian	0
炟	dá	15
炠	xiá	0
炡	zhēng	0
炢	zhú	5
炣	kě	0
炤	zhào	41
炥	fú	0
炦	bá	0
炧	xiè	0
炨	xiè	0
炩	lìng	7
炪	zhuō	49
炫	xuàn	166
炬	jù	274
炭	tàn	374
炮	pào	3599
炯	jiǒng	594
炰	páo	206
炱	tái	37
炲	tái	385
炳	bǐng	216
炴	yǎng	247
炵	tōng	221
炶	shǎn	141
炷	zhù	158
炸	zhà	2119
点	diǎn	24685
為	wèi	105
炻	shí	18
炼	liàn	1100
炽	chì	191
炾	huǎng	0
炿	zhōu	0
烀	hū	12
烁	shuò	102
烂	làn	1495
烃	tīng	228
烄	jiǎo	0
烅	xù	0
烆	héng	0
烇	quǎn	100
烈	liè	2019
烉	huàn	0
烊	yáng	78
烋	xiū	0
烌	xiū	0
烍	xiǎn	0
烎	yín	0
烏	wū	2
烐	zhōu	0
烑	yáo	0
烒	shì	0
烓	wēi	0
烔	tóng	0
烕	miè	0
烖	zāi	3
烗	kài	3
烘	hōng	843
烙	lào	322
烚	xiá	0
烛	zhú	524
烜	xuǎn	24
烝	zhēng	8
烞	pò	0
烟	yān	3894
烠	huí	0
烡	guāng	0
烢	chè	0
烣	huī	0
烤	kǎo	3606
烥	jù	0
烦	fán	1221
烧	shāo	4867
烨	yè	29
烩	huì	841
烫	tàng	1024
烬	jìn	29
热	rè	11755
烮	liè	0
烯	xī	161
烰	fú	0
烱	jiǒng	3
烲	xiè	0
烳	pǔ	0
烴	tīng	3
烵	zhuó	0
烶	tǐng	25
烷	wán	177
烸	hǎi	0
烹	pēng	209
烺	lǎng	39
烻	yàn	118
烼	xù	4
烽	fēng	88
烾	chì	0
烿	róng	0
焀	hú	0
焁	xī	0
焂	shū	0
焃	hè	8
焄	xūn	8
焅	kù	0
焆	juān	0
焇	xiāo	5
焈	xī	0
焉	yān	827
焊	hàn	170
焋	zhuàng	4
焌	jùn	4
焍	dì	0
焎	xiè	0
焏	jí	0
焐	wù	105
焑	yān	4
焒	lǚ	0
焓	hán	79
焔	yàn	0
焕	huàn	210
焖	mèn	1137
焗	jú	12
焘	dào	81
焙	bèi	179
焚	fén	584
焛	lìn	0
焜	kūn	19
焝	hùn	0
焞	tūn	9
焟	xī	0
焠	cuì	0
無	wú	2
焢	hōng	0
焣	chǎo	52
焤	fǔ	5
焥	wò	0
焦	jiāo	1295
焧	cōng	3
焨	fèng	0
焩	píng	0
焪	qióng	12
焫	ruò	2
焬	xī	0
焭	qióng	0
焮	xìn	6
焯	chāo	80
焰	yàn	274
焱	yàn	58
焲	yì	0
焳	jué	0
焴	yù	7
焵	gàng	0
然	rán	3720
焷	pí	0
焸	xiòng	2
焹	gàng	2
焺	shēng	17
焻	chàng	5
焼	shāo	14
焽	xiǒng	0
焾	niǎn	0
焿	gēng	0
煀	wei	4
煁	chén	16
煂	hè	5
煃	kuǐ	6
煄	zhǒng	38
煅	duàn	51
煆	xiā	5
煇	huī	156
煈	fèng	0
煉	liàn	0
煊	xuān	61
煋	xīng	8
煌	huáng	680
煍	jiǎo	33
煎	jiān	2503
煏	bì	2
煐	yīng	0
煑	zhǔ	0
煒	wěi	0
煓	tuān	0
煔	shǎn	0
煕	xī	8
煖	nuǎn	12
煗	nuǎn	0
煘	chán	0
煙	yān	10
煚	jiǒng	160
煛	jiǒng	0
煜	yù	115
煝	mèi	0
煞	shā	588
煟	wèi	3
煠	zhá	5
煡	jìn	289
煢	qióng	0
煣	róu	0
煤	méi	2553
煥	huàn	2
煦	xù	52
照	zhào	5076
煨	wēi	874
煩	fán	141
煪	qiú	0
煫	suì	0
煬	yáng	8
煭	liè	26
煮	zhǔ	2268
煯	jiē	3
煰	zào	0
煱	guā	0
煲	bāo	140
煳	hú	121
煴	yūn	7
煵	nǎn	0
煶	shì	460
煷	liang	0
煸	biān	24
煹	gòu	7
煺	tuì	31
煻	táng	3
煼	chǎo	6
煽	shān	189
煾	ēn	2
煿	bó	26
熀	huǎng	35
熁	xié	0
熂	xì	0
熃	wù	0
熄	xī	292
熅	yùn	0
熆	hé	0
熇	hè	0
熈	xī	0
熉	yún	0
熊	xióng	1517
熋	nái	2
熌	shǎn	12
熍	qióng	0
熎	yào	0
熏	xūn	500
熐	mì	0
熑	lián	0
熒	yíng	2
熓	wǔ	0
熔	róng	463
熕	gōng	0
熖	yàn	3
熗	qiàng	0
熘	liū	38
熙	xī	918
熚	bì	2
熛	biāo	0
熜	cōng	348
熝	lù	0
熞	jiān	0
熟	shú	4974
熠	yì	3
熡	lóu	0
熢	péng	0
熣	suī	0
熤	yì	0
熥	tēng	4
熦	jué	0
熧	zōng	2
熨	yùn	87
熩	hù	0
熪	yí	0
熫	zhì	0
熬	áo	1237
熭	wèi	0
熮	liǔ	0
熯	hàn	9
熰	ōu	0
熱	rè	2
熲	jiǒng	104
熳	màn	27
熴	kūn	62
熵	shāng	189
熶	cuàn	584
熷	zēng	1039
熸	jiān	795
熹	xī	76
熺	xī	474
熻	xī	331
熼	yì	304
熽	xiào	3
熾	chì	0
熿	huáng	0
燀	chǎn	0
燁	yè	5
燂	tán	211
燃	rán	571
燄	yàn	0
燅	xún	0
燆	qiāo	0
燇	jùn	0
燈	dēng	3
燉	dùn	21
燊	shēn	16
燋	jiāo	0
燌	fén	0
燍	sī	0
燎	liáo	90
燏	yù	10
燐	lín	0
燑	tóng	0
燒	shāo	0
燓	fén	0
燔	fán	12
燕	yàn	1537
燖	xún	0
燗	làn	0
燘	měi	0
燙	tàng	0
燚	yì	0
燛	jiǒng	0
燜	mèn	0
燝	jing	3
燞	jiǎo	0
營	yíng	0
燠	yù	9
燡	yì	0
燢	xué	0
燣	lán	0
燤	tài	0
燥	zào	379
燦	càn	0
燧	suì	130
燨	xī	0
燩	què	0
燪	zǒng	2
燫	lián	95
燬	huǐ	0
燭	zhú	5
燮	xiè	38
燯	líng	0
燰	wēi	0
燱	yì	0
燲	xié	0
燳	zhào	0
燴	huì	0
燵	dá	0
燶	nóng	0
燷	lán	0
燸	rú	0
燹	xiǎn	0
燺	hè	2
燻	xūn	6
燼	jìn	0
燽	chóu	0
燾	dào	7
燿	yào	0
爀	hè	0
爁	làn	0
爂	biāo	0
爃	róng	0
爄	lì	0
爅	mò	0
爆	bào	1593
爇	ruò	2
爈	lǜ	0
爉	là	0
爊	āo	2
爋	xūn	0
爌	kuàng	3
爍	shuò	0
爎	liáo	0
爏	lì	0
爐	lú	0
爑	jué	0
爒	liǎo	0
爓	yàn	0
爔	xī	0
爕	xiè	0
爖	lóng	0
爗	yè	0
爘	cān	0
爙	rǎng	0
爚	yuè	0
爛	làn	19
爜	cóng	5
爝	jué	0
爞	chóng	36
爟	guàn	0
爠	ju	0
爡	chè	0
爢	mí	7
爣	tǎng	24
爤	làn	0
爥	zhú	0
爦	lǎn	0
爧	líng	2
爨	cuàn	42
爩	yù	0
爪	zhǎo	1287
爫	zhǎo	14
爬	pá	4046
爭	zhēng	27
爮	páo	0
爯	chēng	0
爰	yuán	136
爱	ài	14878
爲	wèi	100
爳	han	0
爴	jué	0
爵	jué	579
父	fù	2991
爷	yé	3172
爸	bà	1670
爹	diē	3182
爺	yé	20
爻	yáo	85
爼	zǔ	2
爽	shuǎng	630
爾	ěr	15
爿	pán	140
牀	chuáng	5
牁	kē	11
牂	zāng	30
牃	dié	0
牄	qiāng	0
牅	yōng	0
牆	qiáng	0
片	piàn	6168
版	bǎn	4626
牉	pàn	0
牊	cháo	0
牋	jiān	0
牌	pái	3184
牍	dú	96
牎	chuāng	28
牏	yú	5
牐	zhá	6
牑	biān	0
牒	dié	276
牓	bǎng	0
牔	bó	0
牕	chuāng	0
牖	yǒu	40
牗	yǒu	0
牘	dú	3
牙	yá	2746
牚	chēng	30
牛	niú	6339
牜	niú	0
牝	pìn	27
牞	jiū	4
牟	móu	221
牠	tā	40
牡	mǔ	611
牢	láo	1215
牣	rèn	0
牤	māng	6
牥	fāng	7
牦	máo	2
牧	mù	835
牨	gāng	0
物	wù	8620
牪	yàn	0
牫	gē	0
牬	bèi	57
牭	sì	5
牮	jiàn	2
牯	gǔ	77
牰	yòu	0
牱	gē	320
牲	shēng	137
牳	mǔ	19
牴	dǐ	100
牵	qiān	1969
牶	quàn	0
牷	quán	0
牸	zì	59
特	tè	7898
牺	xī	37
牻	máng	18
牼	kēng	0
牽	qiān	0
牾	wǔ	10
牿	gù	0
犀	xī	133
犁	lí	518
犂	lí	0
犃	pǒu	0
犄	jī	3
犅	gāng	0
犆	zhí	0
犇	bēn	0
犈	quán	0
犉	chún	0
犊	dú	116
犋	jù	9
犌	jiā	0
犍	jiān	105
犎	fēng	2
犏	piān	11
犐	kē	0
犑	jú	0
犒	kào	99
犓	chú	0
犔	xì	0
犕	bèi	0
犖	luò	0
犗	jiè	0
犘	má	0
犙	sān	0
犚	wèi	0
犛	máo	2
犜	dūn	0
犝	tóng	0
犞	qiáo	0
犟	jiàng	95
犠	xī	0
犡	lì	0
犢	dú	0
犣	liè	0
犤	pái	0
犥	piāo	0
犦	bó	0
犧	xī	0
犨	chōu	3
犩	wéi	0
犪	kuí	0
犫	chōu	11
犬	quǎn	597
犭	quǎn	6
犮	bá	40
犯	fàn	3742
犰	qiú	0
犱	jǐ	629
犲	chái	839
犳	zhuó	837
犴	àn	16
犵	gē	371
状	zhuàng	6316
犷	guǎng	7
犸	mà	0
犹	yóu	1389
犺	kàng	363
犻	bó	128
犼	hǒu	6
犽	yà	0
犾	yín	0
犿	huān	0
狀	zhuàng	0
狁	yǔn	54
狂	kuáng	1757
狃	niǔ	0
狄	dí	422
狅	kuáng	114
狆	zhòng	0
狇	mù	0
狈	bèi	72
狉	pī	0
狊	jú	0
狋	yí	0
狌	shēng	0
狍	páo	77
狎	xiá	65
狏	tuó	0
狐	hú	542
狑	líng	0
狒	fèi	2
狓	pí	8
狔	nǐ	3
狕	yǎo	0
狖	yòu	86
狗	gǒu	3801
狘	xuè	0
狙	jū	17
狚	dàn	0
狛	bó	0
狜	kǔ	0
狝	xiǎn	11
狞	níng	12
狟	huán	0
狠	hěn	1611
狡	jiǎo	140
狢	hé	10
狣	zhào	0
狤	jí	3
狥	xùn	0
狦	shān	0
狧	tà	0
狨	róng	13
狩	shòu	78
狪	tóng	0
狫	lǎo	0
独	dú	2859
狭	xiá	743
狮	shī	754
狯	kuài	2
狰	zhēng	6
狱	yù	849
狲	sūn	117
狳	yú	0
狴	bì	3
狵	máng	0
狶	xī	0
狷	juàn	6
狸	lí	75
狹	xiá	0
狺	yín	11
狻	suān	178
狼	láng	2679
狽	bèi	0
狾	zhì	0
狿	yán	0
猀	shā	0
猁	lì	5
猂	hàn	15
猃	xiǎn	5
猄	jīng	2
猅	pái	0
猆	fēi	0
猇	xiāo	280
猈	bài	0
猉	qí	5
猊	ní	10
猋	biāo	0
猌	yìn	0
猍	lái	0
猎	liè	603
猏	jiān	0
猐	qiāng	0
猑	kūn	0
猒	yàn	0
猓	guǒ	214
猔	zòng	0
猕	mí	7
猖	chāng	30
猗	yī	58
猘	zhì	0
猙	zhēng	0
猚	yá	7
猛	měng	3459
猜	cāi	2365
猝	cù	34
猞	shē	0
猟	liè	0
猠	diǎn	0
猡	luó	3
猢	hú	10
猣	zōng	0
猤	guì	0
猥	wěi	44
猦	fēng	0
猧	wō	0
猨	yuán	0
猩	xīng	95
猪	zhū	3108
猫	māo	1908
猬	wèi	120
猭	chuān	0
献	xiàn	3934
猯	tuān	0
猰	yà	0
猱	náo	66
猲	xiē	35
猳	jiā	0
猴	hóu	1302
猵	biān	0
猶	yóu	0
猷	yóu	35
猸	méi	0
猹	chá	0
猺	yáo	8
猻	sūn	0
猼	bó	0
猽	míng	0
猾	huá	17
猿	yuán	559
獀	sōu	0
獁	mà	16
獂	yuán	6
獃	dāi	0
獄	yù	0
獅	shī	0
獆	háo	4
獇	qiāng	0
獈	yì	19
獉	zhēn	0
獊	cāng	40
獋	háo	28
獌	màn	8
獍	jìng	19
獎	jiǎng	6
獏	mò	26
獐	zhāng	164
獑	chán	0
獒	áo	53
獓	áo	8
獔	háo	0
獕	cuī	3
獖	bèn	0
獗	jué	76
獘	bì	7
獙	bì	35
獚	huáng	2
獛	pú	0
獜	lín	2
獝	xù	4
獞	tóng	17
獟	yào	0
獠	liáo	90
獡	shuò	4
獢	xiāo	0
獣	shòu	0
獤	dūn	0
獥	jiào	15
獦	gé	4
獧	juàn	0
獨	dú	24
獩	huì	0
獪	kuài	4
獫	xiǎn	18
獬	xiè	95
獭	tǎ	117
獮	xiǎn	0
獯	xūn	51
獰	níng	2
獱	biān	0
獲	huò	0
獳	nòu	0
獴	měng	15
獵	liè	0
獶	nǎo	0
獷	guǎng	0
獸	shòu	0
獹	lú	0
獺	tǎ	0
獻	xiàn	0
獼	mí	0
獽	ráng	0
獾	huān	632
獿	nǎo	0
玀	luó	0
玁	xiǎn	13
玂	qí	0
玃	jué	0
玄	xuán	1220
玅	miào	0
玆	zī	3
率	lǜ	8539
玈	lú	3
玉	yù	5140
玊	sù	0
王	wáng	19704
玌	qiú	0
玍	gǎ	0
玎	dīng	90
玏	lè	0
玐	bā	0
玑	jī	61
玒	hóng	0
玓	dì	0
玔	chuàn	0
玕	gān	26
玖	jiǔ	98
玗	yú	2
玘	qǐ	53
玙	yú	4
玚	chàng	2
玛	mǎ	550
玜	hóng	0
玝	wǔ	11
玞	fū	2
玟	wén	3
玠	jiè	106
玡	yá	19
玢	bīn	10
玣	biàn	0
玤	bàng	0
玥	yuè	9
玦	jué	15
玧	mén	0
玨	jué	0
玩	wán	4207
玪	jiān	2
玫	méi	464
玬	dǎn	0
玭	pín	0
玮	wěi	382
环	huán	4066
现	xiàn	8541
玱	qiāng	0
玲	líng	162
玳	dài	27
玴	yì	0
玵	án	0
玶	píng	0
玷	diàn	11
玸	fú	0
玹	xuán	301
玺	xǐ	230
玻	bō	377
玼	cǐ	0
玽	gǒu	0
玾	jiǎ	0
玿	sháo	0
珀	pò	146
珁	cí	0
珂	kē	1043
珃	rǎn	0
珄	shēng	0
珅	shēn	189
珆	yí	0
珇	zǔ	0
珈	jiā	273
珉	mín	2
珊	shān	1892
珋	liǔ	0
珌	bì	9
珍	zhēn	1183
珎	zhēn	4
珏	jué	3
珐	fà	59
珑	lóng	110
珒	jīn	41
珓	jiào	4
珔	jiàn	0
珕	lì	0
珖	guāng	0
珗	xiān	150
珘	zhōu	4
珙	gǒng	15
珚	yān	0
珛	xiù	123
珜	yáng	11
珝	xǔ	0
珞	luò	1569
珟	sù	224
珠	zhū	2668
珡	qín	3
珢	yín	0
珣	xún	20
珤	bǎo	0
珥	ěr	15
珦	xiàng	9
珧	yáo	2
珨	xiá	0
珩	háng	267
珪	guī	336
珫	chōng	20
珬	xù	0
班	bān	4674
珮	pèi	332
珯	lǎo	86
珰	dāng	523
珱	yīng	0
珲	huī	96
珳	wén	0
珴	é	3
珵	chéng	39
珶	dì	60
珷	wǔ	32
珸	wú	0
珹	chéng	3
珺	jùn	7
珻	méi	0
珼	bèi	0
珽	tǐng	10
現	xiàn	9
珿	chù	0
琀	hán	0
琁	xuán	0
琂	yán	0
球	qiú	5650
琄	xuàn	0
琅	láng	300
理	lǐ	6890
琇	xiù	51
琈	fú	0
琉	liú	226
琊	yá	53
琋	xī	0
琌	líng	0
琍	lí	17
琎	jìn	56
琏	liǎn	167
琐	suǒ	247
琑	suǒ	0
琒	fēng	0
琓	wán	29
琔	diàn	0
琕	pín	0
琖	zhǎn	0
琗	sè	2
琘	mín	4
琙	yù	0
琚	jū	307
琛	chēn	583
琜	lái	0
琝	mín	0
琞	shèng	0
琟	wéi	0
琠	tiǎn	0
琡	chù	3
琢	zuó	194
琣	běng	3
琤	chēng	47
琥	hǔ	11
琦	qí	93
琧	è	0
琨	kūn	9
琩	chāng	0
琪	qí	80
琫	běng	10
琬	wǎn	14
琭	lù	0
琮	cóng	48
琯	guǎn	37
琰	yǎn	22
琱	diāo	0
琲	bèi	3
琳	lín	695
琴	qín	1718
琵	pí	91
琶	pá	64
琷	què	0
琸	zhuó	0
琹	qín	0
琺	fà	4
琻	jīn	0
琼	qióng	464
琽	dǔ	0
琾	jiè	0
琿	hún	7
瑀	yǔ	30
瑁	mào	208
瑂	méi	0
瑃	chūn	0
瑄	xuān	34
瑅	tí	0
瑆	xīng	7
瑇	dài	6
瑈	róu	0
瑉	mín	0
瑊	jiān	0
瑋	wěi	0
瑌	ruǎn	0
瑍	huàn	2
瑎	xié	0
瑏	chuān	0
瑐	jiǎn	0
瑑	zhuàn	2
瑒	chàng	0
瑓	liàn	0
瑔	quán	3
瑕	xiá	943
瑖	duàn	0
瑗	yuàn	154
瑘	yá	0
瑙	nǎo	812
瑚	hú	16
瑛	yīng	403
瑜	yú	1671
瑝	huáng	3
瑞	ruì	766
瑟	sè	305
瑠	liú	0
瑡	shī	0
瑢	róng	0
瑣	suǒ	0
瑤	yáo	0
瑥	wēn	0
瑦	wǔ	0
瑧	zhēn	234
瑨	jìn	0
瑩	yíng	4
瑪	mǎ	20
瑫	tāo	0
瑬	liú	0
瑭	táng	24
瑮	lì	8
瑯	láng	8
瑰	guī	917
瑱	zhèn	3
瑲	qiāng	0
瑳	cuō	0
瑴	jué	16
瑵	zhǎo	0
瑶	yáo	466
瑷	ài	150
瑸	bīn	0
瑹	shū	0
瑺	cháng	2
瑻	kūn	0
瑼	zhuān	0
瑽	cōng	0
瑾	jǐn	111
瑿	yī	0
璀	cuǐ	69
璁	cōng	1141
璂	qí	0
璃	lí	17
璄	jǐng	0
璅	suǒ	0
璆	qiú	10
璇	xuán	2251
璈	áo	59
璉	liǎn	0
璊	mén	4
璋	zhāng	583
璌	yín	0
璍	yè	0
璎	yīng	3
璏	wèi	0
璐	lù	322
璑	wú	0
璒	dēng	0
璓	xiù	0
璔	zēng	0
璕	xún	0
璖	qú	0
璗	dàng	0
璘	lín	379
璙	liáo	0
璚	qióng	0
璛	sù	0
璜	huáng	64
璝	guī	36
璞	pú	192
璟	jǐng	104
璠	fán	33
璡	jìn	3
璢	liú	0
璣	jī	36
璤	huì	0
璥	jǐng	4
璦	ài	0
璧	bì	1537
璨	càn	18
璩	qú	15
璪	zǎo	8
璫	dāng	0
璬	jiǎo	8
璭	gùn	56
璮	tǎn	36
璯	huì	0
環	huán	198
璱	sè	0
璲	suì	0
璳	tián	0
璴	chǔ	0
璵	yú	4
璶	jìn	0
璷	lú	0
璸	bīn	0
璹	shú	0
璺	wèn	729
璻	zuǐ	0
璼	lán	0
璽	xǐ	0
璾	zī	0
璿	xuán	8
瓀	ruǎn	0
瓁	wò	0
瓂	gài	0
瓃	léi	0
瓄	dú	2
瓅	lì	0
瓆	zhì	0
瓇	róu	0
瓈	lí	0
瓉	zàn	4
瓊	qióng	16
瓋	tì	0
瓌	guī	5
瓍	suí	5
瓎	là	0
瓏	lóng	4
瓐	lú	4
瓑	lì	159
瓒	zàn	247
瓓	làn	0
瓔	yīng	24
瓕	mí	12
瓖	xiāng	41
瓗	qióng	0
瓘	guàn	37
瓙	dào	1030
瓚	zàn	3
瓛	huán	2
瓜	guā	877
瓝	bó	0
瓞	dié	0
瓟	bó	57
瓠	hù	43
瓡	zhí	0
瓢	piáo	183
瓣	bàn	466
瓤	ráng	87
瓥	lì	34
瓦	wǎ	3228
瓨	xiáng	35
瓩	qiān	12
瓪	bǎn	2
瓫	pén	2
瓬	fǎng	0
瓭	dǎn	3
瓮	wèng	539
瓯	ōu	83
瓲	wa	0
瓳	hú	0
瓴	líng	18
瓵	yí	0
瓶	píng	1808
瓷	cí	758
瓸	bǎi	0
瓹	juān	0
瓺	cháng	0
瓻	chī	0
瓽	dàng	0
瓾	měng	0
瓿	bù	66
甀	zhuì	0
甁	píng	0
甂	biān	0
甃	zhòu	2
甄	zhēn	98
甆	cí	73
甇	yīng	3
甈	qì	0
甉	xián	0
甊	lǒu	0
甋	dì	0
甌	ōu	0
甍	méng	8
甎	zhuān	0
甏	bèng	21
甐	lìn	0
甑	zèng	126
甒	wǔ	4
甓	pì	27
甔	dān	0
甕	wèng	3
甖	yīng	0
甗	yǎn	16
甘	gān	823
甙	dài	94
甚	shèn	13115
甛	tián	0
甜	tián	2001
甝	hán	0
甞	cháng	0
生	shēng	22579
甠	qíng	40
甡	shēn	3
產	chǎn	3
産	chǎn	14
甤	ruí	0
甥	shēng	87
甦	sū	8
甧	shēn	0
用	yòng	76586
甩	shuǎi	1105
甪	lù	6
甫	fǔ	559
甬	yǒng	56
甭	béng	540
甮	fèng	0
甯	níng	546
田	tián	6010
由	yóu	78203
甲	jiǎ	4733
申	shēn	715
甴	zhá	0
电	diàn	12701
甶	fú	0
男	nán	7434
甸	diān	311
甹	pīng	0
町	tīng	153
画	huà	7559
甼	tǐng	0
甽	zhèn	0
甾	zāi	94
甿	méng	0
畀	bì	24
畁	bì	0
畂	liù	0
畃	xún	0
畄	liú	0
畅	chàng	743
畆	mǔ	0
畇	yún	0
畈	fàn	28
畉	fú	0
畊	gēng	2
畋	tián	18
界	jiè	5931
畍	jiè	38
畎	quǎn	16
畏	wèi	611
畐	fú	0
畑	tián	27
畒	mǔ	0
畓	duō	0
畔	pàn	940
畕	jiāng	0
畖	wā	53
畗	dá	0
畘	nán	0
留	liú	6648
畚	běn	49
畛	zhěn	36
畜	chù	658
畝	mǔ	39
畞	mǔ	11
畟	cè	0
畠	tián	99
畡	gāi	0
畢	bì	2
畣	dá	0
畤	zhì	22
略	lüè	4740
畦	qí	95
畧	lüè	33
畨	pān	148
畩	yī	21
番	fān	2751
畫	huà	149
畬	shē	120
畭	yú	4
畮	mǔ	0
畯	jùn	5
異	yì	5
畱	liú	0
畲	shē	207
畳	dié	0
畴	chóu	155
畵	huà	0
當	dāng	4
畷	zhuì	3
畸	jī	66
畹	wǎn	168
畺	jiāng	0
畻	chéng	150
畼	chàng	205
畽	tǔn	0
畾	léi	120
畿	jī	133
疀	chā	2
疁	liú	17
疂	dié	6
疃	tuǎn	101
疄	lìn	275
疅	jiāng	0
疆	jiāng	453
疇	chóu	3
疈	pì	0
疉	dié	0
疊	dié	0
疋	pǐ	58
疌	jié	0
疍	dàn	63
疎	shū	2
疏	shū	1753
疐	zhì	0
疑	yí	1144
疒	nè	0
疓	nǎi	0
疔	dīng	47
疕	bǐ	0
疖	jiē	32
疗	liáo	299
疘	gāng	0
疙	gē	5
疚	jiù	43
疛	zhǒu	0
疜	xià	0
疝	shàn	62
疞	xū	0
疟	nüè	58
疠	lì	9
疡	yáng	23
疢	chèn	0
疣	yóu	140
疤	bā	206
疥	jiè	29
疦	jué	0
疧	qí	0
疨	xiā	0
疩	cuì	0
疪	bì	0
疫	yì	122
疬	lì	3
疭	zòng	3
疮	chuāng	293
疯	fēng	1300
疰	zhù	0
疱	pào	51
疲	pí	395
疳	gān	12
疴	kē	9
疵	cī	65
疶	xuē	3
疷	zhī	0
疸	dǎn	4
疹	zhěn	92
疺	fá	0
疻	zhǐ	0
疼	téng	1860
疽	jū	71
疾	jí	1743
疿	fèi	0
痀	jū	0
痁	shān	0
痂	jiā	52
痃	xuán	0
痄	zhà	0
病	bìng	9053
痆	niè	0
症	zhèng	1351
痈	yōng	147
痉	jìng	102
痊	quán	111
痋	téng	179
痌	tōng	0
痍	yí	5
痎	jiē	16
痏	wěi	0
痐	huí	2
痑	tān	0
痒	yǎng	632
痓	chì	0
痔	zhì	129
痕	hén	441
痖	yǎ	6
痗	mèi	0
痘	dòu	156
痙	jìng	0
痚	xiāo	2
痛	tòng	3680
痜	tū	0
痝	máng	11
痞	pǐ	34
痟	xiāo	6
痠	suān	9
痡	fū	0
痢	lì	166
痣	zhì	165
痤	cuó	4
痥	duó	0
痦	wù	0
痧	shā	69
痨	láo	32
痩	shòu	0
痪	huàn	101
痫	xián	25
痬	yì	2
痭	bēng	5
痮	zhàng	0
痯	guǎn	0
痰	tán	899
痱	fèi	6
痲	má	0
痳	lín	13
痴	chī	528
痵	jì	18
痶	tiǎn	0
痷	ān	6
痸	chì	0
痹	bì	138
痺	bì	0
痻	mín	0
痼	gù	3
痽	duī	0
痾	ē	0
痿	wěi	27
瘀	yū	249
瘁	cuì	10
瘂	yǎ	0
瘃	zhú	0
瘄	cù	0
瘅	dān	3
瘆	shèn	7
瘇	zhǒng	33
瘈	chì	27
瘉	yù	73
瘊	hóu	0
瘋	fēng	8
瘌	là	0
瘍	yáng	0
瘎	chén	28
瘏	tú	6
瘐	yǔ	8
瘑	guō	123
瘒	wén	10
瘓	huàn	3
瘔	kù	27
瘕	jiǎ	15
瘖	yīn	13
瘗	yì	9
瘘	lòu	75
瘙	sào	4
瘚	jué	4
瘛	chì	96
瘜	xī	16
瘝	guān	34
瘞	yì	4
瘟	wēn	130
瘠	jí	50
瘡	chuāng	51
瘢	bān	90
瘣	huì	0
瘤	liú	615
瘥	chài	0
瘦	shòu	1821
瘧	nüè	5
瘨	diān	28
瘩	dā	3
瘪	biě	117
瘫	tān	259
瘬	zhàng	45
瘭	biāo	0
瘮	shèn	123
瘯	cù	52
瘰	luǒ	16
瘱	yì	0
瘲	zòng	10
瘳	chōu	4
瘴	zhàng	94
瘵	zhài	2
瘶	sòu	0
瘷	sè	32
瘸	qué	168
瘹	diào	22
瘺	lòu	56
瘻	lòu	0
瘼	mò	8
瘽	qín	337
瘾	yǐn	267
瘿	yǐng	81
癀	huáng	3
癁	fú	4
療	liáo	20
癃	lóng	5
癄	qiáo	0
癅	liú	0
癆	láo	0
癇	xián	7
癈	fèi	6
癉	dān	3
癊	yìn	3
癋	hè	23
癌	ái	622
癍	bān	39
癎	xián	9
癏	guān	0
癐	guì	0
癑	nòng	2
癒	yù	0
癓	wéi	0
癔	yì	4
癕	yōng	6
癖	pǐ	126
癗	lěi	2
癘	lì	0
癙	shǔ	3
癚	dàn	15
癛	lǐn	0
癜	diàn	9
癝	lǐn	4
癞	lài	78
癟	biě	0
癠	jì	0
癡	chī	3
癢	yǎng	0
癣	xuǎn	54
癤	jiē	0
癥	zhēng	9
癦	me	0
癧	lì	2
癨	huò	2
癩	lài	0
癪	jī	0
癫	diān	79
癬	xuǎn	0
癭	yǐng	0
癮	yǐn	2
癯	qú	16
癰	yōng	0
癱	tān	4
癲	diān	0
癳	luǒ	114
癴	luán	0
癵	luán	0
癶	bō	2
癷	bō	0
癸	guǐ	285
癹	bá	2
発	fā	0
登	dēng	3055
發	fā	3
白	bái	12266
百	bǎi	3336
癿	qié	2
皀	jí	0
皁	zào	2
皂	zào	285
皃	mào	0
的	de	318825
皅	pā	0
皆	jiē	7511
皇	huáng	3844
皈	guī	47
皉	cǐ	0
皊	líng	203
皋	gāo	107
皌	mò	0
皍	jí	0
皎	jiǎo	225
皏	pěng	0
皐	gāo	0
皑	ái	11
皒	é	30
皓	hào	297
皔	hàn	0
皕	bì	5
皖	wǎn	708
皗	chóu	0
皘	qiàn	19
皙	xī	32
皚	ái	0
皛	xiǎo	0
皜	hào	0
皝	huàng	150
皞	hào	18
皟	zé	90
皠	cuǐ	24
皡	hào	8
皢	xiǎo	180
皣	yè	7
皤	pó	8
皥	hào	75
皦	jiǎo	30
皧	ài	19
皨	xīng	192
皩	huàng	3
皪	lì	7
皫	piǎo	0
皬	hé	328
皭	jiào	0
皮	pí	7184
皯	gǎn	197
皰	pào	0
皱	zhòu	1256
皲	jūn	0
皳	qiú	5
皴	cūn	82
皵	què	304
皶	zhā	0
皷	gǔ	12
皸	jūn	0
皹	jūn	4
皺	zhòu	0
皻	zhā	30
皼	gǔ	8
皽	zhāo	2
皾	dú	6
皿	mǐn	28
盀	qǐ	0
盁	yíng	0
盂	yú	188
盃	bēi	0
盄	zhāo	0
盅	zhōng	233
盆	pén	1064
盇	hé	0
盈	yíng	390
盉	hé	18
益	yì	514
盋	bō	0
盌	wǎn	13
盍	hé	26
盎	àng	215
盏	zhǎn	1008
盐	yán	4433
监	jiān	2444
盒	hé	1086
盓	yū	0
盔	kuī	501
盕	fàn	0
盖	gài	4175
盗	dào	2199
盘	pán	3846
盙	fǔ	0
盚	qiú	0
盛	shèng	3260
盜	dào	0
盝	lù	5
盞	zhǎn	0
盟	méng	807
盠	lí	0
盡	jǐn	2
盢	xù	0
監	jiān	2
盤	pán	0
盥	guàn	24
盦	ān	12
盧	lú	3
盨	xǔ	3
盩	zhōu	8
盪	dàng	2
盫	ān	2
盬	gǔ	3
盭	lì	0
目	mù	5518
盯	dīng	1977
盰	gàn	0
盱	xū	6
盲	máng	403
盳	wàng	0
直	zhí	15928
盵	qì	0
盶	yuǎn	0
盷	tián	0
相	xiāng	21292
盹	dǔn	103
盺	xīn	0
盻	xì	2
盼	pàn	1691
盽	fēng	0
盾	dùn	677
盿	mín	0
眀	míng	43
省	shěng	29951
眂	shì	0
眃	yún	0
眄	miǎn	7
眅	pān	0
眆	fǎng	0
眇	miǎo	28
眈	dān	24
眉	méi	1168
眊	mào	5
看	kàn	66641
県	xiàn	0
眍	kōu	6
眎	shì	0
眏	yāng	0
眐	zhēng	0
眑	yǎo	5
眒	shēn	0
眓	huò	2
眔	dà	4
眕	zhěn	0
眖	kuàng	0
眗	jū	0
眘	shèn	16
眙	yí	0
眚	shěng	8
眛	mèi	3
眜	mò	5
眝	zhù	11
眞	zhēn	0
真	zhēn	19988
眠	mián	614
眡	shì	0
眢	yuān	10
眣	dié	0
眤	nì	0
眥	zì	2
眦	zì	56
眧	chǎo	0
眨	zhǎ	841
眩	xuàn	143
眪	bǐng	0
眫	mǐ	0
眬	lóng	60
眭	suī	12
眮	tóng	55
眯	mī	461
眰	diè	270
眱	dì	0
眲	nè	0
眳	míng	52
眴	xuàn	12
眵	chī	10
眶	kuàng	133
眷	juàn	319
眸	móu	28
眹	zhèn	12
眺	tiào	30
眻	yáng	44
眼	yǎn	8863
眽	mò	341
眾	zhòng	0
眿	mò	24
着	zhe	188584
睁	zhēng	2657
睂	méi	0
睃	suō	65
睄	shào	4
睅	hàn	8
睆	huàn	19
睇	dì	12
睈	chěng	0
睉	cuó	5
睊	juàn	0
睋	é	0
睌	mǎn	83
睍	xiàn	28
睎	xī	0
睏	kùn	15
睐	lài	15
睑	jiǎn	77
睒	shǎn	0
睓	tiǎn	0
睔	gùn	0
睕	wǎn	0
睖	lèng	3
睗	shì	0
睘	qióng	27
睙	liè	288
睚	yá	3
睛	jīng	289
睜	zhēng	3
睝	lí	0
睞	lài	0
睟	suì	0
睠	juàn	0
睡	shuì	7171
睢	suī	202
督	dū	1467
睤	bì	0
睥	pì	4
睦	mù	583
睧	hūn	0
睨	nì	92
睩	lù	0
睪	yì	14
睫	jié	37
睬	cǎi	251
睭	zhǒu	0
睮	yú	10
睯	hūn	0
睰	mà	0
睱	xià	2
睲	xǐng	0
睳	huī	178
睴	gùn	0
睵	zāi	7
睶	chǔn	22
睷	jiān	33
睸	mèi	0
睹	dǔ	155
睺	hóu	10
睻	xuān	0
睼	tiàn	0
睽	kuí	21
睾	gāo	121
睿	ruì	1061
瞀	mào	7
瞁	xù	0
瞂	fá	0
瞃	wò	0
瞄	miáo	366
瞅	chǒu	1541
瞆	kuì	2
瞇	mī	2
瞈	wěng	5
瞉	kòu	0
瞊	dàng	0
瞋	chēn	9
瞌	kē	5
瞍	sǒu	3
瞎	xiā	2831
瞏	qióng	28
瞐	mò	0
瞑	míng	29
瞒	mán	1555
瞓	fèn	0
瞔	zé	0
瞕	zhàng	0
瞖	yì	0
瞗	diāo	0
瞘	kōu	0
瞙	mò	0
瞚	shùn	0
瞛	cōng	0
瞜	lōu	0
瞝	chī	0
瞞	mán	0
瞟	piǎo	331
瞠	chēng	30
瞡	guī	3
瞢	méng	3
瞣	wàn	0
瞤	rún	0
瞥	piē	534
瞦	xī	2
瞧	qiáo	9467
瞨	pú	0
瞩	zhǔ	31
瞪	dèng	1748
瞫	shěn	0
瞬	shùn	269
瞭	liǎo	41
瞮	chè	9
瞯	xián	0
瞰	kàn	22
瞱	yè	0
瞲	xù	0
瞳	tóng	142
瞴	móu	0
瞵	lín	2
瞶	guì	0
瞷	jiàn	0
瞸	yè	0
瞹	ài	0
瞺	huì	9
瞻	zhān	453
瞼	jiǎn	15
瞽	gǔ	34
瞾	zhào	57
瞿	qú	194
矀	méi	28
矁	chǒu	2
矂	sào	0
矃	nǐng	0
矄	xūn	0
矅	yào	0
矆	huò	0
矇	méng	78
矈	mián	0
矉	pín	47
矊	mián	13
矋	lěi	0
矌	kuàng	12
矍	jué	40
矎	xuān	0
矏	mián	0
矐	huò	0
矑	lú	2
矒	méng	0
矓	lóng	5
矔	guàn	0
矕	mǎn	0
矖	xǐ	62
矗	chù	470
矘	tǎng	3
矙	kàn	18
矚	zhǔ	0
矛	máo	496
矜	jīn	180
矝	jīn	13
矞	yù	31
矟	shuò	3
矠	zé	0
矡	jué	7
矢	shǐ	439
矣	yǐ	2284
矤	shěn	0
知	zhī	14870
矦	hóu	0
矧	shěn	11
矨	yǐng	0
矩	jǔ	188
矪	zhōu	0
矫	jiǎo	273
矬	cuó	19
短	duǎn	6662
矮	ǎi	1310
矯	jiǎo	0
矰	zēng	0
矱	yuē	0
矲	bà	0
石	shí	11067
矴	dìng	2
矵	qì	0
矶	jī	323
矷	zǐ	0
矸	gān	51
矹	wù	0
矺	zhé	0
矻	kū	2
矼	gāng	2
矽	xì	29
矾	fán	373
矿	kuàng	2295
砀	dàng	30
码	mǎ	1535
砂	shā	966
砃	dān	0
砄	jué	0
砅	lì	5
砆	fū	92
砇	mín	69
砈	ě	0
砉	huò	38
砊	kāng	13
砋	zhǐ	8
砌	qì	1552
砍	kǎn	3318
砎	jiè	0
砏	bīn	0
砐	è	0
砑	yà	42
砒	pī	24
砓	zhé	0
研	yán	668
砕	suì	8
砖	zhuān	1975
砗	chē	42
砘	dùn	30
砙	wǎ	52
砚	yàn	315
砛	jīn	0
砜	fēng	42
砝	fá	28
砞	mò	0
砟	zhǎ	13
砠	jū	0
砡	yù	0
砢	kē	0
砣	tuó	50
砤	tuó	0
砥	dǐ	427
砦	zhài	52
砧	zhēn	66
砨	è	0
砩	fú	56
砪	mǔ	3
砫	zhù	43
砬	lá	11
砭	biān	47
砮	nǔ	3
砯	pīng	0
砰	pēng	1250
砱	líng	0
砲	pào	10
砳	lè	0
破	pò	9250
砵	bō	2
砶	pò	0
砷	shēn	236
砸	zá	2292
砹	ài	55
砺	lì	115
砻	lóng	102
砼	tóng	8
砽	yòng	96
砾	lì	119
砿	kuàng	0
础	chǔ	307
硁	kēng	9
硂	quán	0
硃	zhū	18
硄	kuāng	0
硅	guī	1024
硆	è	0
硇	náo	30
硈	qià	0
硉	lù	0
硊	wěi	0
硋	ài	3
硌	gè	170
硍	xiàn	0
硎	xíng	139
硏	yán	0
硐	dòng	96
硑	pēng	0
硒	xī	166
硓	lǎo	0
硔	hóng	3
硕	shuò	434
硖	xiá	47
硗	qiāo	52
硘	qing	0
硙	wéi	26
硚	qiáo	6
硛	yì	0
硜	kēng	0
硝	xiāo	187
硞	què	2
硟	chàn	0
硠	láng	4
硡	hōng	0
硢	yú	0
硣	xiāo	0
硤	xiá	0
硥	mǎng	172
硦	luò	47
硧	yǒng	2
硨	chē	0
硩	chè	22
硪	wò	124
硫	liú	731
硬	yìng	5193
硭	máng	15
确	què	3623
硯	yàn	0
硰	shā	0
硱	kǔn	0
硲	yù	0
硳	chì	0
硴	huā	0
硵	lǔ	0
硶	chěn	98
硷	jiǎn	141
硸	nüè	7
硹	sōng	0
硺	zhuó	0
硻	kēng	5
硼	péng	263
硽	yān	0
硾	zhuì	6
硿	kōng	3
碀	chéng	0
碁	qí	89
碂	zòng	9
碃	qìng	0
碄	lín	0
碅	jūn	0
碆	bō	0
碇	dìng	54
碈	mín	0
碉	diāo	133
碊	jiān	0
碋	hè	0
碌	lù	307
碍	ài	518
碎	suì	2164
碏	què	8
碐	léng	0
碑	bēi	1757
碒	yín	0
碓	duì	38
碔	wǔ	11
碕	qí	38
碖	lǔn	0
碗	wǎn	3174
碘	diǎn	542
碙	náo	0
碚	bèi	29
碛	qì	95
碜	chěn	33
碝	ruǎn	0
碞	yán	2
碟	dié	692
碠	dìng	0
碡	dú	4
碢	tuó	0
碣	jié	49
碤	yīng	0
碥	biǎn	0
碦	kè	0
碧	bì	1402
碨	wèi	0
碩	shuò	0
碪	zhēn	0
碫	duàn	0
碬	xiá	0
碭	dàng	0
碮	tí	0
碯	nǎo	0
碰	pèng	1888
碱	jiǎn	975
碲	dì	74
碳	tàn	1732
碴	chá	78
碵	tián	0
碶	qì	0
碷	dùn	0
碸	fēng	0
碹	xuàn	2
確	què	0
碻	què	9
碼	mǎ	0
碽	gōng	0
碾	niǎn	529
碿	sù	0
磀	é	0
磁	cí	1526
磂	liú	0
磃	sī	7
磄	táng	0
磅	bàng	644
磆	huá	0
磇	pī	0
磈	wěi	0
磉	sǎng	0
磊	lěi	78
磋	cuō	401
磌	tián	0
磍	xiá	0
磎	xī	0
磏	lián	0
磐	pán	256
磑	wéi	0
磒	yǔn	0
磓	duī	0
磔	zhé	44
磕	kē	1003
磖	lá	4
磗	zhuān	0
磘	yáo	0
磙	gǔn	5
磚	zhuān	0
磛	chán	0
磜	qì	0
磝	áo	4
磞	pēng	0
磟	liù	0
磠	lǔ	0
磡	kàn	5
磢	chuǎng	0
磣	chěn	0
磤	yǐn	0
磥	lěi	20
磦	biāo	0
磧	qì	0
磨	mó	2105
磩	qì	0
磪	cuī	0
磫	zōng	0
磬	qìng	76
磭	chuò	7
磮	lún	0
磯	jī	0
磰	shàn	0
磱	láo	71
磲	qú	2
磳	zēng	0
磴	dèng	461
磵	jiàn	0
磶	xì	13
磷	lín	1372
磸	dìng	0
磹	tán	2
磺	huáng	165
磻	pán	0
磼	zá	8
磽	qiāo	0
磾	dī	74
磿	lì	0
礀	jiàn	0
礁	jiāo	500
礂	xī	13
礃	zhǎng	0
礄	qiáo	0
礅	dūn	12
礆	jiǎn	0
礇	yù	47
礈	zhuì	0
礉	hé	0
礊	kè	20
礋	zé	40
礌	léi	37
礍	jié	0
礎	chǔ	0
礏	yè	0
礐	què	0
礑	dàng	0
礒	yǐ	0
礓	jiāng	4
礔	pī	0
礕	pī	0
礖	yù	0
礗	pīn	0
礘	è	0
礙	ài	2
礚	kē	0
礛	jiān	0
礜	yù	0
礝	ruǎn	2
礞	méng	6
礟	pào	0
礠	cí	28
礡	bó	0
礢	yǎng	0
礣	mà	0
礤	cǎ	0
礥	xián	0
礦	kuàng	0
礧	léi	0
礨	lěi	0
礩	zhì	70
礪	lì	0
礫	lì	0
礬	fán	0
礭	què	0
礮	pào	29
礯	yīng	0
礰	lì	0
礱	lóng	0
礲	lóng	4
礳	mò	0
礴	bó	2
礵	shuāng	0
礶	guàn	0
礷	lán	0
礸	cǎ	0
礹	yán	0
示	shì	968
礻	shì	23
礼	lǐ	5605
礽	réng	13
社	shè	3573
礿	yuè	0
祀	sì	1389
祁	qí	76
祂	tā	21
祃	mà	5
祄	xiè	0
祅	yāo	10
祆	xiān	96
祇	qí	71
祈	qí	155
祉	zhǐ	14
祊	bēng	0
祋	duì	2
祌	zhòng	0
祍	rèn	0
祎	yī	391
祏	shí	24
祐	yòu	665
祑	zhì	0
祒	tiáo	2
祓	fú	36
祔	fù	4
祕	mì	0
祖	zǔ	1588
祗	zhī	74
祘	suàn	0
祙	mèi	0
祚	zuò	86
祛	qū	122
祜	hù	67
祝	zhù	1878
神	shén	12550
祟	suì	49
祠	cí	584
祡	chái	0
祢	mí	28
祣	lǚ	2
祤	yǔ	0
祥	xiáng	632
祦	wú	65
祧	tiāo	133
票	piào	2353
祩	zhù	6
祪	guǐ	2
祫	xiá	23
祬	zhī	9
祭	jì	4139
祮	gào	0
祯	zhēn	66
祰	gào	3
祱	shuì	0
祲	jìn	0
祳	shèn	3
祴	gāi	13
祵	kǔn	7
祶	dì	0
祷	dǎo	150
祸	huò	1186
祹	táo	7
祺	qí	149
祻	gù	16
祼	guàn	7
祽	zuì	26
祾	líng	12
祿	lù	12
禀	bǐng	1460
禁	jìn	1737
禂	dǎo	6
禃	zhí	0
禄	lù	404
禅	chán	868
禆	bì	16
禇	zhě	0
禈	huī	0
禉	yǒu	0
禊	xì	4
禋	yīn	9
禌	zī	4
禍	huò	0
禎	zhēn	0
福	fú	2920
禐	yuàn	10
禑	wú	0
禒	xiǎn	0
禓	yáng	0
禔	zhī	0
禕	yī	0
禖	méi	7
禗	sī	0
禘	dì	0
禙	bèi	0
禚	zhuó	0
禛	zhēn	136
禜	yǒng	0
禝	jì	0
禞	gào	0
禟	táng	0
禠	sī	0
禡	mà	0
禢	tà	0
禣	fù	0
禤	xuān	0
禥	qí	8
禦	yù	4
禧	xǐ	23
禨	jī	84
禩	sì	8
禪	chán	0
禫	dàn	0
禬	guì	0
禭	suì	0
禮	lǐ	3
禯	nóng	0
禰	mí	657
禱	dǎo	0
禲	lì	0
禳	ráng	69
禴	yuè	0
禵	tí	7
禶	zàn	0
禷	lèi	0
禸	róu	0
禹	yǔ	603
禺	yú	10
离	lí	9736
禼	xiè	0
禽	qín	334
禾	hé	1106
禿	tū	0
秀	xiù	1678
私	sī	1908
秂	rén	0
秃	tū	780
秄	zǐ	0
秅	chá	20
秆	gǎn	159
秇	yì	0
秈	xiān	0
秉	bǐng	306
秊	nián	0
秋	qiū	2855
秌	qiū	0
种	zhǒng	20538
秎	fèn	0
秏	hào	3
秐	yún	0
科	kē	7098
秒	miǎo	3981
秓	zhī	0
秔	jīng	0
秕	bǐ	11
秖	zhī	0
秗	yù	7
秘	mì	1016
秙	kù	24
秚	bàn	0
秛	pī	0
秜	ní	0
秝	lì	0
秞	yóu	0
租	zū	2067
秠	pī	0
秡	bó	0
秢	líng	0
秣	mò	51
秤	chèng	329
秥	nián	0
秦	qín	2837
秧	yāng	46
秨	zuó	0
秩	zhì	340
秪	zhī	0
秫	shú	16
秬	jù	0
秭	zǐ	4
秮	huó	8
积	jī	2440
称	chēng	26275
秱	tóng	10
秲	zhì	0
秳	huó	0
秴	hé	9
秵	yīn	0
秶	zī	0
秷	zhì	47
秸	jiē	101
秹	rěn	9
秺	dù	79
移	yí	3331
秼	zhū	5
秽	huì	251
秾	nóng	47
秿	fù	0
稀	xī	1441
稁	gǎo	0
稂	láng	13
稃	fū	16
稄	xùn	0
稅	shuì	0
稆	lǚ	0
稇	kǔn	0
稈	gǎn	0
稉	jīng	0
稊	tí	3
程	chéng	2087
稌	tú	2
稍	shāo	4540
税	shuì	2494
稏	yà	0
稐	lǔn	0
稑	lù	0
稒	gù	3
稓	zuó	0
稔	rěn	32
稕	zhùn	0
稖	bàng	0
稗	bài	58
稘	jī	0
稙	zhī	0
稚	zhì	222
稛	kǔn	5
稜	léng	4
稝	péng	0
稞	kē	3
稟	bǐng	0
稠	chóu	245
稡	zuì	0
稢	yù	0
稣	sū	47
稤	lüè	0
稥	xiāng	0
稦	yī	0
稧	xì	2
稨	biǎn	0
稩	jì	0
稪	fú	0
稫	pì	0
稬	nuò	0
稭	jiē	0
種	zhǒng	0
稯	zōng	0
稰	xǔ	0
稱	chēng	90
稲	dào	0
稳	wěn	1908
稴	xián	0
稵	zī	0
稶	yù	17
稷	jì	273
稸	xù	9
稹	zhěn	121
稺	zhì	0
稻	dào	470
稼	jià	84
稽	jī	334
稾	gǎo	0
稿	gǎo	1438
穀	gǔ	2
穁	róng	0
穂	suì	0
穃	rong	0
穄	jì	9
穅	kāng	6
穆	mù	404
穇	cǎn	13
穈	méi	0
穉	zhì	4
穊	jì	0
穋	lù	2
穌	sū	0
積	jī	0
穎	yǐng	0
穏	wěn	0
穐	qiū	0
穑	sè	97
穒	hè	0
穓	yì	0
穔	huáng	0
穕	qiè	0
穖	jǐ	0
穗	suì	395
穘	xiāo	0
穙	pú	0
穚	jiāo	0
穛	zhuō	0
穜	zhǒng	2
穝	zui	0
穞	lǚ	0
穟	suì	0
穠	nóng	0
穡	sè	0
穢	huì	0
穣	ráng	0
穤	nuò	0
穥	yù	0
穦	pīn	0
穧	jì	0
穨	tuí	32
穩	wěn	0
穪	chēng	0
穫	huò	0
穬	kuàng	23
穭	lǚ	2
穮	biāo	0
穯	sè	0
穰	ráng	49
穱	zhuō	0
穲	lí	0
穳	cuán	0
穴	xué	3068
穵	wā	0
究	jiū	985
穷	qióng	2298
穸	xī	58
穹	qióng	96
空	kōng	7470
穻	yū	7
穼	shēn	9
穽	jǐng	5
穾	yào	0
穿	chuān	11359
窀	zhūn	16
突	tū	1960
窂	láo	0
窃	qiè	683
窄	zhǎi	1277
窅	yǎo	0
窆	biǎn	24
窇	báo	63
窈	yǎo	47
窉	bǐng	0
窊	wā	0
窋	zhú	5
窌	jiào	0
窍	qiào	416
窎	diào	3
窏	wū	0
窐	guī	0
窑	yáo	1393
窒	zhì	301
窓	chuāng	5
窔	yào	0
窕	tiǎo	51
窖	jiào	805
窗	chuāng	1647
窘	jiǒng	193
窙	xiāo	0
窚	chéng	0
窛	kòu	27
窜	cuàn	1119
窝	wō	2084
窞	dàn	55
窟	kū	998
窠	kē	114
窡	zhuó	235
窢	xū	2
窣	sū	75
窤	guān	0
窥	kuī	436
窦	dòu	503
窧	zhuo	0
窨	xūn	58
窩	wō	0
窪	wā	0
窫	yà	0
窬	yú	82
窭	jù	45
窮	qióng	0
窯	yáo	0
窰	yáo	0
窱	tiǎo	0
窲	cháo	0
窳	yǔ	37
窴	tián	0
窵	diào	0
窶	jù	0
窷	liào	0
窸	xī	43
窹	wù	0
窺	kuī	0
窻	chuāng	2
窼	zhāo	0
窽	kuǎn	0
窾	kuǎn	0
窿	lóng	7
竀	chēng	0
竁	cuì	0
竂	liáo	0
竃	zào	2
竄	cuàn	0
竅	qiào	0
竆	qióng	13
竇	dòu	0
竈	zào	5
竉	lǒng	0
竊	qiè	2
立	lì	8334
竌	chù	0
竍	shí	0
竎	fù	0
竏	qiān	0
竐	chù	0
竑	hóng	43
竒	qí	0
竓	háo	0
竔	shēng	0
竕	fēn	0
竖	shù	1185
竗	miào	0
竘	qǔ	2
站	zhàn	23194
竚	zhù	0
竛	líng	0
竜	lóng	0
竝	bìng	2
竞	jìng	1130
竟	jìng	10875
章	zhāng	6128
竡	bǎi	0
竢	sì	0
竣	jùn	13
竤	hóng	0
童	tóng	1797
竦	sǒng	219
竧	jìng	0
竨	diào	0
竩	yì	0
竪	shù	0
竫	jìng	11
竬	qǔ	0
竭	jié	261
竮	pīng	0
端	duān	5639
竰	lí	0
竱	zhuǎn	0
竲	céng	0
竳	dēng	27
竴	cūn	3048
竵	wāi	131
競	jìng	8
竷	kǎn	227
竸	jìng	2
竹	zhú	3911
竺	zhú	67
竻	lè	144
竼	péng	2
竽	yú	82
竾	chí	45
竿	gān	281
笀	máng	82
笁	zhú	238
笂	wán	994
笃	dǔ	550
笄	jī	57
笅	jiǎo	1390
笆	bā	158
笇	suàn	21
笈	jí	190
笉	qǐn	2798
笊	zhào	29
笋	sǔn	157
笌	yá	43
笍	zhuì	9
笎	yuán	18
笏	hù	69
笐	háng	11
笑	xiào	32256
笒	cén	0
笓	bì	17
笔	bǐ	3249
笕	jiǎn	53
笖	yǐ	208
笗	dōng	0
笘	shān	63
笙	shēng	488
笚	dā	9
笛	dí	981
笜	zhú	2
笝	nà	0
笞	chī	134
笟	gū	42
笠	lì	179
笡	qiè	6
笢	mǐn	332
笣	bāo	30
笤	tiáo	79
笥	sì	91
符	fú	798
笧	cè	3
笨	bèn	491
笩	fá	13
笪	dá	54
笫	zǐ	92
第	dì	23112
笭	líng	4
笮	zé	106
笯	nú	0
笰	fú	0
笱	gǒu	94
笲	fán	0
笳	jiā	48
笴	gǎn	0
笵	fàn	0
笶	shǐ	0
笷	mǎo	0
笸	pǒ	54
笹	tì	0
笺	jiān	350
笻	qióng	0
笼	lóng	943
笽	mǐn	0
笾	biān	44
笿	luò	0
筀	guì	0
筁	qū	0
筂	chí	0
筃	yīn	0
筄	yào	0
筅	xiǎn	24
筆	bǐ	2
筇	qióng	42
筈	kuò	3
等	děng	195934
筊	xiáo	2
筋	jīn	1770
筌	quán	7
筍	sǔn	0
筎	rú	3
筏	fá	207
筐	kuāng	210
筑	zhù	2195
筒	tǒng	1229
筓	jī	0
答	dá	5137
筕	háng	0
策	cè	1710
筗	zhòng	0
筘	kòu	8
筙	lái	0
筚	bì	4
筛	shāi	331
筜	dāng	128
筝	zhēng	203
筞	cè	0
筟	fū	58
筠	yún	9
筡	tú	0
筢	pá	0
筣	lí	0
筤	láng	0
筥	jǔ	0
筦	guǎn	43
筧	jiǎn	0
筨	hán	25
筩	tóng	6
筪	xiá	0
筫	zhì	166
筬	chéng	0
筭	suàn	0
筮	shì	43
筯	zhù	0
筰	zuó	20
筱	xiǎo	26
筲	shāo	10
筳	tíng	2
筴	cè	6
筵	yán	327
筶	gào	77
筷	kuài	212
筸	gān	0
筹	chóu	821
筺	kuāng	0
筻	gàng	7
筼	yún	4
筽	ōu	333
签	qiān	1174
筿	xiǎo	0
简	jiǎn	988
箁	póu	13
箂	lái	0
箃	zōu	0
箄	bǐ	0
箅	bì	15
箆	bì	0
箇	gè	2
箈	tái	0
箉	guǎi	0
箊	yū	0
箋	jiān	0
箌	dào	0
箍	gū	505
箎	chí	9
箏	zhēng	5
箐	qìng	262
箑	shà	8
箒	zhǒu	5
箓	lù	47
箔	bó	73
箕	jī	363
箖	lín	24
算	suàn	8888
箘	jùn	10
箙	fú	84
箚	zhá	0
箛	gū	0
箜	kōng	0
箝	qián	15
箞	qiān	396
箟	jùn	97
箠	chuí	8
管	guǎn	11444
箢	yuān	792
箣	cè	539
箤	zú	23
箥	bǒ	9
箦	zé	4
箧	qiè	50
箨	tuò	22
箩	luó	104
箪	dān	15
箫	xiāo	366
箬	ruò	26
箭	jiàn	3504
箮	xuān	105
箯	biān	161
箰	sǔn	29
箱	xiāng	1196
箲	xiǎn	2
箳	píng	0
箴	zhēn	86
箵	xīng	0
箶	hú	48
箷	yí	5
箸	zhù	129
箹	yuē	43
箺	chūn	0
箻	lǜ	13
箼	wū	8
箽	dǒng	0
箾	shuò	4
箿	jí	0
節	jié	117
篁	huáng	28
篂	xīng	2
篃	mèi	841
範	fàn	52
篅	chuán	0
篆	zhuàn	505
篇	piān	3750
篈	fēng	0
築	zhù	0
篊	huáng	0
篋	qiè	0
篌	hóu	3
篍	qiū	0
篎	miǎo	0
篏	qiàn	0
篐	gū	0
篑	kuì	0
篒	shi	0
篓	lǒu	73
篔	yún	2
篕	hé	0
篖	táng	0
篗	yuè	0
篘	chōu	1320
篙	gāo	99
篚	fěi	5
篛	ruò	0
篜	zhēng	0
篝	gōu	3
篞	niè	0
篟	qiàn	0
篠	xiǎo	0
篡	cuàn	165
篢	lǒng	0
篣	péng	0
篤	dǔ	0
篥	lì	2
篦	bì	37
篧	zhuó	0
篨	chú	0
篩	shāi	0
篪	chí	5
篫	zhù	0
篬	qiāng	0
篭	lóng	0
篮	lán	684
篯	jiān	6
篰	bù	0
篱	lí	72
篲	huì	2
篳	bì	0
篴	dí	2
篵	cōng	0
篶	yān	0
篷	péng	183
篸	cǎn	0
篹	zhuàn	0
篺	pí	0
篻	piǎo	0
篼	dōu	21
篽	yù	0
篾	miè	51
篿	tuán	0
簀	zé	0
簁	shāi	0
簂	guì	0
簃	yí	13
簄	hù	0
簅	chǎn	0
簆	kòu	0
簇	cù	394
簈	píng	0
簉	zào	0
簊	jī	0
簋	guǐ	71
簌	sù	14
簍	lǒu	0
簎	cè	0
簏	lù	7
簐	niǎn	0
簑	suō	0
簒	cuàn	0
簓	diāo	0
簔	suō	0
簕	lè	0
簖	duàn	3
簗	zhù	0
簘	xiāo	0
簙	bó	3
簚	mì	2
簛	shāi	8
簜	dàng	0
簝	liáo	6
簞	dān	23
簟	diàn	68
簠	fǔ	25
簡	jiǎn	3221
簢	mǐn	9
簣	kuì	13
簤	dài	170
簥	jiāo	14
簦	dēng	67
簧	huáng	293
簨	sǔn	556
簩	láo	412
簪	zān	126
簫	xiāo	0
簬	lù	397
簭	shì	22
簮	zān	18
簯	qi	266
簰	pái	6
簱	qí	6
簲	pái	182
簳	gǎn	89
簴	jù	0
簵	lù	30
簶	lù	0
簷	yán	11
簸	bǒ	12
簹	dāng	6
簺	sài	213
簻	zhuā	40
簼	gōu	0
簽	qiān	6
簾	lián	15
簿	bù	726
籀	zhòu	37
籁	lài	52
籂	shi	15
籃	lán	0
籄	kuì	0
籅	yú	0
籆	yuè	2
籇	háo	2
籈	zhēn	0
籉	tái	0
籊	tì	0
籋	niè	0
籌	chóu	0
籍	jí	1401
籎	yí	0
籏	qí	0
籐	téng	0
籑	zhuàn	0
籒	zhòu	0
籓	fān	7
籔	sǒu	10
籕	zhòu	3
籖	qian	0
籗	zhuó	843
籘	téng	0
籙	lù	0
籚	lú	0
籛	jiǎn	0
籜	tuò	0
籝	yíng	27
籞	yù	0
籟	lài	0
籠	lóng	0
籡	qiè	0
籢	lián	0
籣	lán	0
籤	qiān	7
籥	yuè	0
籦	zhōng	0
籧	qú	0
籨	lián	0
籩	biān	0
籪	duàn	0
籫	zuǎn	0
籬	lí	0
籭	sī	0
籮	luó	0
籯	yíng	0
籰	yuè	25
籱	zhuó	0
籲	yù	3
米	mǐ	35136
籴	dí	89
籵	fán	0
籶	shēn	0
籷	zhé	0
籸	shēn	0
籹	nǚ	6
籺	hé	0
类	lèi	14536
籼	xiān	43
籽	zǐ	146
籾	ní	0
籿	cùn	0
粀	zhàng	0
粁	qiān	0
粂	zhāi	105
粃	bǐ	0
粄	bǎn	0
粅	wù	0
粆	shā	0
粇	kāng	0
粈	róu	360
粉	fěn	2351
粊	bì	10
粋	cuì	0
粌	yin	53
粍	zhé	150
粎	mǐ	86
粏	tai	52
粐	hù	109
粑	bā	1491
粒	lì	1142
粓	gān	60
粔	jù	2
粕	pò	43
粖	mò	114
粗	cū	2598
粘	zhān	1360
粙	zhòu	32
粚	chī	0
粛	sù	67
粜	tiào	78
粝	lì	48
粞	xī	26
粟	sù	300
粠	hóng	340
粡	tóng	280
粢	zī	24
粣	cè	11
粤	yuè	917
粥	zhōu	1117
粦	lín	75
粧	zhuāng	17
粨	bǎi	101
粩	lāo	28
粪	fèn	665
粫	ér	16
粬	qū	1457
粭	hé	53
粮	liáng	3454
粯	xiàn	65
粰	fú	299
粱	liáng	92
粲	càn	127
粳	jīng	19
粴	lǐ	32
粵	yuè	3
粶	lù	10
粷	jú	70
粸	qí	33
粹	cuì	31
粺	bài	45
粻	zhāng	3
粼	lín	41
粽	zòng	76
精	jīng	4066
粿	guǒ	0
糀	huā	0
糁	sǎn	63
糂	sǎn	0
糃	táng	0
糄	biǎn	0
糅	róu	11
糆	miàn	0
糇	hóu	17
糈	xǔ	4
糉	zòng	0
糊	hú	565
糋	jiàn	0
糌	zān	3
糍	cí	5
糎	lí	0
糏	xiè	0
糐	fū	0
糑	nuò	0
糒	bèi	0
糓	gǔ	0
糔	xiǔ	0
糕	gāo	2846
糖	táng	3550
糗	qiǔ	11
糘	jiā	0
糙	cāo	79
糚	zhuāng	0
糛	táng	0
糜	mí	156
糝	sǎn	0
糞	fèn	0
糟	zāo	807
糠	kāng	259
糡	jiàng	0
糢	mó	0
糣	sǎn	5
糤	sǎn	0
糥	nuò	0
糦	xī	0
糧	liáng	0
糨	jiàng	4
糩	kuài	0
糪	bò	0
糫	huán	0
糬	shǔ	0
糭	zòng	0
糮	xiàn	0
糯	nuò	236
糰	tuán	0
糱	niè	0
糲	lì	0
糳	zuò	0
糴	dí	0
糵	niè	2
糶	tiào	0
糷	làn	0
糸	mì	13
糹	sī	0
糺	jiū	6
系	xì	10196
糼	gōng	0
糽	zhěng	0
糾	jiū	0
糿	yòu	0
紀	jì	3
紁	chà	2
紂	zhòu	0
紃	xún	0
約	yuē	0
紅	hóng	4
紆	yū	2
紇	hé	0
紈	wán	0
紉	rèn	0
紊	wěn	51
紋	wén	0
紌	qiú	0
納	nà	2
紎	zī	0
紏	tǒu	0
紐	niǔ	0
紑	fóu	295
紒	jì	47
紓	shū	43
純	chún	19
紕	pī	76
紖	zhèn	0
紗	shā	2
紘	hóng	0
紙	zhǐ	6
級	jí	8
紛	fēn	4
紜	yún	3
紝	rèn	11651
紞	dǎn	62
紟	jīn	590
素	sù	4533
紡	fǎng	69
索	suǒ	1494
紣	cuì	4
紤	jiǔ	20
紥	zā	0
紦	ba	57
紧	jǐn	5672
紨	fū	12
紩	zhì	42
紪	qī	35
紫	zǐ	5847
紬	chóu	43
紭	hóng	29
紮	zā	54
累	lèi	2878
細	xì	1194
紱	fú	35
紲	xiè	3
紳	shēn	12
紴	bō	3
紵	zhù	387
紶	qū	581
紷	líng	0
紸	zhù	0
紹	shào	0
紺	gàn	0
紻	yǎng	0
紼	fú	0
紽	tuó	0
紾	zhěn	0
紿	dài	0
絀	chù	2
絁	shī	5
終	zhōng	0
絃	xián	3
組	zǔ	0
絅	jiōng	0
絆	bàn	0
絇	qú	0
絈	mò	6
絉	shù	0
絊	zuì	0
絋	kuàng	3
経	jīng	0
絍	rèn	3
絎	háng	0
絏	xiè	2
結	jié	7
絑	zhū	0
絒	chóu	20
絓	guà	0
絔	bǎi	0
絕	jué	2
絖	kuàng	0
絗	hú	0
絘	cì	0
絙	huán	27
絚	gēng	0
絛	tāo	9
絜	jié	12
絝	kù	0
絞	jiǎo	0
絟	quán	0
絠	gǎi	0
絡	luò	0
絢	xuàn	0
絣	bēng	0
絤	xiàn	0
絥	fú	0
給	gěi	3
絧	dòng	3
絨	róng	0
絩	tiào	2
絪	yīn	2
絫	lěi	0
絬	xiè	0
絭	juàn	0
絮	xù	246
絯	gāi	2
絰	dié	0
統	tǒng	3
絲	sī	2
絳	jiàng	0
絴	xiáng	0
絵	huì	0
絶	jué	2
絷	zhí	7
絸	jiǎn	0
絹	juàn	0
絺	chī	5
絻	miǎn	0
絼	zhèn	0
絽	lǚ	0
絾	chéng	391
絿	qiú	0
綀	shū	0
綁	bǎng	0
綂	tǒng	0
綃	xiāo	2
綄	huán	0
綅	qīn	81
綆	gěng	37
綇	xiǔ	151
綈	tí	47
綉	tòu	5
綊	xié	22
綋	hóng	642
綌	xì	0
綍	fú	99
綎	tīng	64
綏	suī	11
綐	duì	0
綑	kǔn	62
綒	fū	4
經	jīng	8
綔	hù	331
綕	zhī	0
綖	yán	16
綗	jiǒng	0
綘	féng	1408
継	jì	0
続	xù	0
綛	rěn	0
綜	zōng	0
綝	chēn	73
綞	duǒ	0
綟	lì	0
綠	lǜ	0
綡	liáng	0
綢	chóu	0
綣	quǎn	0
綤	shào	0
綥	qí	0
綦	qí	15
綧	zhǔn	0
綨	qí	0
綩	wǎn	0
綪	qiàn	0
綫	xiàn	0
綬	shòu	0
維	wéi	2
綮	qǐ	5
綯	táo	0
綰	wǎn	0
綱	gāng	2
網	wǎng	14
綳	bēng	0
綴	zhuì	0
綵	cǎi	7
綶	guǒ	0
綷	cuì	0
綸	lún	0
綹	liǔ	0
綺	qǐ	0
綻	zhàn	0
綼	bì	0
綽	chuò	0
綾	líng	0
綿	mián	0
緀	qī	0
緁	qiè	0
緂	tián	0
緃	zōng	0
緄	gǔn	0
緅	zōu	0
緆	xī	0
緇	zī	0
緈	xìng	0
緉	liǎng	0
緊	jǐn	0
緋	fēi	0
緌	ruí	0
緍	mín	0
緎	yù	0
総	zǒng	0
緐	fán	3
緑	lǜ	0
緒	xù	0
緓	yīng	0
緔	shàng	0
緕	qi	0
緖	xù	0
緗	xiāng	63
緘	jiān	0
緙	kè	0
線	xiàn	173
緛	ruǎn	16
緜	mián	3
緝	jī	23
緞	duàn	27
緟	chóng	69
締	dì	0
緡	mín	12
緢	miáo	276
緣	yuán	197
緤	xiè	8
緥	bǎo	57
緦	sī	3
緧	qiū	0
編	biān	63
緩	huǎn	12
緪	gēng	3
緫	cōng	6
緬	miǎn	15
緭	wèi	9
緮	fù	0
緯	wěi	0
緰	tóu	215
緱	gōu	677
緲	miǎo	5
緳	xié	34
練	liàn	3
緵	zōng	21
緶	biàn	7
緷	yùn	43
緸	yīn	19
緹	tí	18
緺	guā	0
緻	zhì	0
緼	yùn	0
緽	chēng	0
緾	chán	0
緿	dài	0
縀	xiá	0
縁	yuán	0
縂	zǒng	0
縃	xū	0
縄	shéng	0
縅	wēi	0
縆	gēng	0
縇	xuān	0
縈	yíng	0
縉	jìn	2
縊	yì	130
縋	zhuì	0
縌	nì	3
縍	bāng	22
縎	gǔ	43
縏	pán	0
縐	zhòu	0
縑	jiān	0
縒	cī	0
縓	quán	0
縔	shuǎng	0
縕	yùn	0
縖	xiá	7
縗	cuī	0
縘	xī	0
縙	róng	0
縚	tāo	0
縛	fù	0
縜	yún	0
縝	chēn	0
縞	gǎo	0
縟	rù	0
縠	hú	6
縡	zài	0
縢	téng	5
縣	xiàn	0
縤	sù	0
縥	zhěn	0
縦	zòng	8
縧	tāo	27
縨	huǎng	0
縩	cài	0
縪	bì	0
縫	fèng	0
縬	cù	0
縭	lí	0
縮	suō	0
縯	yǎn	30
縰	xǐ	0
縱	zòng	0
縲	léi	0
縳	juàn	0
縴	qiàn	3
縵	màn	0
縶	zhí	0
縷	lǚ	0
縸	mù	0
縹	piǎo	51
縺	lián	44
縻	mí	59
縼	xuàn	17
總	zǒng	5
績	jī	457
縿	shān	6
繀	suì	758
繁	fán	1193
繂	lǜ	9
繃	běng	597
繄	yī	5
繅	sāo	0
繆	móu	7
繇	yáo	64
繈	qiǎng	9
繉	hún	7
繊	xiān	26
繋	jì	18
繌	sha	14
繍	xiù	84
繎	rán	60
繏	xuàn	0
繐	suì	3
繑	qiāo	8
繒	zēng	0
繓	zuǒ	6
織	zhī	256
繕	shàn	787
繖	sǎn	1574
繗	lín	0
繘	yù	268
繙	fān	104
繚	liáo	110
繛	chuò	192
繜	zūn	4
繝	jiàn	23
繞	rào	0
繟	chǎn	0
繠	ruǐ	0
繡	xiù	0
繢	huì	0
繣	huà	0
繤	zuǎn	0
繥	xī	0
繦	qiǎng	0
繧	yun	0
繨	da	0
繩	shéng	0
繪	huì	0
繫	xì	0
繬	sè	401
繭	jiǎn	0
繮	jiāng	0
繯	huán	34
繰	zǎo	0
繱	cōng	0
繲	xiè	11
繳	jiǎo	0
繴	bì	0
繵	dàn	0
繶	yì	0
繷	nǒng	0
繸	suì	2
繹	yì	0
繺	shǎi	0
繻	xū	0
繼	jì	4
繽	bīn	0
繾	qiǎn	0
繿	lán	0
纀	pú	0
纁	xūn	0
纂	zuǎn	207
纃	qí	0
纄	péng	0
纅	yào	0
纆	mò	0
纇	lèi	21
纈	xié	0
纉	zuǎn	0
纊	kuàng	0
纋	yōu	0
續	xù	3
纍	léi	0
纎	xiān	38
纏	chán	0
纐	jiǎo	0
纑	lú	0
纒	chán	0
纓	yīng	0
纔	cái	10
纕	rǎng	0
纖	xiān	0
纗	zuī	0
纘	zuǎn	134
纙	luò	0
纚	lí	0
纛	dào	104
纜	lǎn	0
纝	léi	0
纞	liàn	0
纟	sī	5
纠	jiū	311
纡	yū	55
红	hóng	14915
纣	zhòu	224
纤	xiān	403
纥	gē	32
约	yuē	27535
级	jí	9853
纨	wán	506
纩	kuàng	9
纪	jì	806
纫	rèn	74
纬	wěi	580
纭	yún	239
纮	hóng	21
纯	chún	2375
纰	pī	206
纱	shā	788
纲	gāng	2163
纳	nà	1968
纴	rèn	0
纵	zòng	4220
纶	lún	61
纷	fēn	317
纸	zhǐ	3727
纹	wén	1861
纺	fǎng	519
纻	zhù	32
纼	zhèn	0
纽	niǔ	379
纾	shū	165
线	xiàn	7688
绀	gàn	106
绁	xiè	188
绂	fú	116
练	liàn	4197
组	zǔ	4621
绅	shēn	144
细	xì	4388
织	zhī	1133
终	zhōng	2357
绉	zhòu	758
绊	bàn	361
绋	fú	152
绌	chù	277
绍	shào	437
绎	yì	44
经	jīng	21042
绐	dài	440
绑	bǎng	1372
绒	róng	320
结	jié	3761
绔	kù	333
绕	rào	3037
绖	dié	0
绗	háng	540
绘	huì	1929
给	gěi	69480
绚	xuàn	9
绛	jiàng	478
络	luò	469
绝	jué	4795
绞	jiǎo	517
统	tǒng	2198
绠	gěng	316
绡	xiāo	64
绢	juàn	645
绣	xiù	4645
绤	xì	2
绥	suí	211
绦	tāo	195
继	jì	2342
绨	tí	48
绩	jì	140
绪	xù	172
绫	líng	319
绬	yīng	0
续	xù	1092
绮	qǐ	1318
绯	fēi	274
绰	chuò	190
绱	shàng	275
绲	gǔn	154
绳	shéng	1056
维	wéi	1685
绵	mián	360
绶	shòu	90
绷	bēng	444
绸	chóu	333
绹	táo	8
绺	liǔ	180
绻	quǎn	229
综	zōng	256
绽	zhàn	437
绾	wǎn	635
绿	lǜ	3701
缀	zhuì	333
缁	zī	1657
缂	kè	225
缃	xiāng	210
缄	jiān	63
缅	miǎn	516
缆	lǎn	127
缇	tí	243
缈	miǎo	112
缉	jī	236
缊	yūn	2
缋	huì	43
缌	sī	139
缍	duǒ	44
缎	duàn	461
缏	biàn	63
缐	xiàn	0
缑	gōu	21
缒	zhuì	189
缓	huǎn	1824
缔	dì	31
缕	lǚ	235
编	biān	3374
缗	mín	91
缘	yuán	2041
缙	jìn	238
缚	fù	1118
缛	rù	41
缜	zhěn	46
缝	fèng	1472
缞	cuī	0
缟	gǎo	125
缠	chán	1539
缡	lí	137
缢	yì	120
缣	jiān	72
缤	bīn	47
缥	piāo	45
缦	màn	63
缧	léi	77
缨	yīng	153
缩	suō	2024
缪	móu	90
缫	sāo	74
缬	xié	98
缭	liáo	85
缮	shàn	252
缯	zēng	65
缰	jiāng	310
缱	qiǎn	206
缲	qiāo	2
缳	huán	2
缴	jiǎo	484
缵	zuǎn	10
缶	fǒu	84
缷	xiè	0
缸	gāng	803
缹	fǒu	0
缺	quē	2504
缻	fǒu	0
缼	qi	2
缽	bō	0
缾	píng	0
缿	xiàng	0
罀	zhao	0
罁	gāng	0
罂	yīng	42
罃	yīng	0
罄	qìng	157
罅	xià	139
罆	guàn	0
罇	zūn	0
罈	tán	0
罉	chēng	2
罊	qì	0
罋	wèng	0
罌	yīng	0
罍	léi	13
罎	tán	0
罏	lú	0
罐	guàn	734
网	wǎng	7209
罒	wǎng	0
罓	gāng	0
罔	wǎng	107
罕	hǎn	716
罖	luó	0
罗	luó	3730
罘	fú	21
罙	shēn	0
罚	fá	2050
罛	gū	0
罜	zhǔ	0
罝	jū	2
罞	máo	0
罟	gǔ	31
罠	mín	0
罡	gāng	188
罢	bà	9424
罣	guà	2
罤	tí	0
罥	juàn	0
罦	fú	0
罧	shèn	0
罨	yǎn	28
罩	zhào	1247
罪	zuì	4177
罫	guà	0
罬	zhuó	0
罭	yù	0
置	zhì	11145
罯	ǎn	0
罰	fá	0
罱	lǎn	33
署	shǔ	629
罳	sī	0
罴	pí	50
罵	mà	0
罶	liǔ	0
罷	bà	37
罸	fá	0
罹	lí	41
罺	cháo	0
罻	wèi	0
罼	bì	16
罽	jì	49
罾	zēng	24
罿	chōng	28
羀	liǔ	0
羁	jī	97
羂	juàn	0
羃	mì	0
羄	zhào	0
羅	luó	4
羆	pí	2
羇	jī	0
羈	jī	0
羉	luán	0
羊	yáng	2980
羋	mǐ	2
羌	qiāng	549
羍	dá	51
美	měi	16809
羏	yáng	0
羐	yǒu	0
羑	yǒu	16
羒	fén	0
羓	bā	2
羔	gāo	40
羕	yàng	6
羖	gǔ	0
羗	qiāng	0
羘	zāng	0
羙	gāo	0
羚	líng	81
羛	yì	3
羜	zhù	0
羝	dī	65
羞	xiū	884
羟	qiǎng	92
羠	yí	0
羡	xiàn	186
羢	róng	0
羣	qún	67
群	qún	8891
羥	qiǎng	0
羦	huán	0
羧	suō	67
羨	xiàn	0
義	yì	2
羪	yang	40
羫	qiāng	0
羬	qián	0
羭	yú	0
羮	gēng	0
羯	jié	208
羰	tāng	37
羱	yuán	2
羲	xī	62
羳	fán	2
羴	shān	0
羵	fén	0
羶	shān	0
羷	liǎn	0
羸	léi	17
羹	gēng	733
羺	nóu	0
羻	qiàng	0
羼	chàn	10
羽	yǔ	1154
羾	gòng	0
羿	yì	28
翀	chōng	11
翁	wēng	1735
翂	fēn	281
翃	hóng	2
翄	chì	13
翅	chì	1655
翆	cuì	0
翇	fú	0
翈	xiá	4
翉	běn	2
翊	yì	86
翋	lā	19
翌	yì	19
翍	pī	0
翎	líng	105
翏	liù	0
翐	zhì	0
翑	qú	6
習	xí	0
翓	xié	0
翔	xiáng	274
翕	xī	62
翖	xī	0
翗	ké	0
翘	qiào	540
翙	huì	0
翚	huī	31
翛	xiāo	4
翜	shà	0
翝	hóng	0
翞	jiāng	0
翟	dí	197
翠	cuì	1094
翡	fěi	21
翢	dào	0
翣	shà	6
翤	chì	0
翥	zhù	5
翦	jiǎn	84
翧	xuān	0
翨	chì	0
翩	piān	12
翪	zōng	0
翫	wán	0
翬	huī	2
翭	hóu	0
翮	hé	10
翯	hè	0
翰	hàn	202
翱	áo	96
翲	piāo	0
翳	yì	44
翴	lián	0
翵	hóu	0
翶	áo	0
翷	lín	0
翸	pěn	0
翹	qiào	0
翺	áo	0
翻	fān	4788
翼	yì	1289
翽	huì	0
翾	xuān	0
翿	dào	0
耀	yào	403
老	lǎo	33423
耂	lǎo	65
考	kǎo	5973
耄	mào	100
者	zhě	23521
耆	qí	162
耇	gǒu	0
耈	gǒu	0
耉	gǒu	0
耊	dié	6
耋	dié	6
而	ér	143233
耍	shuǎ	1197
耎	ruǎn	0
耏	nài	0
耐	nài	1285
耑	duān	11
耒	lěi	28
耓	tīng	17
耔	zǐ	0
耕	gēng	677
耖	chào	7
耗	hào	602
耘	yún	59
耙	bà	756
耚	pī	0
耛	yí	0
耜	sì	29
耝	qù	0
耞	jiā	0
耟	jù	0
耠	huō	2
耡	chú	43
耢	lào	9
耣	lǔn	3
耤	jí	0
耥	tāng	0
耦	ǒu	35
耧	lóu	23
耨	nòu	28
耩	jiǎng	9
耪	pǎng	56
耫	zhá	0
耬	lóu	0
耭	jī	0
耮	lào	0
耯	huò	0
耰	yōu	7
耱	mò	4
耲	huái	0
耳	ěr	4244
耴	yì	0
耵	dīng	4
耶	yé	1106
耷	dā	23
耸	sǒng	566
耹	qín	0
耺	yún	0
耻	chǐ	295
耼	dān	0
耽	dān	264
耾	hóng	0
耿	gěng	130
聀	zhí	14
聁	pàn	0
聂	niè	111
聃	dān	11
聄	zhěn	6
聅	chè	0
聆	líng	99
聇	zhēng	0
聈	yǒu	0
聉	wà	0
聊	liáo	825
聋	lóng	272
职	zhí	6037
聍	níng	2
聎	tiāo	0
聏	ér	0
聐	yà	0
聑	tiē	0
聒	guā	29
聓	xù	0
联	lián	3081
聕	hào	0
聖	shèng	0
聗	liè	0
聘	pìn	541
聙	jīng	0
聚	jù	2492
聛	bǐ	10
聜	dǐ	0
聝	guó	0
聞	wén	0
聟	xù	0
聠	pīng	0
聡	cōng	0
聢	dìng	3
聣	ní	30
聤	tíng	14
聥	jǔ	0
聦	cōng	0
聧	kuī	0
聨	lián	0
聩	kuì	7
聪	cōng	218
聫	lián	0
聬	wěng	0
聭	kuì	0
聮	lián	0
聯	lián	5
聰	cōng	0
聱	áo	0
聲	shēng	0
聳	sǒng	0
聴	tīng	0
聵	kuì	0
聶	niè	0
職	zhí	3
聸	dān	0
聹	níng	0
聺	qié	0
聻	nǐ	0
聼	tīng	0
聽	tīng	0
聾	lóng	0
聿	yù	50
肀	yù	28
肁	zhào	0
肂	sì	0
肃	sù	798
肄	yì	8
肅	sù	0
肆	sì	491
肇	zhào	214
肈	zhào	0
肉	ròu	6683
肊	yì	0
肋	lē	417
肌	jī	1197
肍	qiú	0
肎	kěn	0
肏	cào	0
肐	gē	5
肑	bó	0
肒	huàn	0
肓	huāng	55
肔	chǐ	0
肕	rèn	0
肖	xiào	549
肗	rǔ	0
肘	zhǒu	431
肙	yuàn	14
肚	dù	1160
肛	gāng	125
肜	róng	23
肝	gān	1715
肞	chā	3
肟	wò	90
肠	cháng	1006
股	gǔ	8493
肢	zhī	446
肣	hán	0
肤	fū	222
肥	féi	1754
肦	fén	9
肧	pēi	0
肨	pàng	0
肩	jiān	1896
肪	fáng	111
肫	zhūn	31
肬	yóu	0
肭	nà	33
肮	āng	70
肯	kěn	2976
肰	rán	0
肱	gōng	40
育	yù	656
肳	wěn	0
肴	yáo	105
肵	qí	0
肶	pí	0
肷	qiǎn	48
肸	xī	3
肹	xī	0
肺	fèi	1401
肻	kěn	0
肼	jǐng	38
肽	tài	292
肾	shèn	1403
肿	zhǒng	1052
胀	zhàng	724
胁	xié	621
胂	shèn	76
胃	wèi	1459
胄	zhòu	152
胅	dié	0
胆	dǎn	1220
胇	fèi	0
胈	bá	661
胉	bó	0
胊	qú	0
胋	tián	0
背	bèi	9853
胍	guā	94
胎	tāi	839
胏	zǐ	0
胐	fěi	0
胑	zhī	0
胒	nì	0
胓	píng	0
胔	zì	0
胕	fǔ	0
胖	pàng	1535
胗	zhēn	29
胘	xián	0
胙	zuò	27
胚	pēi	359
胛	jiǎ	25
胜	shèng	6242
胝	zhī	22
胞	bāo	450
胟	mǔ	0
胠	qū	2
胡	hú	3307
胢	kē	0
胣	chǐ	0
胤	yìn	583
胥	xū	64
胦	yāng	0
胧	lóng	90
胨	dòng	44
胩	kǎ	38
胪	lú	1739
胫	jìng	139
胬	nǔ	30
胭	yān	8
胮	pāng	0
胯	kuà	426
胰	yí	181
胱	guāng	99
胲	hǎi	0
胳	gē	22
胴	dòng	28
胵	chī	9
胶	jiāo	936
胷	xiōng	0
胸	xiōng	2284
胹	ér	0
胺	àn	357
胻	héng	0
胼	pián	2
能	néng	93096
胾	zì	2
胿	guī	0
脀	chéng	0
脁	tiǎo	20
脂	zhī	677
脃	cuì	10
脄	méi	0
脅	xié	0
脆	cuì	655
脇	xié	0
脈	mài	0
脉	mài	3089
脊	jí	2503
脋	xié	4
脌	nin	3
脍	kuài	24
脎	sà	4
脏	zàng	962
脐	qí	112
脑	nǎo	2971
脒	mǐ	18
脓	nóng	296
脔	luán	10
脕	wàn	0
脖	bó	320
脗	wěn	0
脘	wǎn	77
脙	xiū	0
脚	jiǎo	6457
脛	jìng	0
脜	yǒu	0
脝	hēng	0
脞	cuǒ	7
脟	liè	0
脠	shān	0
脡	tǐng	0
脢	méi	0
脣	chún	0
脤	shèn	0
脥	qiǎn	12
脦	de	0
脧	juān	2
脨	cù	0
脩	xiū	10
脪	xìn	0
脫	tuō	0
脬	pāo	4
脭	chéng	0
脮	něi	0
脯	pú	51
脰	dòu	0
脱	tuō	3778
脲	niào	62
脳	nǎo	0
脴	pǐ	0
脵	gǔ	0
脶	luó	0
脷	lì	0
脸	liǎn	10566
脹	zhàng	0
脺	cuì	0
脻	jiē	0
脼	liǎng	0
脽	shuí	0
脾	pí	895
脿	biāo	0
腀	lún	0
腁	pián	0
腂	lěi	2
腃	kuì	0
腄	chuí	14
腅	dàn	0
腆	tiǎn	65
腇	něi	0
腈	jīng	55
腉	nái	21
腊	là	635
腋	yè	206
腌	yān	452
腍	rèn	0
腎	shèn	0
腏	chuò	0
腐	fǔ	534
腑	fǔ	571
腒	jū	0
腓	féi	79
腔	qiāng	1188
腕	wàn	472
腖	dòng	0
腗	pí	4
腘	guó	14
腙	zōng	12
腚	dìng	36
腛	wò	0
腜	méi	0
腝	ní	30
腞	zhuàn	0
腟	chì	0
腠	còu	14
腡	luó	9
腢	ǒu	0
腣	dì	0
腤	ān	0
腥	xīng	419
腦	nǎo	3
腧	shù	25
腨	shuàn	0
腩	nǎn	14
腪	yùn	0
腫	zhǒng	6
腬	róu	0
腭	è	120
腮	sāi	515
腯	tú	0
腰	yāo	3532
腱	jiàn	19
腲	wěi	0
腳	jiǎo	0
腴	yú	19
腵	jiā	0
腶	duàn	0
腷	bì	12
腸	cháng	0
腹	fù	1601
腺	xiàn	492
腻	nì	668
腼	miǎn	14
腽	wà	0
腾	téng	1264
腿	tuǐ	5139
膀	bǎng	109
膁	qiǎn	0
膂	lǚ	13
膃	wà	0
膄	shòu	0
膅	táng	3
膆	sù	2
膇	zhuì	0
膈	gé	82
膉	yì	0
膊	bó	195
膋	liáo	0
膌	jí	4
膍	pí	0
膎	xié	0
膏	gāo	396
膐	lǚ	0
膑	bìn	16
膒	ōu	4
膓	cháng	0
膔	lù	0
膕	guó	0
膖	pāng	0
膗	chuái	0
膘	biāo	59
膙	jiǎng	2
膚	fū	0
膛	táng	432
膜	mó	1964
膝	xī	908
膞	zhuān	0
膟	lǜ	0
膠	jiāo	0
膡	yìng	0
膢	lǘ	0
膣	zhì	0
膤	xuě	0
膥	cūn	339
膦	lìn	17
膧	tóng	0
膨	péng	349
膩	nì	0
膪	chuài	0
膫	liáo	0
膬	cuì	0
膭	guī	8
膮	xiāo	0
膯	tēng	0
膰	fán	0
膱	zhí	0
膲	jiāo	49
膳	shàn	756
膴	hū	2
膵	cuì	38
膶	rùn	0
膷	xiāng	0
膸	suǐ	0
膹	fèn	0
膺	yīng	123
膻	shān	152
膼	zhuā	0
膽	dǎn	0
膾	kuài	0
膿	nóng	0
臀	tún	401
臁	lián	137
臂	bì	1688
臃	yōng	61
臄	jué	0
臅	chù	0
臆	yì	17
臇	juǎn	7
臈	là	0
臉	liǎn	0
臊	sāo	133
臋	tún	0
臌	gǔ	3
臍	qí	0
臎	cuì	0
臏	bìn	0
臐	xūn	0
臑	nào	44
臒	wò	0
臓	zàng	0
臔	xiàn	0
臕	biāo	0
臖	xìng	0
臗	kuān	0
臘	là	0
臙	yān	0
臚	lú	0
臛	huò	0
臜	zā	15
臝	luǒ	0
臞	qú	8
臟	zàng	0
臠	luán	0
臡	ní	2
臢	zā	29
臣	chén	5666
臤	qiān	0
臥	wò	0
臦	guàng	0
臧	zāng	140
臨	lín	0
臩	guǎng	0
自	zì	33152
臫	jiǎo	0
臬	niè	50
臭	chòu	1827
臮	jì	3
臯	gāo	0
臰	chòu	0
臱	mián	0
臲	niè	0
至	zhì	43708
致	zhì	3645
臵	gé	0
臶	jiàn	0
臷	dié	0
臸	zhī	0
臹	xiū	0
臺	tái	63
臻	zhēn	216
臼	jiù	171
臽	xiàn	435
臾	yú	7
臿	chā	6
舀	yǎo	266
舁	yú	7
舂	chōng	363
舃	xì	59
舄	xì	10
舅	jiù	377
舆	yú	1038
與	yǔ	8
興	xìng	2
舉	jǔ	5
舊	jiù	0
舋	xìn	0
舌	shé	1282
舍	shě	1477
舎	shè	0
舏	jiǔ	0
舐	shì	153
舑	tān	0
舒	shū	491
舓	shì	7
舔	tiǎn	342
舕	tàn	0
舖	pù	6
舗	pù	0
舘	guǎn	0
舙	huà	0
舚	tiàn	0
舛	chuǎn	94
舜	shùn	377
舝	xiá	0
舞	wǔ	2725
舟	zhōu	985
舠	dāo	0
舡	chuán	16
舢	shān	0
舣	yǐ	7
舤	fán	0
舥	pā	59
舦	tài	0
舧	fán	0
舨	bǎn	24
舩	chuán	0
航	háng	1072
舫	fǎng	52
般	bān	3306
舭	bǐ	9
舮	lú	0
舯	zhōng	28
舰	jiàn	3600
舱	cāng	1324
舲	líng	2
舳	zhú	25
舴	zé	36
舵	duò	1126
舶	bó	96
舷	xián	170
舸	gě	27
船	chuán	7819
舺	xiá	7
舻	lú	59
舼	qióng	0
舽	páng	0
舾	xī	46
舿	kuā	0
艀	fú	0
艁	zào	0
艂	féng	0
艃	lí	0
艄	shāo	107
艅	yú	0
艆	láng	0
艇	tǐng	946
艈	yù	0
艉	wěi	56
艊	bó	0
艋	měng	35
艌	niàn	41
艍	jū	2
艎	huáng	0
艏	shǒu	45
艐	kè	0
艑	biàn	0
艒	mù	0
艓	dié	0
艔	dào	17
艕	bàng	0
艖	chā	0
艗	yì	0
艘	sōu	3265
艙	cāng	0
艚	cáo	30
艛	lóu	0
艜	dài	0
艝	xuě	0
艞	yào	0
艟	chōng	13
艠	dēng	0
艡	dāng	0
艢	qiáng	0
艣	lǔ	0
艤	yǐ	0
艥	jí	0
艦	jiàn	0
艧	huò	0
艨	méng	24
艩	qí	0
艪	lǔ	0
艫	lú	0
艬	chán	0
艭	shuāng	0
艮	gěn	120
良	liáng	1206
艰	jiān	158
艱	jiān	0
色	sè	6908
艳	yàn	746
艴	fú	0
艵	pīng	0
艶	yàn	0
艷	yàn	0
艸	cǎo	0
艹	cǎo	79
艺	yì	986
艻	lè	0
艼	tīng	0
艽	jiāo	101
艾	ài	660
艿	nǎi	233
芀	tiáo	0
芁	jiāo	0
节	jié	4822
芃	péng	0
芄	wán	73
芅	yì	0
芆	chāi	0
芇	mián	0
芈	mǐ	46
芉	gān	40
芊	qiān	91
芋	yù	105
芌	yù	0
芍	sháo	62
芎	qiōng	63
芏	dù	70
芐	hù	0
芑	qǐ	43
芒	máng	661
芓	zì	5
芔	huì	0
芕	suī	0
芖	zhì	0
芗	xiāng	82
芘	pí	17
芙	fú	2453
芚	tún	0
芛	wěi	0
芜	wú	473
芝	zhī	685
芞	qì	0
芟	shān	115
芠	wén	23
芡	qiàn	76
芢	rén	0
芣	fú	2
芤	kōu	87
芥	jiè	605
芦	lú	141
芧	xù	0
芨	jī	72
芩	qín	43
芪	qí	87
芫	yán	59
芬	fēn	313
芭	bā	96
芮	ruì	41
芯	xīn	900
芰	jì	278
花	huā	12710
芲	huā	21
芳	fāng	858
芴	wù	34
芵	jué	7
芶	gǒu	0
芷	zhǐ	164
芸	yún	374
芹	qín	70
芺	ǎo	3
芻	chú	0
芼	mào	0
芽	yá	496
芾	fèi	75
芿	rèng	0
苀	háng	0
苁	cōng	108
苂	yín	0
苃	yǒu	0
苄	biàn	88
苅	yì	0
苆	qiē	0
苇	wěi	125
苈	lì	39
苉	pǐ	0
苊	è	33
苋	xiàn	81
苌	cháng	77
苍	cāng	332
苎	zhù	47
苏	sū	3869
苐	tí	0
苑	yuàn	517
苒	rǎn	12
苓	líng	21
苔	tái	578
苕	sháo	1115
苖	dí	2
苗	miáo	1209
苘	qǐng	7
苙	lì	0
苚	yòng	0
苛	kē	270
苜	mù	6
苝	bèi	0
苞	bāo	294
苟	gǒu	312
苠	mín	0
苡	yǐ	76
苢	yǐ	2
苣	jù	61
苤	piě	82
若	ruò	17000
苦	kǔ	4796
苧	níng	0
苨	nǐ	0
苩	bó	0
苪	bǐng	0
苫	shān	237
苬	xiú	0
苭	yǎo	3
苮	xiān	0
苯	běn	1079
苰	hóng	4
英	yīng	7579
苲	zhǎ	0
苳	dōng	0
苴	jū	63
苵	dié	0
苶	nié	0
苷	gān	252
苸	hū	65
苹	píng	103
苺	méi	13
苻	fú	317
苼	shēng	0
苽	gū	3
苾	bì	11
苿	wèi	0
茀	fú	0
茁	zhuó	20
茂	mào	373
范	fàn	843
茄	jiā	185
茅	máo	721
茆	máo	9
茇	bá	3
茈	cí	2
茉	mò	127
茊	zī	0
茋	zhǐ	0
茌	chí	10
茍	jì	0
茎	jīng	1338
茏	lóng	70
茐	cōng	32
茑	niǎo	5
茒	yuán	0
茓	xué	41
茔	yíng	12
茕	qióng	20
茖	gé	0
茗	míng	221
茘	lì	0
茙	róng	0
茚	yìn	48
茛	gèn	5
茜	qiàn	126
茝	chǎi	2
茞	chén	0
茟	yù	0
茠	hāo	0
茡	zì	0
茢	liè	0
茣	wú	0
茤	jì	35
茥	guī	0
茦	cì	0
茧	jiǎn	317
茨	cí	584
茩	gòu	0
茪	guāng	0
茫	máng	309
茬	chá	527
茭	jiāo	22
茮	jiāo	0
茯	fú	8
茰	yú	0
茱	zhū	22
茲	zī	0
茳	jiāng	0
茴	huí	24
茵	yīn	92
茶	chá	10497
茷	fá	0
茸	rōng	523
茹	rú	55
茺	chōng	5
茻	mǎng	0
茼	tóng	3
茽	zhòng	0
茾	qiān	0
茿	zhú	0
荀	xún	102
荁	huán	0
荂	fū	0
荃	quán	333
荄	gāi	0
荅	dā	0
荆	jīng	2679
荇	xìng	16
荈	chuǎn	2
草	cǎo	5919
荊	jīng	0
荋	ér	0
荌	àn	0
荍	qiáo	0
荎	chí	0
荏	rěn	4
荐	jiàn	411
荑	tí	23
荒	huāng	1040
荓	píng	0
荔	lì	58
荕	jīn	0
荖	lǎo	8
荗	shù	0
荘	zhuāng	0
荙	dá	2
荚	jiá	148
荛	ráo	0
荜	bì	8
荝	cè	16
荞	qiáo	38
荟	huì	24
荠	jì	18
荡	dàng	1199
荢	zì	0
荣	róng	1210
荤	hūn	801
荥	xíng	45
荦	luò	30
荧	yíng	41
荨	xún	77
荩	jìn	91
荪	sūn	55
荫	yīn	887
荬	mǎi	2
荭	hóng	0
荮	zhòu	0
药	yào	8404
荰	dù	20
荱	wěi	0
荲	lí	0
荳	dòu	0
荴	fū	0
荵	rěn	0
荶	yín	0
荷	hé	1694
荸	bí	0
荹	bù	0
荺	yǔn	0
荻	dí	53
荼	tú	154
荽	suī	18
荾	suī	0
荿	chéng	0
莀	chén	0
莁	wú	0
莂	bié	0
莃	xī	0
莄	gěng	0
莅	lì	72
莆	pú	167
莇	zhù	0
莈	mò	0
莉	lì	162
莊	zhuāng	0
莋	zuó	5
莌	tuō	0
莍	qiú	0
莎	shā	681
莏	suō	0
莐	chén	0
莑	péng	0
莒	jǔ	39
莓	méi	17
莔	méng	0
莕	xìng	0
莖	jīng	0
莗	chē	0
莘	shēn	32
莙	jūn	2
莚	yán	0
莛	tíng	7
莜	yóu	4
莝	cuò	2
莞	guǎn	32
莟	hàn	0
莠	yǒu	14
莡	cuò	0
莢	jiá	0
莣	wáng	4
莤	sù	0
莥	niǔ	0
莦	shāo	0
莧	xiàn	2
莨	làng	20
莩	fú	12
莪	é	35
莫	mò	3065
莬	wèn	0
莭	jié	0
莮	nán	31
莯	mù	0
莰	kǎn	7
莱	lái	936
莲	lián	1550
莳	shí	28
莴	wō	2
莵	tù	0
莶	xiān	7
获	huò	7931
莸	yóu	58
莹	yíng	126
莺	yīng	323
莻	gòng	0
莼	chún	43
莽	mǎng	204
莾	mǎng	0
莿	cì	0
菀	wǎn	71
菁	jīng	71
菂	dì	2
菃	qú	15
菄	dōng	0
菅	jiān	25
菆	zōu	0
菇	gū	123
菈	lā	0
菉	lù	5
菊	jú	786
菋	wèi	2
菌	jūn	1231
菍	niè	2
菎	kūn	0
菏	hé	91
菐	pú	0
菑	zāi	659
菒	gǎo	0
菓	guǒ	12
菔	fú	40
菕	lún	0
菖	chāng	12
菗	chóu	0
菘	sōng	23
菙	chuí	0
菚	zhàn	0
菛	mén	0
菜	cài	8544
菝	bá	16
菞	lí	0
菟	tú	24
菠	bō	10
菡	hàn	21
菢	bào	0
菣	qìn	0
菤	juǎn	0
菥	xī	11
菦	qín	0
菧	dǐ	0
菨	jiē	0
菩	pú	64
菪	dàng	47
菫	jǐn	0
菬	qiáo	0
菭	tái	0
菮	gēng	0
華	huá	0
菰	gū	52
菱	líng	426
菲	fēi	1051
菳	qín	0
菴	ān	10
菵	wǎng	0
菶	běng	0
菷	zhǒu	0
菸	yān	7
菹	jū	22
菺	jiān	0
菻	lǐn	10
菼	tǎn	2
菽	shū	36
菾	tián	6
菿	dào	0
萀	hǔ	0
萁	qí	31
萂	hé	0
萃	cuì	81
萄	táo	36
萅	chūn	0
萆	bì	19
萇	cháng	0
萈	huán	0
萉	fèi	0
萊	lái	0
萋	qī	20
萌	méng	163
萍	píng	239
萎	wēi	51
萏	dàn	9
萐	shà	481
萑	huán	27
萒	yǎn	66
萓	yí	0
萔	tiáo	0
萕	qí	0
萖	wǎn	0
萗	cè	0
萘	nài	92
萙	zhěn	0
萚	tuò	0
萛	jiū	0
萜	tiē	75
萝	luó	248
萞	bì	0
萟	yì	0
萠	pān	0
萡	bo	0
萢	pāo	0
萣	dìng	3
萤	yíng	42
营	yíng	6010
萦	yíng	56
萧	xiāo	894
萨	sà	1005
萩	qiū	3
萪	kē	0
萫	xiàng	0
萬	wàn	2
萭	yǔ	0
萮	yú	0
萯	fù	0
萰	liàn	0
萱	xuān	377
萲	xuān	0
萳	nǎn	0
萴	cè	0
萵	wō	3
萶	chǔn	0
萷	xiāo	44
萸	yú	9
萹	biǎn	0
萺	mào	0
萻	ān	0
萼	è	452
落	luò	8776
萾	yíng	0
萿	kuò	0
葀	kuò	4
葁	jiāng	0
葂	miǎn	0
葃	zuò	0
葄	zuò	0
葅	zū	0
葆	bǎo	53
葇	róu	4
葈	xǐ	0
葉	yè	58
葊	ān	0
葋	qú	0
葌	jiān	0
葍	fú	0
葎	lǜ	3
葏	jīng	0
葐	pén	0
葑	fēng	209
葒	hóng	0
葓	hóng	0
葔	hóu	0
葕	yàn	0
葖	tū	3
著	zhù	6171
葘	zī	0
葙	xiāng	5
葚	rèn	0
葛	gé	414
葜	qiā	12
葝	qíng	0
葞	mǐ	0
葟	huáng	9
葠	shēn	0
葡	pú	327
葢	gài	0
董	dǒng	999
葤	zhòu	0
葥	jiàn	0
葦	wěi	0
葧	bó	0
葨	wēi	0
葩	pā	5
葪	jì	0
葫	hú	3
葬	zàng	1869
葭	jiā	50
葮	duàn	0
葯	yào	0
葰	suī	0
葱	cōng	710
葲	quán	0
葳	wēi	5
葴	zhēn	3
葵	kuí	178
葶	tíng	8
葷	hūn	0
葸	xǐ	2
葹	shī	2
葺	qì	6
葻	lán	0
葼	zōng	0
葽	yāo	0
葾	yuān	0
葿	méi	0
蒀	yūn	128
蒁	shù	0
蒂	dì	463
蒃	zhuàn	0
蒄	guān	0
蒅	rǎn	0
蒆	xuē	0
蒇	chǎn	0
蒈	kǎi	0
蒉	kuì	4
蒊	huā	0
蒋	jiǎng	1017
蒌	lóu	16
蒍	wěi	2
蒎	pài	29
蒏	you	0
蒐	sōu	7
蒑	yīn	0
蒒	shī	0
蒓	chún	0
蒔	shí	0
蒕	yūn	21
蒖	zhēn	2
蒗	làng	8
蒘	rú	0
蒙	méng	3031
蒚	lì	0
蒛	quē	0
蒜	suàn	478
蒝	yuán	0
蒞	lì	0
蒟	jǔ	3
蒠	xī	0
蒡	bàng	0
蒢	chú	2
蒣	xú	0
蒤	tú	0
蒥	liú	0
蒦	huò	0
蒧	diǎn	0
蒨	qiàn	2
蒩	zū	2
蒪	pò	53
蒫	cuó	11
蒬	yuān	0
蒭	chú	2
蒮	yù	0
蒯	kuǎi	14
蒰	pán	0
蒱	pú	37
蒲	pú	605
蒳	nà	0
蒴	shuò	78
蒵	xí	0
蒶	fén	0
蒷	yún	4
蒸	zhēng	1465
蒹	jiān	17
蒺	jí	0
蒻	ruò	3
蒼	cāng	2
蒽	ēn	36
蒾	mí	4
蒿	hāo	693
蓀	sūn	0
蓁	zhēn	6
蓂	míng	2
蓃	sōu	0
蓄	xù	419
蓅	liú	0
蓆	xí	0
蓇	gǔ	0
蓈	láng	0
蓉	róng	861
蓊	wěng	7
蓋	gài	2
蓌	cuò	0
蓍	shī	15
蓎	táng	2
蓏	luǒ	3
蓐	rù	6
蓑	suō	44
蓒	xuān	0
蓓	bèi	23
蓔	yǎo	0
蓕	guì	20
蓖	bì	65
蓗	zǒng	0
蓘	gǔn	0
蓙	zuò	0
蓚	tiáo	0
蓛	cè	0
蓜	pèi	0
蓝	lán	2736
蓞	dàn	0
蓟	jì	203
蓠	lí	0
蓡	shēn	0
蓢	lǎng	0
蓣	yù	2
蓤	líng	0
蓥	yíng	0
蓦	mò	50
蓧	diào	128
蓨	tiáo	7
蓩	mǎo	48
蓪	tōng	0
蓫	chù	0
蓬	péng	550
蓭	ān	0
蓮	lián	0
蓯	cōng	0
蓰	xǐ	6
蓱	píng	0
蓲	qiū	0
蓳	jǐn	0
蓴	chún	0
蓵	jié	0
蓶	wéi	0
蓷	tuī	0
蓸	cáo	0
蓹	yù	0
蓺	yì	0
蓻	zí	0
蓼	liǎo	110
蓽	bì	0
蓾	lǔ	0
蓿	xu	27
蔀	bù	0
蔁	zhāng	0
蔂	léi	0
蔃	qiáng	0
蔄	màn	0
蔅	yán	0
蔆	líng	0
蔇	jì	0
蔈	biāo	0
蔉	gǔn	0
蔊	hǎn	0
蔋	dí	0
蔌	sù	0
蔍	lù	0
蔎	shè	0
蔏	shāng	0
蔐	dí	0
蔑	miè	75
蔒	xūn	0
蔓	màn	212
蔔	bó	262
蔕	dì	11
蔖	cuó	0
蔗	zhè	91
蔘	shēn	0
蔙	xuàn	0
蔚	wèi	163
蔛	hú	39
蔜	áo	0
蔝	mǐ	0
蔞	lóu	0
蔟	cù	10
蔠	zhōng	0
蔡	cài	1251
蔢	pó	0
蔣	jiǎng	2
蔤	mì	0
蔥	cōng	0
蔦	niǎo	0
蔧	huì	0
蔨	juàn	2
蔩	yín	0
蔪	jiàn	105
蔫	niān	97
蔬	shū	89
蔭	yīn	9
蔮	guó	0
蔯	chén	0
蔰	hù	0
蔱	shā	0
蔲	kòu	0
蔳	qiàn	0
蔴	má	0
蔵	zāng	8
蔶	zé	0
蔷	qiáng	193
蔸	dōu	12
蔹	liǎn	4
蔺	lìn	20
蔻	kòu	10
蔼	ǎi	120
蔽	bì	220
蔾	lí	0
蔿	wěi	0
蕀	jí	0
蕁	qián	0
蕂	shèng	0
蕃	fān	613
蕄	méng	0
蕅	ǒu	0
蕆	chǎn	0
蕇	diǎn	0
蕈	xùn	33
蕉	jiāo	243
蕊	ruǐ	170
蕋	ruǐ	0
蕌	lěi	0
蕍	yú	16
蕎	qiáo	0
蕏	chú	0
蕐	huá	0
蕑	jiān	0
蕒	mǎi	0
蕓	yún	58
蕔	bāo	0
蕕	yóu	0
蕖	qú	44
蕗	lù	0
蕘	ráo	0
蕙	huì	72
蕚	è	0
蕛	tí	0
蕜	fěi	0
蕝	jué	0
蕞	zuì	25
蕟	fà	0
蕠	rú	0
蕡	fén	0
蕢	kuì	0
蕣	shùn	0
蕤	ruí	11
蕥	yǎ	0
蕦	xū	0
蕧	fù	0
蕨	jué	200
蕩	dàng	0
蕪	wú	0
蕫	dǒng	0
蕬	sī	18
蕭	xiāo	0
蕮	xì	0
蕯	lóng	0
蕰	wēn	0
蕱	shāo	0
蕲	qí	1352
蕳	jiān	0
蕴	yùn	174
蕵	sūn	0
蕶	líng	0
蕷	yù	0
蕸	xiá	0
蕹	wèng	19
蕺	jí	19
蕻	hóng	0
蕼	sì	0
蕽	nóng	0
蕾	lěi	145
蕿	xuān	0
薀	yùn	0
薁	yù	0
薂	xí	0
薃	hào	0
薄	báo	2710
薅	hāo	38
薆	ài	0
薇	wēi	894
薈	huì	3
薉	huì	0
薊	jì	0
薋	cí	0
薌	xiāng	0
薍	wàn	0
薎	miè	0
薏	yì	20
薐	léng	0
薑	jiāng	5
薒	càn	0
薓	shēn	0
薔	qiáng	31
薕	lián	0
薖	kē	0
薗	yuán	5
薘	dá	0
薙	tì	23
薚	tāng	0
薛	xuē	678
薜	bì	55
薝	zhān	0
薞	sūn	0
薟	xiān	41
薠	fán	0
薡	dǐng	44
薢	xiè	3
薣	gǔ	0
薤	xiè	11
薥	shǔ	2
薦	jiàn	0
薧	hāo	0
薨	hōng	42
薩	sà	0
薪	xīn	723
薫	xūn	2
薬	yào	0
薭	bài	0
薮	sǒu	74
薯	shǔ	105
薰	xūn	193
薱	duì	0
薲	pín	0
薳	wěi	9
薴	níng	0
薵	chóu	0
薶	mái	0
薷	rú	25
薸	piáo	2
薹	tái	66
薺	jì	0
薻	zǎo	0
薼	chén	0
薽	zhēn	9
薾	ěr	5
薿	nǐ	0
藀	yíng	0
藁	gǎo	32
藂	cóng	26
藃	xiāo	0
藄	qí	0
藅	fá	0
藆	jiǎn	0
藇	xù	0
藈	kuí	0
藉	jí	789
藊	biǎn	0
藋	diào	33
藌	mì	76
藍	lán	0
藎	jìn	0
藏	cáng	8819
藐	miǎo	25
藑	qióng	0
藒	qiè	0
藓	xiǎn	166
藔	liáo	0
藕	ǒu	4215
藖	xián	0
藗	sù	0
藘	lǘ	0
藙	yì	0
藚	xù	0
藛	xiě	9
藜	lí	96
藝	yì	0
藞	lǎ	0
藟	lěi	0
藠	jiào	0
藡	dí	0
藢	zhǐ	0
藣	bēi	0
藤	téng	592
藥	yào	2
藦	mò	8
藧	huàn	0
藨	biāo	9
藩	fān	704
藪	sǒu	0
藫	tán	0
藬	tuī	0
藭	qióng	0
藮	qiáo	0
藯	wèi	0
藰	liú	0
藱	huì	0
藲	ōu	0
藳	gǎo	0
藴	yùn	0
藵	bǎo	0
藶	lì	0
藷	shǔ	0
藸	chú	0
藹	ǎi	0
藺	lìn	0
藻	zǎo	794
藼	xuān	0
藽	qìn	0
藾	lài	0
藿	huò	28
蘀	tuò	0
蘁	wù	0
蘂	ruǐ	0
蘃	ruǐ	0
蘄	qí	0
蘅	héng	55
蘆	lú	2
蘇	sū	0
蘈	tuí	0
蘉	méng	0
蘊	yùn	0
蘋	píng	21
蘌	yǔ	0
蘍	xūn	2
蘎	jì	0
蘏	jiōng	29
蘐	xuān	0
蘑	mó	38
蘒	qiū	0
蘓	sū	0
蘔	jiōng	0
蘕	péng	0
蘖	niè	26
蘗	bò	0
蘘	ráng	10
蘙	yì	24
蘚	xiǎn	0
蘛	yú	0
蘜	jú	0
蘝	liǎn	3
蘞	liǎn	0
蘟	yǐn	0
蘠	qiáng	3
蘡	yīng	0
蘢	lóng	0
蘣	tǒu	0
蘤	huā	0
蘥	yuè	0
蘦	líng	0
蘧	qú	9
蘨	yáo	2
蘩	fán	28
蘪	méi	0
蘫	hàn	0
蘬	kuī	0
蘭	lán	6
蘮	jì	0
蘯	dàng	0
蘰	màn	0
蘱	lèi	0
蘲	léi	0
蘳	huī	0
蘴	fēng	0
蘵	zhī	0
蘶	wèi	0
蘷	kuí	0
蘸	zhàn	371
蘹	huái	0
蘺	lí	0
蘻	jì	0
蘼	mí	39
蘽	lěi	0
蘾	huài	0
蘿	luó	0
虀	jī	2
虁	kuí	69
虂	lù	0
虃	jiān	0
虄	sà	0
虅	téng	0
虆	léi	0
虇	quǎn	0
虈	xiāo	0
虉	yì	0
虊	luán	0
虋	mén	0
虌	biē	0
虍	hū	0
虎	hǔ	4845
虏	lǔ	1001
虐	nüè	152
虑	lǜ	655
虒	sī	0
虓	xiāo	8
虔	qián	155
處	chù	0
虖	hū	0
虗	xū	0
虘	cuó	812
虙	fú	0
虚	xū	4112
虛	xū	5
虜	lǔ	0
虝	hǔ	0
虞	yú	582
號	hào	0
虠	jiāo	2
虡	jù	0
虢	guó	113
虣	bào	0
虤	yán	0
虥	zhàn	0
虦	zhàn	0
虧	kuī	0
虨	bīn	0
虩	xì	6
虪	shù	0
虫	chóng	3068
虬	qiú	73
虭	diāo	0
虮	jǐ	72
虯	qiú	0
虰	dīng	0
虱	shī	158
虲	xiā	0
虳	jué	0
虴	zhé	0
虵	shé	0
虶	yū	0
虷	hán	0
虸	zǐ	0
虹	hóng	911
虺	huī	38
虻	méng	228
虼	gè	172
虽	suī	14338
虾	xiā	1389
虿	chài	44
蚀	shí	412
蚁	yǐ	473
蚂	mǎ	133
蚃	xiǎng	12
蚄	fāng	0
蚅	è	0
蚆	bā	0
蚇	chǐ	17
蚈	qiān	0
蚉	wén	0
蚊	wén	295
蚋	ruì	65
蚌	bàng	504
蚍	pí	60
蚎	yuè	0
蚏	yuè	0
蚐	jūn	51
蚑	qí	52
蚒	tóng	0
蚓	yǐn	72
蚔	qí	0
蚕	cán	384
蚖	yuán	2
蚗	jué	0
蚘	huí	0
蚙	qín	0
蚚	qí	0
蚛	zhòng	0
蚜	yá	121
蚝	háo	70
蚞	mù	0
蚟	wáng	0
蚠	fén	31
蚡	fén	76
蚢	háng	2
蚣	gōng	34
蚤	zǎo	93
蚥	fù	12
蚦	rán	112
蚧	jiè	170
蚨	fú	56
蚩	chī	77
蚪	dǒu	30
蚫	bào	9
蚬	xiǎn	73
蚭	ní	0
蚮	dài	0
蚯	qiū	39
蚰	yóu	42
蚱	zhà	41
蚲	píng	0
蚳	chí	10
蚴	yòu	128
蚵	hé	18
蚶	hān	76
蚷	jù	0
蚸	lì	0
蚹	fù	48
蚺	rán	22
蚻	zhá	0
蚼	gǒu	0
蚽	pí	0
蚾	pí	0
蚿	xián	0
蛀	zhù	134
蛁	diāo	0
蛂	bié	0
蛃	bǐng	5
蛄	gū	57
蛅	zhān	0
蛆	qū	156
蛇	shé	2430
蛈	tiě	0
蛉	líng	89
蛊	gǔ	211
蛋	dàn	3862
蛌	gǔ	0
蛍	yíng	0
蛎	lì	35
蛏	chēng	108
蛐	qū	41
蛑	móu	65
蛒	gé	6
蛓	cì	233
蛔	huí	410
蛕	huí	0
蛖	máng	15
蛗	fù	0
蛘	yáng	75
蛙	wā	491
蛚	liè	0
蛛	zhū	594
蛜	yī	29
蛝	xián	0
蛞	kuò	55
蛟	jiāo	480
蛠	lì	0
蛡	yì	15
蛢	píng	0
蛣	qī	0
蛤	há	145
蛥	shé	0
蛦	yí	0
蛧	wǎng	0
蛨	mò	0
蛩	qióng	126
蛪	qiè	2
蛫	guǐ	0
蛬	qióng	8
蛭	zhì	206
蛮	mán	1158
蛯	lǎo	0
蛰	zhé	75
蛱	jiá	36
蛲	náo	52
蛳	sī	47
蛴	qí	66
蛵	xīng	0
蛶	jiè	0
蛷	qiú	0
蛸	shāo	26
蛹	yǒng	331
蛺	jiá	0
蛻	tuì	143
蛼	chē	0
蛽	bèi	0
蛾	é	459
蛿	hàn	0
蜀	shǔ	2606
蜁	xuán	0
蜂	fēng	1266
蜃	shèn	96
蜄	shèn	0
蜅	fǔ	0
蜆	xiàn	0
蜇	zhē	49
蜈	wú	8
蜉	fú	3
蜊	lí	10
蜋	láng	9
蜌	bì	0
蜍	chú	7
蜎	yuān	4
蜏	yǒu	0
蜐	jié	0
蜑	dàn	0
蜒	yán	70
蜓	tíng	35
蜔	diàn	0
蜕	tuì	165
蜖	huí	0
蜗	wō	55
蜘	zhī	7
蜙	sōng	0
蜚	fēi	39
蜛	jū	2
蜜	mì	429
蜝	qí	0
蜞	qí	0
蜟	yù	0
蜠	jùn	0
蜡	là	492
蜢	měng	13
蜣	qiāng	2
蜤	sī	0
蜥	xī	146
蜦	lún	0
蜧	lì	0
蜨	dié	0
蜩	tiáo	10
蜪	táo	0
蜫	kūn	0
蜬	hán	0
蜭	hàn	0
蜮	yù	13
蜯	bàng	0
蜰	féi	341
蜱	pí	57
蜲	wēi	0
蜳	dūn	0
蜴	yì	2
蜵	yuān	0
蜶	suò	0
蜷	quán	102
蜸	qiǎn	0
蜹	ruì	57
蜺	ní	2
蜻	qīng	10
蜼	wèi	0
蜽	liǎng	25
蜾	guǒ	2
蜿	wān	10
蝀	dōng	5
蝁	è	0
蝂	bǎn	0
蝃	dì	0
蝄	wǎng	0
蝅	cán	0
蝆	yǎng	0
蝇	yíng	325
蝈	guō	3
蝉	chán	535
蝊	dìng	0
蝋	là	0
蝌	kē	107
蝍	jié	0
蝎	xiē	222
蝏	tíng	0
蝐	mào	0
蝑	xū	0
蝒	mián	0
蝓	yú	0
蝔	jiē	0
蝕	shí	4
蝖	xuān	0
蝗	huáng	254
蝘	yǎn	0
蝙	biān	6
蝚	róu	0
蝛	wēi	0
蝜	fù	0
蝝	yuán	0
蝞	mèi	0
蝟	wèi	5
蝠	fú	88
蝡	rú	0
蝢	xié	0
蝣	yóu	2
蝤	qiú	3
蝥	máo	0
蝦	xiā	0
蝧	yīng	0
蝨	shī	15
蝩	chóng	0
蝪	tāng	0
蝫	zhū	0
蝬	zōng	0
蝭	tí	0
蝮	fù	25
蝯	yuán	0
蝰	kuí	53
蝱	méng	2
蝲	là	0
蝳	dú	0
蝴	hú	2
蝵	qiū	0
蝶	dié	261
蝷	lì	0
蝸	wō	0
蝹	yūn	0
蝺	qǔ	0
蝻	nǎn	0
蝼	lóu	8
蝽	chūn	42
蝾	róng	8
蝿	yíng	0
螀	jiāng	0
螁	ban	0
螂	láng	13
螃	páng	6
螄	sī	0
螅	xī	359
螆	cì	0
螇	xī	0
螈	yuán	57
螉	wēng	0
螊	lián	0
螋	sōu	7
螌	bān	0
融	róng	584
螎	róng	0
螏	jí	0
螐	wū	25
螑	xiù	0
螒	hàn	54
螓	qín	0
螔	yí	0
螕	bī	0
螖	huá	0
螗	táng	7
螘	yǐ	2
螙	dù	0
螚	nài	0
螛	hé	125
螜	hú	0
螝	guī	0
螞	mǎ	0
螟	míng	55
螠	yì	6
螡	wén	0
螢	yíng	3
螣	tè	0
螤	zhōng	0
螥	cāng	0
螦	sāo	0
螧	qí	0
螨	mǎn	297
螩	tiao	0
螪	shāng	0
螫	shì	97
螬	cáo	0
螭	chī	439
螮	dì	0
螯	áo	132
螰	lù	0
螱	wèi	2
螲	zhì	4
螳	táng	11
螴	chén	0
螵	piāo	3
螶	qú	0
螷	pí	0
螸	yú	0
螹	jiàn	0
螺	luó	709
螻	lóu	0
螼	qǐn	7
螽	zhōng	6
螾	yǐn	285
螿	jiāng	7
蟀	shuài	60
蟁	wén	9
蟂	xiāo	0
蟃	wàn	0
蟄	zhé	0
蟅	zhè	0
蟆	má	171
蟇	má	0
蟈	guō	0
蟉	liú	0
蟊	máo	33
蟋	xī	11
蟌	cōng	0
蟍	lí	0
蟎	mǎn	0
蟏	xiāo	0
蟐	chang	0
蟑	zhāng	4
蟒	mǎng	328
蟓	xiàng	0
蟔	mò	0
蟕	zuī	3
蟖	sī	0
蟗	qiū	0
蟘	tè	7
蟙	zhí	0
蟚	péng	3
蟛	péng	88
蟜	jiǎo	3
蟝	qú	15
蟞	biē	0
蟟	liáo	19
蟠	pán	146
蟡	guǐ	0
蟢	xǐ	49
蟣	jǐ	0
蟤	zhuān	0
蟥	huáng	0
蟦	féi	10
蟧	láo	0
蟨	jué	0
蟩	jué	0
蟪	huì	40
蟫	yín	0
蟬	chán	0
蟭	jiāo	18
蟮	shàn	322
蟯	náo	0
蟰	xiāo	6
蟱	wú	0
蟲	chóng	3
蟳	xún	0
蟴	sī	0
蟵	chú	0
蟶	chēng	0
蟷	dāng	3
蟸	lǐ	230
蟹	xiè	802
蟺	shàn	0
蟻	yǐ	0
蟼	jǐng	11
蟽	dá	0
蟾	chán	442
蟿	qì	0
蠀	cī	9
蠁	xiǎng	0
蠂	shè	0
蠃	luǒ	5
蠄	qín	0
蠅	yíng	0
蠆	chài	0
蠇	lì	0
蠈	zéi	0
蠉	xuān	0
蠊	lián	71
蠋	zhú	11
蠌	zé	0
蠍	xiē	0
蠎	mǎng	68
蠏	xiè	0
蠐	qí	0
蠑	róng	0
蠒	jiǎn	0
蠓	měng	102
蠔	háo	3
蠕	rú	44
蠖	huò	69
蠗	zhuó	0
蠘	jié	0
蠙	pín	5
蠚	hē	0
蠛	miè	39
蠜	fán	0
蠝	lěi	0
蠞	jié	0
蠟	là	0
蠠	mǐn	4
蠡	lí	67
蠢	chǔn	323
蠣	lì	0
蠤	qiū	0
蠥	niè	0
蠦	lú	0
蠧	dù	0
蠨	xiāo	0
蠩	zhū	0
蠪	lóng	0
蠫	lí	0
蠬	lóng	0
蠭	fēng	0
蠮	yē	0
蠯	pí	0
蠰	náng	0
蠱	gǔ	0
蠲	juān	37
蠳	yīng	0
蠴	shǔ	3
蠵	xī	9
蠶	cán	0
蠷	qú	0
蠸	quán	0
蠹	dù	137
蠺	cán	0
蠻	mán	0
蠼	qú	54
蠽	jié	0
蠾	zhú	0
蠿	zhuō	0
血	xuè	7567
衁	huāng	383
衂	nǜ	0
衃	pēi	0
衄	nǜ	58
衅	xìn	186
衆	zhòng	3
衇	mài	0
衈	èr	0
衉	kā	0
衊	miè	0
衋	xì	0
行	xíng	22128
衍	yǎn	270
衎	kàn	4
衏	yuàn	105
衐	qú	0
衑	líng	0
衒	xuàn	5
術	shù	16
衔	xián	1542
衕	tòng	4
衖	xiàng	18
街	jiē	8680
衘	xián	0
衙	yá	407
衚	hú	0
衛	wèi	0
衜	dào	0
衝	chōng	0
衞	wèi	0
衟	dào	0
衠	zhūn	4
衡	héng	319
衢	qú	241
衣	yī	3280
衤	yī	18
补	bǔ	3259
衦	gǎn	2
衧	yú	0
表	biǎo	6017
衩	chǎ	62
衪	yí	0
衫	shān	811
衬	chèn	367
衭	fū	0
衮	gǔn	186
衯	fēn	14
衰	shuāi	828
衱	jié	0
衲	nà	74
衳	zhōng	0
衴	dǎn	0
衵	yì	0
衶	zhòng	0
衷	zhōng	368
衸	jiè	0
衹	zhǐ	0
衺	xié	0
衻	rán	0
衼	zhī	0
衽	rèn	28
衾	qīn	107
衿	jīn	49
袀	jūn	0
袁	yuán	2870
袂	mèi	53
袃	chài	0
袄	ǎo	347
袅	niǎo	69
袆	huī	5
袇	rán	0
袈	jiā	6
袉	tuó	0
袊	lǐng	2
袋	dài	1046
袌	bào	0
袍	páo	1321
袎	yào	0
袏	zuò	0
袐	bì	0
袑	shào	0
袒	tǎn	80
袓	jù	5
袔	hè	0
袕	xué	39
袖	xiù	1025
袗	zhěn	0
袘	yí	0
袙	pà	0
袚	bō	0
袛	dī	0
袜	wà	159
袝	fù	3
袞	gǔn	2
袟	zhì	0
袠	zhì	0
袡	rán	0
袢	pàn	37
袣	yì	0
袤	mào	14
袥	tuō	0
袦	nà	0
袧	gōu	0
袨	xuàn	0
袩	zhé	0
袪	qū	2
被	bèi	106845
袬	yù	0
袭	xí	2667
袮	mí	0
袯	bó	0
袰	bō	0
袱	fú	315
袲	chǐ	2
袳	chǐ	0
袴	kù	6
袵	rèn	0
袶	jiàng	0
袷	jiá	188
袸	jiàn	0
袹	bó	0
袺	jié	0
袻	ér	0
袼	gē	16
袽	rú	0
袾	zhū	4
袿	guī	0
裀	yīn	7
裁	cái	1425
裂	liè	1413
裃	kǎ	13
裄	xing	0
装	zhuāng	6904
裆	dāng	96
裇	xū	233
裈	kūn	8
裉	kèn	62
裊	niǎo	0
裋	shù	0
裌	jiá	0
裍	kǔn	0
裎	chéng	16
裏	lǐ	663
裐	juān	0
裑	shēn	0
裒	póu	14
裓	gé	0
裔	yì	313
裕	yù	713
裖	zhěn	0
裗	liú	0
裘	qiú	904
裙	qún	841
裚	jì	2
裛	yì	11
補	bǔ	4
裝	zhuāng	2
裞	shuì	0
裟	shā	37
裠	qún	0
裡	lǐ	4
裢	lián	24
裣	liǎn	17
裤	kù	502
裥	jiǎn	28
裦	fóu	0
裧	chān	0
裨	bì	131
裩	kūn	3
裪	táo	0
裫	yuàn	0
裬	líng	0
裭	chǐ	0
裮	chāng	0
裯	chóu	9
裰	duō	32
裱	biǎo	83
裲	liǎng	0
裳	shang	88
裴	péi	392
裵	péi	0
裶	fēi	0
裷	yuān	0
裸	luǒ	463
裹	guǒ	1379
裺	yǎn	0
裻	dú	0
裼	tì	38
製	zhì	0
裾	jū	57
裿	yǐ	2
褀	qí	2
褁	guǒ	0
褂	guà	419
褃	kèn	42
褄	qī	0
褅	tì	0
褆	tí	0
複	fù	2
褈	chóng	0
褉	xiè	0
褊	biǎn	22
褋	dié	0
褌	kūn	0
褍	duān	0
褎	xiù	6
褏	xiù	0
褐	hè	451
褑	yuàn	0
褒	bāo	123
褓	bǎo	3
褔	fù	0
褕	yú	0
褖	tuàn	0
褗	yǎn	0
褘	huī	0
褙	bèi	8
褚	chǔ	375
褛	lǚ	4
褜	páo	0
褝	dān	68
褞	yǔn	0
褟	tā	51
褠	gōu	333
褡	dā	43
褢	huái	344
褣	róng	0
褤	yuàn	0
褥	rù	127
褦	nài	0
褧	jiǒng	0
褨	suǒ	0
褩	bān	0
褪	tuì	571
褫	chǐ	35
褬	sǎng	0
褭	niǎo	4
褮	yīng	0
褯	jiè	0
褰	qiān	1077
褱	huái	0
褲	kù	0
褳	lián	85
褴	lán	30
褵	lí	0
褶	zhě	227
褷	shī	0
褸	lǚ	0
褹	yì	0
褺	diē	0
褻	xiè	0
褼	xiān	0
褽	wèi	0
褾	biǎo	0
褿	cáo	0
襀	jī	4
襁	qiǎng	0
襂	sēn	0
襃	bāo	0
襄	xiāng	3478
襅	bì	0
襆	fú	0
襇	jiǎn	0
襈	zhuàn	0
襉	jiǎn	0
襊	cuì	0
襋	jí	0
襌	dān	3
襍	zá	0
襎	fán	0
襏	bó	0
襐	xiàng	0
襑	xín	0
襒	bié	0
襓	ráo	0
襔	mǎn	0
襕	lán	60
襖	ǎo	0
襗	zé	0
襘	guì	0
襙	cào	0
襚	suì	0
襛	nóng	8
襜	chān	14
襝	liǎn	16
襞	bì	10
襟	jīn	322
襠	dāng	0
襡	shǔ	0
襢	tǎn	0
襣	bì	0
襤	lán	3
襥	fú	0
襦	rú	31
襧	zhǐ	0
襨	duì	5
襩	shǔ	0
襪	wà	0
襫	shì	0
襬	bǎi	2
襭	xié	0
襮	bó	0
襯	chèn	0
襰	lài	0
襱	lóng	0
襲	xí	3
襳	xiān	0
襴	lán	0
襵	zhě	0
襶	dài	0
襷	jǔ	0
襸	zàn	0
襹	shī	0
襺	jiǎn	0
襻	pàn	25
襼	yì	0
襽	lán	0
襾	yà	0
西	xī	18324
覀	xī	0
要	yào	156581
覂	fěng	0
覃	tán	37
覄	fù	0
覅	fiào	0
覆	fù	1153
覇	bà	0
覈	hé	0
覉	jī	0
覊	jī	37
見	jiàn	0
覌	guān	0
覍	biàn	0
覎	yàn	0
規	guī	0
覐	jué	0
覑	piǎn	0
覒	mào	0
覓	mì	0
覔	mì	0
覕	miè	0
視	shì	0
覗	sì	0
覘	chān	0
覙	luó	0
覚	jué	0
覛	mì	0
覜	tiào	0
覝	lián	0
覞	yào	0
覟	zhì	0
覠	jūn	0
覡	xí	0
覢	shǎn	0
覣	wēi	0
覤	xì	3
覥	tiǎn	0
覦	yú	0
覧	lǎn	0
覨	è	0
覩	dǔ	4
親	qīn	8
覫	pǎng	0
覬	jì	0
覭	míng	0
覮	yíng	0
覯	gòu	0
覰	qū	3
覱	zhàn	0
覲	jìn	3
観	guān	0
覴	dēng	0
覵	jiàn	0
覶	luó	0
覷	qù	4
覸	jiān	0
覹	wéi	0
覺	jué	0
覻	qū	11
覼	luó	0
覽	lǎn	0
覾	shěn	0
覿	dí	0
觀	guān	0
见	jiàn	58965
观	guān	4368
觃	yàn	0
规	guī	2070
觅	mì	962
视	shì	2957
觇	chān	25
览	lǎn	322
觉	jué	6705
觊	jì	10
觋	xí	12
觌	dí	22
觍	tiǎn	0
觎	yú	5
觏	gòu	23
觐	jìn	44
觑	qù	269
角	jiǎo	3477
觓	qiú	0
觔	jīn	15
觕	cū	0
觖	jué	0
觗	zhì	0
觘	chào	0
觙	jí	0
觚	gū	44
觛	dàn	2
觜	zī	14
觝	dǐ	2
觞	shāng	43
觟	huà	0
觠	quán	0
觡	gé	0
觢	shì	0
解	jiě	5923
觤	guǐ	0
觥	gōng	165
触	chù	945
觧	jiě	0
觨	hùn	0
觩	qiú	0
觪	xīng	0
觫	sù	0
觬	ní	2
觭	jī	0
觮	lù	0
觯	zhì	99
觰	zhā	0
觱	bì	0
觲	xīng	0
觳	hú	81
觴	shāng	0
觵	gōng	0
觶	zhì	0
觷	xué	0
觸	chù	0
觹	xī	0
觺	yí	64
觻	lì	0
觼	jué	0
觽	xī	0
觾	yàn	0
觿	xī	0
言	yán	9691
訁	yán	0
訂	dìng	0
訃	fù	0
訄	qiú	3
訅	qiú	0
訆	jiào	0
訇	hōng	9
計	jì	0
訉	fàn	2
訊	xùn	0
訋	diào	0
訌	hòng	0
訍	chài	0
討	tǎo	0
訏	xū	0
訐	jié	0
訑	yí	4
訒	rèn	0
訓	xùn	0
訔	yín	0
訕	shàn	0
訖	qì	0
託	tuō	0
記	jì	6
訙	xùn	0
訚	yín	0
訛	é	0
訜	fēn	0
訝	yà	0
訞	yāo	0
訟	sòng	0
訠	shěn	0
訡	yín	0
訢	xīn	24
訣	jué	0
訤	xiáo	0
訥	nè	0
訦	chén	0
訧	yóu	0
訨	zhǐ	0
訩	xiōng	0
訪	fǎng	0
訫	xìn	2
訬	chāo	11
設	shè	0
訮	yán	0
訯	sǎ	0
訰	zhùn	0
許	xǔ	24
訲	yì	0
訳	yì	8
訴	sù	2
訵	chī	0
訶	hē	0
訷	shēn	64
訸	hé	0
訹	xù	0
診	zhěn	0
註	zhù	0
証	zhèng	0
訽	gòu	0
訾	zī	14
訿	zǐ	0
詀	zhān	0
詁	gǔ	12
詂	fù	0
詃	jiǎn	0
詄	dié	0
詅	líng	3
詆	dǐ	14
詇	yàng	0
詈	lì	147
詉	náo	0
詊	pàn	0
詋	zhòu	79
詌	gàn	0
詍	yì	0
詎	jù	9
詏	yào	0
詐	zhà	0
詑	yí	0
詒	yí	0
詓	qǔ	0
詔	zhào	0
評	píng	0
詖	bì	0
詗	xiòng	0
詘	qū	0
詙	bá	0
詚	dá	0
詛	zǔ	0
詜	tāo	0
詝	zhǔ	8
詞	cí	0
詟	zhé	0
詠	yǒng	0
詡	xǔ	0
詢	xún	0
詣	yì	0
詤	huǎng	0
詥	hé	0
試	shì	0
詧	chá	0
詨	xiào	0
詩	shī	2
詪	hěn	0
詫	chà	0
詬	gòu	0
詭	guǐ	0
詮	quán	11
詯	huì	0
詰	jié	0
話	huà	0
該	gāi	0
詳	xiáng	0
詴	wēi	0
詵	shēn	0
詶	zhòu	0
詷	tóng	0
詸	mí	0
詹	zhān	548
詺	mìng	0
詻	è	0
詼	huī	0
詽	yán	0
詾	xiōng	0
詿	guà	0
誀	èr	0
誁	bìng	0
誂	tiǎo	0
誃	yí	0
誄	lěi	0
誅	zhū	0
誆	kuāng	0
誇	kuā	0
誈	wū	0
誉	yù	1858
誊	téng	58
誋	jì	0
誌	zhì	0
認	rèn	0
誎	cù	0
誏	lǎng	0
誐	é	0
誑	kuáng	0
誒	éi	0
誓	shì	1040
誔	tǐng	0
誕	dàn	0
誖	bèi	0
誗	chán	0
誘	yòu	0
誙	kēng	0
誚	qiào	0
誛	qīn	0
誜	shuà	7
誝	ān	0
語	yǔ	0
誟	xiào	0
誠	chéng	0
誡	jiè	0
誢	xiàn	0
誣	wū	0
誤	wù	0
誥	gào	0
誦	sòng	0
誧	bū	0
誨	huì	0
誩	jìng	0
說	shuō	3
誫	zhèn	0
説	shuō	0
読	dú	0
誮	huā	0
誯	chàng	14
誰	shuí	69
誱	jié	0
課	kè	0
誳	qū	0
誴	cóng	0
誵	xiáo	0
誶	suì	0
誷	wǎng	0
誸	xián	0
誹	fěi	3
誺	chī	0
誻	tà	0
誼	yì	0
誽	nì	0
誾	yín	0
調	diào	0
諀	pǐ	0
諁	zhuó	0
諂	chǎn	20
諃	chēn	0
諄	zhūn	0
諅	jì	12
諆	qī	0
談	tán	0
諈	zhuì	0
諉	wěi	0
諊	jū	0
請	qǐng	5
諌	dǒng	0
諍	zhèng	0
諎	zé	24
諏	zōu	0
諐	qiān	0
諑	zhuó	0
諒	liàng	0
諓	jiàn	0
諔	chù	0
諕	háo	0
論	lùn	0
諗	shěn	0
諘	biǎo	0
諙	huà	0
諚	pián	0
諛	yú	8
諜	dié	0
諝	xū	0
諞	piǎn	0
諟	shì	0
諠	xuān	0
諡	shì	0
諢	hùn	0
諣	huà	0
諤	è	0
諥	zhòng	0
諦	dì	0
諧	xié	0
諨	fú	0
諩	pǔ	0
諪	tíng	0
諫	jiàn	0
諬	qǐ	0
諭	yù	0
諮	zī	0
諯	zhuān	0
諰	xǐ	0
諱	huì	0
諲	yīn	1607
諳	ān	0
諴	xián	0
諵	nán	0
諶	chén	0
諷	fěng	45
諸	zhū	0
諹	yáng	0
諺	yàn	0
諻	huáng	0
諼	xuān	0
諽	gé	0
諾	nuò	0
諿	qī	0
謀	móu	0
謁	yè	0
謂	wèi	0
謃	xīng	3
謄	téng	0
謅	zhōu	0
謆	shàn	15
謇	jiǎn	168
謈	pó	0
謉	kuì	0
謊	huǎng	0
謋	huò	0
謌	gē	0
謍	yíng	0
謎	mí	0
謏	xiǎo	0
謐	mì	0
謑	xǐ	0
謒	qiāng	2
謓	chēn	0
謔	xuè	0
謕	tí	0
謖	sù	0
謗	bàng	0
謘	chí	0
謙	qiān	0
謚	shì	0
講	jiǎng	30
謜	yuán	0
謝	xiè	0
謞	hè	0
謟	tāo	0
謠	yáo	0
謡	yáo	4
謢	lū	0
謣	yú	0
謤	biāo	10
謥	còng	0
謦	qǐng	2
謧	lí	0
謨	mó	0
謩	mó	2
謪	shāng	0
謫	zhé	0
謬	miù	0
謭	jiǎn	0
謮	zé	0
謯	jiē	0
謰	lián	0
謱	lóu	0
謲	càn	0
謳	ōu	0
謴	gùn	0
謵	xí	0
謶	zhuó	0
謷	áo	0
謸	áo	0
謹	jǐn	0
謺	zhé	0
謻	yí	0
謼	hū	0
謽	jiàng	0
謾	mán	0
謿	cháo	0
譀	hàn	0
譁	huá	0
譂	chǎn	0
譃	xū	0
譄	zēng	0
譅	sè	0
譆	xī	0
譇	zhā	0
譈	duì	0
證	zhèng	8
譊	náo	0
譋	lán	0
譌	é	0
譍	yīng	0
譎	jué	7
譏	jī	0
譐	zǔn	0
譑	jiǎo	0
譒	bò	0
譓	huì	0
譔	zhuàn	2
譕	wú	23
譖	zèn	0
譗	zhá	0
識	shí	4
譙	qiào	95
譚	tán	8
譛	zèn	0
譜	pǔ	0
譝	shéng	0
譞	xuān	24
譟	zào	3
譠	tán	0
譡	dǎng	0
譢	suì	0
譣	xiǎn	0
譤	jī	0
譥	jiào	164
警	jǐng	723
譧	zhàn	0
譨	náng	0
譩	yī	2
譪	ǎi	0
譫	zhān	0
譬	pì	33
譭	huǐ	2
譮	huà	0
譯	yì	0
議	yì	2
譱	shàn	0
譲	ràng	0
譳	nòu	0
譴	qiǎn	0
譵	duì	0
譶	tà	0
護	hù	0
譸	zhōu	0
譹	háo	0
譺	ài	31
譻	yīng	0
譼	jiàn	0
譽	yù	0
譾	jiǎn	5
譿	huì	0
讀	dú	0
讁	zhé	0
讂	xuàn	0
讃	zàn	0
讄	lěi	0
讅	shěn	0
讆	wèi	0
讇	chǎn	0
讈	lì	0
讉	yí	13
變	biàn	5
讋	zhé	0
讌	yàn	0
讍	è	0
讎	chóu	0
讏	wèi	0
讐	chóu	0
讑	yào	0
讒	chán	6
讓	ràng	0
讔	yǐn	0
讕	lán	0
讖	chèn	0
讗	xié	0
讘	niè	0
讙	huān	0
讚	zàn	0
讛	yì	0
讜	dǎng	0
讝	zhán	0
讞	yàn	0
讟	dú	0
讠	yán	18
计	jì	4965
订	dìng	1545
讣	fù	42
认	rèn	2506
讥	jī	136
讦	jié	26
讧	hòng	15
讨	tǎo	2229
让	ràng	50310
讪	shàn	232
讫	qì	230
讬	tuō	3
训	xùn	1058
议	yì	2216
讯	xùn	4086
记	jì	7460
讱	rèn	0
讲	jiǎng	13587
讳	huì	575
讴	ōu	12
讵	jù	138
讶	yà	62
讷	nè	196
许	xǔ	2921
讹	é	329
论	lùn	7378
讻	xiōng	0
讼	sòng	269
讽	fěng	94
设	shè	16042
访	fǎng	1446
诀	jué	696
证	zhèng	3628
诂	gǔ	25
诃	hē	196
评	píng	1313
诅	zǔ	25
识	shí	2793
诇	xiòng	0
诈	zhà	427
诉	sù	498
诊	zhěn	365
诋	dǐ	26
诌	zhōu	63
词	cí	5735
诎	qū	50
诏	zhào	4127
诐	bì	0
译	yì	1768
诒	yí	74
诓	kuāng	150
诔	lěi	92
试	shì	3723
诖	guà	104
诗	shī	6567
诘	jí	429
诙	huī	118
诚	chéng	753
诛	zhū	842
诜	shēn	128
话	huà	34240
诞	dàn	210
诟	gòu	110
诠	quán	163
诡	guǐ	183
询	xún	228
诣	yì	86
诤	zhèng	135
该	gāi	27977
详	xiáng	1011
诧	chà	145
诨	hùn	109
诩	xǔ	130
诪	zhōu	0
诫	jiè	190
诬	wū	241
语	yǔ	4563
诮	qiào	104
误	wù	1715
诰	gào	1034
诱	yòu	417
诲	huì	665
诳	kuáng	183
说	shuō	219817
诵	sòng	457
诶	éi	39
请	qǐng	23523
诸	zhū	6711
诹	zōu	65
诺	nuò	1442
读	dú	5660
诼	zhuó	39
诽	fěi	93
课	kè	2900
诿	wěi	75
谀	yú	145
谁	shuí	25842
谂	shěn	41
调	diào	7728
谄	chǎn	120
谅	liàng	452
谆	zhūn	28
谇	suì	54
谈	tán	6712
谉	shěn	0
谊	yì	180
谋	móu	1989
谌	chén	402
谍	dié	27
谎	huǎng	377
谏	jiàn	856
谐	xié	468
谑	xuè	267
谒	yè	376
谓	wèi	1211
谔	è	92
谕	yù	950
谖	xuān	109
谗	chán	108
谘	zī	71
谙	ān	114
谚	yàn	66
谛	dì	325
谜	mí	1206
谝	pián	365
谞	xū	7
谟	mó	422
谠	dǎng	107
谡	sù	137
谢	xiè	2504
谣	yáo	110
谤	bàng	80
谥	shì	387
谦	qiān	567
谧	mì	65
谨	jǐn	853
谩	mán	246
谪	zhé	82
谫	jiǎn	3
谬	miù	169
谭	tán	541
谮	zèn	20
谯	qiáo	111
谰	lán	30
谱	pǔ	2254
谲	jué	39
谳	yàn	47
谴	qiǎn	166
谵	zhān	0
谶	chèn	213
谷	gǔ	3461
谸	qiān	0
谹	hóng	2
谺	xiā	0
谻	jí	2
谼	hóng	0
谽	hān	0
谾	hōng	0
谿	xī	26
豀	xī	4
豁	huō	211
豂	liáo	0
豃	hǎn	0
豄	dú	0
豅	lóng	0
豆	dòu	2483
豇	jiāng	3
豈	qǐ	0
豉	shì	9
豊	lǐ	10
豋	dēng	0
豌	wān	4
豍	bī	0
豎	shù	0
豏	xiàn	0
豐	fēng	88
豑	zhì	0
豒	zhì	0
豓	yàn	0
豔	yàn	0
豕	shǐ	52
豖	chù	0
豗	huī	0
豘	tún	0
豙	yì	0
豚	tún	98
豛	yì	0
豜	jiān	0
豝	bā	3
豞	hòu	37
豟	è	5
豠	chú	0
象	xiàng	8475
豢	huàn	215
豣	jiān	0
豤	kěn	0
豥	gāi	0
豦	jù	0
豧	fū	0
豨	xī	19
豩	bīn	0
豪	háo	1182
豫	yù	907
豬	zhū	2
豭	jiā	0
豮	fén	0
豯	xī	0
豰	bó	0
豱	wēn	0
豲	huán	0
豳	bīn	31
豴	dí	8
豵	zōng	0
豶	fén	0
豷	yì	0
豸	zhì	7
豹	bào	761
豺	chái	50
豻	àn	0
豼	pí	0
豽	nà	14
豾	pī	0
豿	gǒu	0
貀	nà	16
貁	yòu	0
貂	diāo	389
貃	mò	0
貄	sì	0
貅	xiū	2
貆	huán	0
貇	kūn	4
貈	hé	0
貉	háo	86
貊	mò	20
貋	àn	0
貌	mào	870
貍	lí	0
貎	ní	0
貏	bǐ	0
貐	yǔ	0
貑	jiā	0
貒	tuān	2
貓	māo	0
貔	pí	7
貕	xī	0
貖	yì	0
貗	jù	0
貘	mò	45
貙	chū	0
貚	tán	0
貛	huān	0
貜	jué	559
貝	bèi	0
貞	zhēn	0
貟	yuán	0
負	fù	0
財	cái	5
貢	gòng	0
貣	tè	0
貤	yí	0
貥	háng	14
貦	wán	0
貧	pín	192
貨	huò	0
販	fàn	0
貪	tān	0
貫	guàn	49
責	zé	0
貭	zhì	0
貮	èr	0
貯	zhù	0
貰	shì	0
貱	bì	0
貲	zī	0
貳	èr	0
貴	guì	0
貵	piǎn	0
貶	biǎn	0
買	mǎi	0
貸	dài	0
貹	shèng	0
貺	kuàng	0
費	fèi	5
貼	tiē	4
貽	yí	0
貾	chí	0
貿	mào	0
賀	hè	0
賁	bì	6
賂	lù	0
賃	lìn	0
賄	huì	0
賅	gāi	0
賆	pián	0
資	zī	7
賈	jiǎ	0
賉	xù	0
賊	zéi	0
賋	jiǎo	0
賌	gāi	0
賍	zāng	140
賎	jiàn	0
賏	yīng	0
賐	xùn	0
賑	zhèn	0
賒	shē	0
賓	bīn	0
賔	bīn	0
賕	qiú	0
賖	shē	0
賗	chuàn	0
賘	zāng	0
賙	zhōu	0
賚	lài	0
賛	zàn	2
賜	cì	0
賝	chēn	0
賞	shǎng	0
賟	tiǎn	0
賠	péi	0
賡	gēng	0
賢	xián	0
賣	mài	0
賤	jiàn	0
賥	suì	0
賦	fù	0
賧	tàn	0
賨	cóng	151
賩	cóng	0
質	zhì	0
賫	jī	0
賬	zhàng	250
賭	dǔ	0
賮	jìn	0
賯	xiōng	0
賰	chǔn	0
賱	yǔn	0
賲	bǎo	0
賳	zāi	0
賴	lài	0
賵	fèng	0
賶	càng	0
賷	jī	0
賸	shèng	0
賹	yì	0
賺	zhuàn	0
賻	fù	0
購	gòu	1875
賽	sài	0
賾	zé	0
賿	liáo	0
贀	yì	0
贁	bài	0
贂	chěn	0
贃	wàn	0
贄	zhì	0
贅	zhuì	0
贆	biāo	0
贇	yūn	21
贈	zèng	0
贉	dàn	0
贊	zàn	0
贋	yàn	0
贌	pú	2
贍	shàn	0
贎	wàn	0
贏	yíng	3
贐	jìn	0
贑	gàn	0
贒	xián	0
贓	zāng	0
贔	bì	2
贕	dú	0
贖	shú	0
贗	yàn	0
贘	shǎng	0
贙	xuàn	0
贚	lòng	0
贛	gàn	0
贜	zāng	0
贝	bèi	836
贞	zhēn	418
负	fù	4410
贠	yuán	0
贡	gòng	681
财	cái	1725
责	zé	1150
贤	xián	1241
败	bài	3221
账	zhàng	838
货	huò	2218
质	zhì	5760
贩	fàn	464
贪	tān	871
贫	pín	784
贬	biǎn	489
购	gòu	1008
贮	zhù	354
贯	guàn	743
贰	èr	307
贱	jiàn	875
贲	bēn	75
贳	shì	0
贴	tiē	5204
贵	guì	4478
贶	kuàng	8
贷	dài	783
贸	mào	225
费	fèi	3247
贺	hè	1608
贻	yí	108
贼	zéi	5032
贽	zhì	26
贾	jiǎ	1901
贿	huì	153
赀	zī	100
赁	lìn	84
赂	lù	53
赃	zāng	83
资	zī	1599
赅	gāi	13
赆	jìn	8
赇	qiú	0
赈	zhèn	193
赉	lài	38
赊	shē	84
赋	fù	1362
赌	dǔ	1079
赍	jī	339
赎	shú	436
赏	shǎng	2419
赐	cì	2375
赑	bì	26
赒	zhōu	5
赓	gēng	22
赔	péi	866
赕	dǎn	5
赖	lài	1199
赗	fèng	0
赘	zhuì	163
赙	fù	8
赚	zhuàn	1870
赛	sài	2783
赜	zé	87
赝	yàn	54
赞	zàn	1347
赟	yūn	171
赠	zèng	627
赡	shàn	215
赢	yíng	2471
赣	gàn	697
赤	chì	2612
赥	xī	2
赦	shè	1157
赧	nǎn	26
赨	tóng	0
赩	xì	0
赪	chēng	0
赫	hè	586
赬	chēng	3
赭	zhě	40
赮	xiá	0
赯	táng	0
走	zǒu	50437
赱	zǒu	0
赲	lì	0
赳	jiū	43
赴	fù	4943
赵	zhào	3084
赶	gǎn	4518
起	qǐ	58684
赸	shàn	0
赹	qióng	0
赺	yǐn	0
赻	xiǎn	3
赼	zī	0
赽	jué	0
赾	qǐn	2
赿	chí	0
趀	cī	0
趁	chèn	1909
趂	chèn	0
趃	dié	0
趄	jū	8
超	chāo	3870
趆	dī	11
趇	xì	0
趈	zhān	0
趉	jué	0
越	yuè	15864
趋	qū	1314
趌	jí	0
趍	chí	0
趎	chú	17
趏	guā	0
趐	xuè	0
趑	zī	0
趒	tiáo	0
趓	duǒ	0
趔	liè	3
趕	gǎn	0
趖	suō	0
趗	cù	0
趘	xí	0
趙	zhào	4
趚	sù	0
趛	yǐn	0
趜	jú	0
趝	jiàn	0
趞	què	0
趟	tàng	642
趠	chuò	0
趡	cuǐ	0
趢	lù	0
趣	qù	315
趤	dàng	0
趥	qiū	0
趦	zī	0
趧	tí	0
趨	qū	0
趩	chì	0
趪	huáng	0
趫	qiáo	0
趬	qiāo	0
趭	jiào	0
趮	zào	32
趯	tì	0
趰	ěr	0
趱	zǎn	74
趲	zǎn	0
足	zú	9485
趴	pā	290
趵	bào	16
趶	kù	0
趷	kē	2
趸	dǔn	185
趹	jué	0
趺	fū	45
趻	chěn	0
趼	jiǎn	19
趽	fàng	0
趾	zhǐ	598
趿	tā	44
跀	yuè	0
跁	bà	0
跂	qí	3
跃	yuè	2750
跄	qiāng	21
跅	tuò	0
跆	tái	17
跇	yì	0
跈	niǎn	0
跉	líng	0
跊	mèi	0
跋	bá	312
跌	diē	2158
跍	kū	0
跎	tuó	60
跏	jiā	39
跐	cī	0
跑	pǎo	11414
跒	qiǎ	0
跓	zhù	0
跔	jū	0
跕	diǎn	0
跖	zhí	28
跗	fū	60
跘	pán	0
跙	jù	0
跚	shān	22
跛	bǒ	196
跜	ní	0
距	jù	4166
跞	lì	23
跟	gēn	32393
跠	yí	0
跡	jī	5
跢	duò	0
跣	xiǎn	60
跤	jiāo	173
跥	duò	0
跦	zhū	0
跧	quán	0
跨	kuà	2858
跩	zhuǎi	2
跪	guì	3466
跫	qióng	108
跬	kuǐ	16
跭	xiáng	0
跮	chì	0
路	lù	27626
跰	pián	0
跱	zhì	0
跲	jiá	0
跳	tiào	8462
跴	cǎi	0
践	jiàn	419
跶	dá	59
跷	qiāo	193
跸	bì	70
跹	xiān	44
跺	duò	990
跻	jī	41
跼	jú	4
跽	jì	12
跾	shū	0
跿	tú	0
踀	chù	0
踁	jìng	567
踂	niè	0
踃	xiāo	0
踄	bù	5
踅	xué	529
踆	cūn	0
踇	mǔ	0
踈	shū	0
踉	liáng	35
踊	yǒng	126
踋	jiǎo	0
踌	chóu	7
踍	qiāo	0
踎	móu	0
踏	tà	1817
踐	jiàn	0
踑	qí	0
踒	wō	47
踓	wěi	0
踔	chuō	97
踕	jié	0
踖	jí	0
踗	niè	0
踘	jū	0
踙	niè	0
踚	lún	6
踛	lù	0
踜	lèng	32
踝	huái	89
踞	jù	171
踟	chí	3
踠	wǎn	8
踡	quán	0
踢	tī	2993
踣	bó	5
踤	zú	0
踥	qiè	12
踦	yǐ	47
踧	cù	0
踨	zōng	0
踩	cǎi	1241
踪	zōng	388
踫	pèng	0
踬	zhì	7
踭	zhēng	0
踮	diǎn	78
踯	zhí	0
踰	yú	88
踱	duó	457
踲	dùn	12
踳	chuǎn	9
踴	yǒng	0
踵	zhǒng	56
踶	dì	0
踷	zhǎ	0
踸	chěn	0
踹	chuài	308
踺	jiàn	0
踻	guā	0
踼	táng	0
踽	jǔ	0
踾	fú	0
踿	zú	0
蹀	dié	5
蹁	pián	2
蹂	róu	5
蹃	nuò	0
蹄	tí	420
蹅	chǎ	2
蹆	tuǐ	0
蹇	jiǎn	1580
蹈	dǎo	134
蹉	cuō	8
蹊	qī	4
蹋	tà	121
蹌	qiāng	0
蹍	niǎn	0
蹎	diān	0
蹏	tí	2
蹐	jí	6
蹑	niè	83
蹒	pán	5
蹓	liū	27
蹔	zàn	0
蹕	bì	0
蹖	chōng	0
蹗	lù	0
蹘	liáo	0
蹙	cù	353
蹚	tāng	197
蹛	dài	0
蹜	sù	0
蹝	xǐ	0
蹞	kuǐ	0
蹟	jī	2
蹠	zhí	36
蹡	qiāng	11
蹢	dí	0
蹣	pán	0
蹤	zōng	0
蹥	lián	0
蹦	bèng	501
蹧	zāo	3
蹨	niǎn	0
蹩	bié	31
蹪	tuí	0
蹫	jú	2
蹬	dēng	492
蹭	cèng	417
蹮	xiān	0
蹯	fán	2
蹰	chú	0
蹱	zhōng	2
蹲	dūn	1286
蹳	bō	0
蹴	cù	74
蹵	cù	0
蹶	jué	45
蹷	jué	0
蹸	lìn	0
蹹	tá	0
蹺	qiāo	0
蹻	juē	29
蹼	pǔ	101
蹽	liāo	13
蹾	dūn	13
蹿	cuān	477
躀	guàn	0
躁	zào	211
躂	dá	0
躃	bì	0
躄	bì	7
躅	zhú	2
躆	jù	0
躇	chú	9
躈	qiào	0
躉	dǔn	0
躊	chóu	0
躋	jī	0
躌	wǔ	0
躍	yuè	2
躎	niǎn	0
躏	lìn	5
躐	liè	10
躑	zhí	0
躒	lì	0
躓	zhì	0
躔	chán	4
躕	chú	0
躖	duàn	3
躗	wèi	0
躘	lóng	8
躙	lìn	0
躚	xiān	0
躛	wèi	0
躜	zuān	6
躝	lán	0
躞	xiè	0
躟	ráng	13
躠	sǎ	0
躡	niè	11
躢	tà	0
躣	qú	0
躤	jí	0
躥	cuān	0
躦	cuó	15
躧	xǐ	30
躨	kuí	0
躩	jué	0
躪	lìn	0
身	shēn	15789
躬	gōng	398
躭	dān	0
躮	fēn	0
躯	qū	222
躰	tǐ	0
躱	duǒ	2
躲	duǒ	3628
躳	gōng	0
躴	láng	0
躵	rěn	0
躶	luǒ	0
躷	ǎi	11
躸	jī	0
躹	jú	0
躺	tǎng	3481
躻	kōng	5
躼	lào	0
躽	yǎn	0
躾	měi	0
躿	kāng	0
軀	qū	0
軁	lóu	0
軂	lào	3
軃	duǒ	17
軄	zhí	0
軅	yàn	0
軆	tǐ	41
軇	dào	0
軈	yīng	0
軉	yù	0
車	chē	10
軋	yà	2
軌	guǐ	0
軍	jūn	4
軎	wèi	4
軏	yuè	14
軐	xìn	0
軑	dài	0
軒	xuān	0
軓	fàn	100
軔	rèn	0
軕	shān	0
軖	kuáng	0
軗	shū	0
軘	tún	0
軙	chén	0
軚	dài	0
軛	è	0
軜	nà	0
軝	qí	0
軞	máo	0
軟	ruǎn	0
軠	kuáng	3
軡	qián	0
転	zhuǎn	0
軣	hōng	0
軤	hū	0
軥	qú	0
軦	kuàng	0
軧	dǐ	0
軨	líng	0
軩	dài	0
軪	āo	0
軫	zhěn	0
軬	fàn	0
軭	kuāng	0
軮	yǎng	0
軯	pēng	0
軰	bèi	0
軱	gū	0
軲	gū	0
軳	páo	0
軴	zhù	28
軵	rǒng	0
軶	è	10
軷	bá	0
軸	zhóu	0
軹	zhǐ	5
軺	yáo	0
軻	kē	0
軼	yì	0
軽	zhì	0
軾	shì	0
軿	píng	0
輀	ér	0
輁	gǒng	0
輂	jú	6
較	jiào	0
輄	guāng	0
輅	lù	0
輆	kǎi	0
輇	quán	0
輈	zhōu	5
載	zài	0
輊	zhì	0
輋	shē	0
輌	liàng	0
輍	yù	0
輎	shāo	0
輏	yóu	0
輐	wàn	0
輑	yǐn	0
輒	zhé	0
輓	wǎn	0
輔	fǔ	0
輕	qīng	0
輖	zhōu	0
輗	ní	0
輘	léng	0
輙	zhé	0
輚	zhàn	0
輛	liàng	0
輜	zī	0
輝	huī	0
輞	wǎng	0
輟	chuò	0
輠	guǒ	0
輡	kǎn	0
輢	yǐ	0
輣	péng	34
輤	qiàn	0
輥	gǔn	0
輦	niǎn	0
輧	píng	0
輨	guǎn	23
輩	bèi	0
輪	lún	0
輫	pái	0
輬	liáng	0
輭	ruǎn	0
輮	róu	0
輯	jí	290
輰	yáng	0
輱	xián	0
輲	chuán	0
輳	còu	3
輴	chūn	0
輵	gé	0
輶	yóu	0
輷	hōng	0
輸	shū	0
輹	fù	0
輺	zī	0
輻	fú	0
輼	wēn	0
輽	bèn	0
輾	zhǎn	0
輿	yú	0
轀	wēn	0
轁	tāo	0
轂	gǔ	2
轃	zhēn	0
轄	xiá	0
轅	yuán	0
轆	lù	0
轇	jiāo	0
轈	cháo	0
轉	zhuǎn	3
轊	wèi	0
轋	hún	0
轌	xuě	0
轍	zhé	0
轎	jiào	0
轏	zhàn	0
轐	bú	0
轑	lǎo	2
轒	fén	0
轓	fān	0
轔	lín	0
轕	gé	0
轖	sè	0
轗	kǎn	0
轘	huán	11
轙	yǐ	0
轚	jí	0
轛	zhuì	445
轜	ér	0
轝	yù	0
轞	jiàn	0
轟	hōng	0
轠	léi	14
轡	pèi	0
轢	lì	0
轣	lì	0
轤	lú	0
轥	lìn	0
车	chē	9985
轧	yà	339
轨	guǐ	515
轩	xuān	632
轪	dài	0
轫	rèn	63
转	zhuǎn	11622
轭	è	161
轮	lún	4615
软	ruǎn	3730
轰	hōng	1895
轱	gū	3
轲	kē	39
轳	lú	2
轴	zhóu	1377
轵	zhǐ	10
轶	yì	288
轷	hū	0
轸	zhěn	31
轹	lì	2
轺	yáo	13
轻	qīng	7559
轼	shì	9
载	zài	3349
轾	zhì	0
轿	jiào	2458
辀	zhōu	0
辁	quán	0
辂	lù	219
较	jiào	30431
辄	zhé	89
辅	fǔ	1035
辆	liàng	2547
辇	niǎn	779
辈	bèi	1337
辉	huī	510
辊	gǔn	50
辋	wǎng	14
辌	liáng	0
辍	chuò	177
辎	zī	14
辏	còu	333
辐	fú	130
辑	jí	640
辒	wēn	0
输	shū	2922
辔	pèi	176
辕	yuán	94
辖	xiá	7589
辗	niǎn	80
辘	lù	39
辙	zhé	70
辚	lín	28
辛	xīn	562
辜	gū	110
辝	cí	0
辞	cí	1742
辟	pì	1637
辠	zuì	0
辡	biàn	0
辢	là	0
辣	là	1024
辤	cí	0
辥	xuē	0
辦	bàn	6
辧	biàn	11
辨	biàn	1633
辩	biàn	1188
辪	xuē	0
辫	biàn	546
辬	bān	2
辭	cí	0
辮	biàn	0
辯	biàn	0
辰	chén	497
辱	rǔ	693
農	nóng	0
辳	nóng	0
辴	chǎn	0
辵	chuò	0
辶	chuò	28
辷	yī	0
辸	réng	0
边	biān	16283
辺	biān	0
辻	shí	0
込	yū	0
辽	liáo	3713
达	dá	28255
辿	chān	0
迀	gān	0
迁	qiān	2901
迂	yū	82
迃	yū	0
迄	qì	255
迅	xùn	185
迆	yí	3
过	guò	97817
迈	mài	926
迉	qī	0
迊	zā	0
迋	wàng	3
迌	tù	0
迍	zhūn	10
迎	yíng	4509
迏	dá	0
运	yùn	5366
近	jìn	17557
迒	háng	0
迓	yà	42
返	fǎn	1370
迕	wù	23
迖	dá	0
迗	é	0
还	hái	157058
这	zhè	261791
迚	dá	0
进	jìn	25668
远	yuǎn	13523
违	wéi	480
连	lián	23315
迟	chí	1919
迠	chè	2
迡	nì	0
迢	tiáo	8
迣	zhì	0
迤	yí	206
迥	jiǒng	396
迦	jiā	349
迧	chén	0
迨	dài	108
迩	ěr	42
迪	dí	393
迫	pò	929
迬	zhù	0
迭	dié	463
迮	zé	6
迯	táo	104
述	shù	1671
迱	tuó	0
迲	qu	0
迳	jìng	343
迴	huí	11
迵	dòng	0
迶	yòu	0
迷	mí	1608
迸	bèng	404
迹	jì	580
迺	nǎi	4
迻	yí	2
迼	jié	0
追	zhuī	5675
迾	liè	23
迿	xùn	0
退	tuì	7280
送	sòng	13539
适	shì	766
逃	táo	4781
逄	páng	20
逅	hòu	20
逆	nì	1328
逇	dùn	0
逈	jiǒng	0
选	xuǎn	7132
逊	xùn	442
逋	bū	60
逌	yōu	0
逍	xiāo	556
逎	qiú	7
透	tòu	2743
逐	zhú	972
逑	qiú	60
递	dì	2282
逓	dì	0
途	tú	857
逕	jìng	0
逖	tì	23
逗	dòu	424
逘	yǐ	0
這	zhè	7
通	tōng	9628
逛	guàng	931
逜	wù	0
逝	shì	492
逞	chěng	394
速	sù	2061
造	zào	3060
逡	qūn	29
逢	féng	985
連	lián	2
逤	suò	0
逥	huí	0
逦	lǐ	49
逧	gǔ	2
逨	lái	0
逩	bèn	0
逪	cuò	0
逫	jué	0
逬	bèng	0
逭	huàn	27
逮	dǎi	541
逯	lù	48
逰	yóu	0
週	zhōu	0
進	jìn	2
逳	yù	0
逴	chuō	0
逵	kuí	46
逶	wēi	30
逷	tì	0
逸	yì	744
逹	dá	0
逺	yuǎn	0
逻	luó	617
逼	bī	3617
逽	nuò	0
逾	yú	769
逿	dàng	33
遀	suí	0
遁	dùn	277
遂	suì	4209
遃	yǎn	0
遄	chuán	46
遅	chí	0
遆	tí	0
遇	yù	3465
遈	shí	0
遉	zhēn	0
遊	yóu	15
運	yùn	0
遌	è	0
遍	biàn	2147
過	guò	6
遏	è	110
遐	xiá	19
遑	huáng	63
遒	qiú	41
道	dào	140545
達	dá	3
違	wéi	16
遖	nán	0
遗	yí	1158
遘	gòu	8
遙	yáo	0
遚	chòu	0
遛	liú	105
遜	xùn	0
遝	tà	0
遞	dì	0
遟	chí	0
遠	yuǎn	2
遡	sù	0
遢	tà	6
遣	qiǎn	1787
遤	mǎ	0
遥	yáo	581
遦	guàn	0
遧	zhāng	0
遨	áo	5
適	shì	50
遪	cà	0
遫	chì	0
遬	sù	38
遭	zāo	3334
遮	zhē	893
遯	dùn	59
遰	dì	0
遱	lóu	0
遲	chí	0
遳	cuō	0
遴	lín	14
遵	zūn	820
遶	rào	0
遷	qiān	0
選	xuǎn	7
遹	yù	16
遺	yí	49
遻	è	0
遼	liáo	9
遽	jù	105
遾	shì	0
避	bì	2419
邀	yāo	1267
邁	mài	7
邂	xiè	2
邃	suì	16
還	hái	0
邅	zhān	8
邆	téng	2
邇	ěr	0
邈	miǎo	25
邉	biān	0
邊	biān	0
邋	lā	6
邌	lí	0
邍	yuán	0
邎	yáo	0
邏	luó	0
邐	lǐ	0
邑	yì	663
邒	tíng	0
邓	dèng	818
邔	qǐ	0
邕	yōng	47
邖	shān	97
邗	hán	20
邘	yú	8
邙	máng	25
邚	rú	33
邛	qióng	79
邜	xī	0
邝	kuàng	36
邞	fū	0
邟	kàng	0
邠	bīn	15
邡	fāng	10
邢	xíng	608
那	nà	111550
邤	xīn	0
邥	shěn	0
邦	bāng	5417
邧	yuán	0
邨	cūn	16
邩	huǒ	52
邪	xié	1979
邫	bāng	0
邬	wū	300
邭	jù	0
邮	yóu	402
邯	hán	90
邰	tái	19
邱	qiū	282
邲	bì	9
邳	pī	78
邴	bǐng	5
邵	shào	181
邶	bèi	24
邷	wǎ	0
邸	dǐ	334
邹	zōu	108
邺	yè	335
邻	lín	1937
邼	kuāng	0
邽	guī	21
邾	zhū	37
邿	shī	0
郀	kū	0
郁	yù	181
郂	gāi	0
郃	hé	261
郄	qiè	20
郅	zhì	186
郆	jí	0
郇	huán	9
郈	hòu	0
郉	xíng	0
郊	jiāo	510
郋	xí	0
郌	guī	0
郍	nuó	0
郎	láng	1978
郏	jiá	98
郐	kuài	12
郑	zhèng	1551
郒	láng	0
郓	yùn	101
郔	yán	0
郕	chéng	7
郖	dòu	0
郗	xī	0
郘	lǚ	0
郙	fǔ	0
郚	wú	0
郛	fú	20
郜	gào	27
郝	hǎo	294
郞	láng	2
郟	jiá	0
郠	gěng	241
郡	jùn	9988
郢	yǐng	1113
郣	bó	0
郤	xì	7
郥	bèi	0
郦	lì	14
郧	yún	570
部	bù	13579
郩	xiáo	0
郪	qī	112
郫	pí	18
郬	qīng	0
郭	guō	3318
郮	zhōu	0
郯	tán	35
郰	zōu	0
郱	píng	0
郲	lái	0
郳	ní	0
郴	chēn	93
郵	yóu	0
郶	bù	0
郷	xiāng	16
郸	dān	16
郹	jú	0
郺	yōng	0
郻	qiāo	0
郼	yī	0
都	dōu	202780
郾	yǎn	47
郿	méi	34
鄀	ruò	149
鄁	bèi	0
鄂	è	8347
鄃	shū	5
鄄	juàn	126
鄅	yǔ	4
鄆	yùn	0
鄇	hóu	0
鄈	kuí	0
鄉	xiāng	0
鄊	xiāng	0
鄋	sōu	0
鄌	táng	0
鄍	míng	0
鄎	xī	0
鄏	rǔ	26
鄐	chù	19
鄑	zī	0
鄒	zōu	0
鄓	yè	0
鄔	wū	0
鄕	xiāng	0
鄖	yún	0
鄗	hào	31
鄘	yōng	21
鄙	bǐ	298
鄚	mào	6
鄛	cháo	0
鄜	fū	23
鄝	liǎo	0
鄞	yín	18
鄟	zhuān	0
鄠	hù	8
鄡	qiāo	4
鄢	yān	32
鄣	zhāng	123
鄤	màn	12
鄥	qiāo	0
鄦	xǔ	0
鄧	dèng	0
鄨	bì	0
鄩	xún	8
鄪	bì	0
鄫	zēng	9
鄬	wéi	0
鄭	zhèng	0
鄮	mào	7
鄯	shàn	47
鄰	lín	0
鄱	pó	89
鄲	dān	0
鄳	méng	0
鄴	yè	2
鄵	cào	0
鄶	kuài	0
鄷	fēng	5
鄸	méng	0
鄹	zōu	26
鄺	kuàng	0
鄻	liǎn	0
鄼	zàn	2
鄽	chán	0
鄾	yōu	0
鄿	jī	0
酀	yàn	0
酁	chán	0
酂	cuó	8
酃	líng	35
酄	huān	0
酅	xī	0
酆	fēng	98
酇	zàn	0
酈	lì	0
酉	yǒu	198
酊	dīng	19
酋	qiú	165
酌	zhuó	179
配	pèi	2720
酎	zhòu	33
酏	yǐ	0
酐	gān	29
酑	yú	0
酒	jiǔ	9653
酓	yǎn	0
酔	zuì	0
酕	máo	3
酖	zhèn	3
酗	xù	6
酘	dòu	0
酙	zhēn	0
酚	fēn	231
酛	yuán	0
酜	fu	0
酝	yùn	82
酞	tài	20
酟	tiān	0
酠	qiǎ	0
酡	tuó	15
酢	cù	107
酣	hān	252
酤	gū	18
酥	sū	883
酦	pò	0
酧	chóu	120
酨	zài	0
酩	mǐng	10
酪	lào	80
酫	chuò	13
酬	chóu	434
酭	yòu	0
酮	tóng	470
酯	zhǐ	435
酰	xiān	181
酱	jiàng	696
酲	chéng	5
酳	yìn	0
酴	tú	2
酵	jiào	64
酶	méi	1219
酷	kù	413
酸	suān	3899
酹	lèi	17
酺	pú	10
酻	zuì	4
酼	hǎi	0
酽	yàn	35
酾	shāi	3
酿	niàng	186
醀	wéi	0
醁	lù	0
醂	lǎn	0
醃	yān	0
醄	táo	12
醅	pēi	5
醆	zhǎn	0
醇	chún	928
醈	tán	2
醉	zuì	1736
醊	zhuì	0
醋	cù	757
醌	kūn	43
醍	tí	3
醎	xián	4
醏	dū	0
醐	hú	0
醑	xǔ	6
醒	xǐng	2793
醓	tǎn	0
醔	qiú	0
醕	chún	5
醖	yùn	0
醗	pò	0
醘	kē	0
醙	sōu	0
醚	mí	138
醛	quán	281
醜	chǒu	3
醝	cuō	0
醞	yùn	0
醟	yòng	0
醠	àng	10
醡	zhà	40
醢	hǎi	20
醣	táng	24
醤	jiàng	99
醥	piǎo	0
醦	chěn	0
醧	yù	0
醨	lí	0
醩	zāo	0
醪	láo	68
醫	yī	2
醬	jiàng	0
醭	bú	29
醮	jiào	107
醯	xī	105
醰	tán	0
醱	fā	0
醲	nóng	0
醳	yì	0
醴	lǐ	71
醵	jù	22
醶	yàn	0
醷	yì	0
醸	niàng	0
醹	rú	0
醺	xūn	80
醻	chóu	0
醼	yàn	28
醽	líng	0
醾	mí	0
醿	mí	0
釀	niàng	0
釁	xìn	0
釂	jiào	0
釃	shāi	0
釄	mí	0
釅	yàn	0
釆	biàn	0
采	cǎi	1996
釈	shì	2
釉	yòu	321
释	shì	826
釋	shì	0
里	lǐ	77054
重	zhòng	15718
野	yě	1470
量	liàng	10182
釐	lí	28
金	jīn	15074
釒	jīn	0
釓	gá	0
釔	yǐ	0
釕	liǎo	0
釖	dāo	0
釗	zhāo	0
釘	dīng	0
釙	pò	0
釚	qiú	2
釛	bā	0
釜	fǔ	1210
針	zhēn	0
釞	zhí	0
釟	bā	0
釠	luàn	0
釡	fǔ	0
釢	nǎi	0
釣	diào	0
釤	shàn	0
釥	qiǎo	0
釦	kòu	6
釧	chuàn	0
釨	zǐ	0
釩	fǎn	0
釪	huá	12
釫	huá	0
釬	hàn	0
釭	gāng	11
釮	qí	0
釯	máng	0
釰	rì	0
釱	dì	8
釲	sì	0
釳	xì	0
釴	yì	0
釵	chāi	0
釶	shī	0
釷	tǔ	0
釸	xī	0
釹	nǚ	0
釺	qiān	0
釻	qiú	0
釼	jiàn	67
釽	pì	0
釾	yé	0
釿	jīn	2
鈀	bǎ	0
鈁	fāng	0
鈂	chén	0
鈃	xíng	0
鈄	dǒu	0
鈅	yuè	0
鈆	qiān	0
鈇	fū	13
鈈	bù	11
鈉	nà	0
鈊	xīn	0
鈋	é	35
鈌	jué	0
鈍	dùn	0
鈎	gōu	0
鈏	yǐn	0
鈐	qián	0
鈑	bǎn	0
鈒	sà	11
鈓	rén	0
鈔	chāo	0
鈕	niǔ	0
鈖	fēn	0
鈗	yǔn	0
鈘	yǐ	0
鈙	qín	0
鈚	pī	6
鈛	guō	2
鈜	hóng	0
鈝	yín	0
鈞	jūn	0
鈟	diào	0
鈠	yì	0
鈡	zhōng	0
鈢	xǐ	0
鈣	gài	0
鈤	rì	2
鈥	huǒ	2416
鈦	tài	0
鈧	kàng	0
鈨	yuán	0
鈩	lú	0
鈪	è	5
鈫	qín	0
鈬	duó	0
鈭	zī	0
鈮	nǐ	0
鈯	tú	0
鈰	shì	8
鈱	mín	0
鈲	gū	0
鈳	kē	0
鈴	líng	2
鈵	bǐng	0
鈶	sì	4
鈷	gǔ	0
鈸	bó	0
鈹	pī	0
鈺	yù	0
鈻	sì	0
鈼	zuó	0
鈽	bū	0
鈾	yóu	0
鈿	tián	0
鉀	jiǎ	0
鉁	zhēn	0
鉂	shǐ	0
鉃	shì	0
鉄	zhí	0
鉅	jù	2
鉆	chān	0
鉇	shī	0
鉈	shī	0
鉉	xuàn	0
鉊	zhāo	0
鉋	bào	0
鉌	hé	0
鉍	bì	0
鉎	shēng	0
鉏	chú	4
鉐	shí	0
鉑	bó	0
鉒	zhù	0
鉓	chì	0
鉔	zā	104
鉕	pō	0
鉖	tóng	0
鉗	qián	0
鉘	fú	0
鉙	zhǎi	188
鉚	mǎo	0
鉛	qiān	0
鉜	fú	0
鉝	lì	0
鉞	yuè	0
鉟	pī	0
鉠	yāng	5
鉡	bàn	0
鉢	bō	0
鉣	jié	0
鉤	gōu	8
鉥	shù	0
鉦	zhēng	0
鉧	mǔ	2
鉨	xǐ	15
鉩	xǐ	9
鉪	dì	0
鉫	jiā	0
鉬	mù	0
鉭	tǎn	0
鉮	huán	0
鉯	yǐ	0
鉰	sī	0
鉱	kuàng	0
鉲	kǎ	8
鉳	běi	0
鉴	jiàn	565
鉵	tóng	0
鉶	xíng	0
鉷	hóng	3
鉸	jiǎo	0
鉹	chǐ	0
鉺	èr	0
鉻	gè	12
鉼	bǐng	0
鉽	shì	0
鉾	móu	0
鉿	jiā	0
銀	yín	2
銁	jūn	0
銂	zhōu	0
銃	chòng	2
銄	xiǎng	0
銅	tóng	0
銆	mò	6982
銇	lèi	0
銈	jī	0
銉	yù	0
銊	xù	2
銋	rén	0
銌	zùn	0
銍	zhì	0
銎	qióng	36
銏	shàn	0
銐	chì	100
銑	xiǎn	0
銒	xíng	0
銓	quán	0
銔	pī	0
銕	tiě	0
銖	zhū	0
銗	xiàng	0
銘	míng	0
銙	kuǎ	4
銚	yáo	0
銛	xiān	0
銜	xián	0
銝	xiū	0
銞	jūn	0
銟	chā	0
銠	lǎo	0
銡	jí	0
銢	pǐ	0
銣	rú	0
銤	mǐ	0
銥	yī	0
銦	yīn	0
銧	guāng	0
銨	ǎn	0
銩	diū	0
銪	yǒu	0
銫	sè	0
銬	kào	0
銭	qián	0
銮	luán	87
銯	sī	0
銰	āi	0
銱	diào	0
銲	hàn	0
銳	ruì	0
銴	shì	0
銵	kēng	0
銶	qiú	105
銷	xiāo	29
銸	zhé	0
銹	xiù	0
銺	zàng	0
銻	tí	17
銼	cuò	20
銽	guā	0
銾	hòng	3
銿	zhōng	2
鋀	tōu	0
鋁	lǚ	6
鋂	méi	0
鋃	láng	0
鋄	wàn	0
鋅	xīn	0
鋆	yún	9
鋇	bèi	0
鋈	wù	123
鋉	sù	0
鋊	yù	0
鋋	chán	0
鋌	dìng	0
鋍	bó	0
鋎	hàn	0
鋏	jiá	0
鋐	hóng	7
鋑	cuān	0
鋒	fēng	0
鋓	chān	0
鋔	wǎn	0
鋕	zhì	7
鋖	sī	0
鋗	xuān	0
鋘	huá	3
鋙	yǔ	0
鋚	tiáo	3
鋛	kuàng	0
鋜	zhuó	0
鋝	lüè	0
鋞	xíng	0
鋟	qǐn	0
鋠	shèn	0
鋡	hán	0
鋢	lüè	0
鋣	yé	0
鋤	chú	0
鋥	zèng	0
鋦	jū	0
鋧	xiàn	0
鋨	é	0
鋩	máng	0
鋪	pù	0
鋫	lí	0
鋬	pàn	2
鋭	ruì	0
鋮	chéng	0
鋯	gào	0
鋰	lǐ	0
鋱	tè	7
鋲	bīng	0
鋳	zhù	0
鋴	zhèn	0
鋵	tū	0
鋶	liǔ	0
鋷	zuì	0
鋸	jù	0
鋹	chǎng	5
鋺	yuǎn	0
鋻	jiàn	0
鋼	gāng	0
鋽	diào	5
鋾	táo	0
鋿	cháng	0
錀	lún	0
錁	guǒ	0
錂	líng	0
錃	pī	0
錄	lù	0
錅	lí	0
錆	qiāng	0
錇	póu	0
錈	juǎn	0
錉	mín	0
錊	zuì	0
錋	péng	0
錌	àn	0
錍	pī	0
錎	xiàn	0
錏	yā	2
錐	zhuī	0
錑	lèi	0
錒	ā	0
錓	kōng	0
錔	tà	0
錕	kūn	0
錖	dú	0
錗	nèi	0
錘	chuí	378
錙	zī	0
錚	zhēng	0
錛	bēn	0
錜	niè	0
錝	zòng	71
錞	chún	58
錟	tán	0
錠	dìng	0
錡	qí	12
錢	qián	0
錣	zhuì	0
錤	jī	0
錥	yù	0
錦	jǐn	0
錧	guǎn	326
錨	máo	0
錩	chāng	0
錪	tiǎn	0
錫	xī	0
錬	liàn	4
錭	táo	0
錮	gù	0
錯	cuò	120
錰	shù	0
錱	zhēn	18
録	lù	2
錳	měng	0
錴	lù	0
錵	huā	0
錶	biǎo	41
錷	gá	0
錸	lái	0
錹	kěn	0
錺	fāng	0
錻	wu	2
錼	nài	0
錽	wàn	0
錾	zàn	88
錿	hǔ	0
鍀	dé	0
鍁	xiān	0
鍂	piān	189
鍃	huō	0
鍄	liàng	0
鍅	fǎ	11
鍆	mén	0
鍇	kǎi	0
鍈	yīng	0
鍉	dī	3
鍊	liàn	421
鍋	guō	334
鍌	xiǎn	27
鍍	dù	226
鍎	tú	141
鍏	wéi	2134
鍐	zōng	1528
鍑	fù	1749
鍒	róu	2309
鍓	jí	567
鍔	è	1192
鍕	jūn	194
鍖	chěn	484
鍗	tí	1181
鍘	zhá	877
鍙	hù	2979
鍚	yáng	2323
鍛	duàn	1050
鍜	xiá	822
鍝	yú	415
鍞	kēng	82
鍟	shēng	366
鍠	huáng	206
鍡	wěi	58
鍢	fù	236
鍣	zhāo	45
鍤	chā	26
鍥	qiè	1141
鍦	shī	2932
鍧	hōng	308
鍨	kuí	32
鍩	tiǎn	283
鍪	móu	150
鍫	qiāo	89
鍬	qiāo	4
鍭	hóu	0
鍮	tōu	0
鍯	cōng	0
鍰	huán	0
鍱	yè	2
鍲	mín	0
鍳	jiàn	0
鍴	duān	0
鍵	jiàn	0
鍶	sōng	0
鍷	kuí	0
鍸	hú	0
鍹	xuān	0
鍺	zhě	0
鍻	jié	0
鍼	zhēn	0
鍽	biān	0
鍾	zhōng	10
鍿	zī	22
鎀	xiū	16
鎁	yé	5
鎂	měi	0
鎃	pài	0
鎄	āi	0
鎅	jiè	0
鎆	qian	0
鎇	méi	0
鎈	suǒ	5
鎉	dá	12
鎊	bàng	0
鎋	xiá	0
鎌	lián	3
鎍	suǒ	0
鎎	kài	3
鎏	liú	67
鎐	yáo	0
鎑	yè	16
鎒	nòu	2
鎓	wēng	4
鎔	róng	6
鎕	táng	0
鎖	suǒ	0
鎗	qiāng	10
鎘	lì	0
鎙	shuò	0
鎚	chuí	9
鎛	bó	7
鎜	pán	0
鎝	dā	43
鎞	bī	2
鎟	sǎng	0
鎠	gāng	0
鎡	zī	12
鎢	wū	0
鎣	yíng	0
鎤	huàng	0
鎥	tiáo	0
鎦	liú	0
鎧	kǎi	0
鎨	sǔn	0
鎩	shā	3
鎪	sōu	0
鎫	wàn	0
鎬	hào	827
鎭	zhèn	323
鎮	zhèn	296
鎯	láng	1013
鎰	yì	515
鎱	yuán	105
鎲	tǎng	19
鎳	niè	32
鎴	xí	2117
鎵	jiā	1510
鎶	gē	1077
鎷	mǎ	471
鎸	juān	583
鎹	sòng	200
鎺	zǔ	468
鎻	suǒ	228
鎼	xià	150
鎽	fēng	168
鎾	wēn	131
鎿	ná	59
鏀	lǔ	716
鏁	suǒ	547
鏂	ōu	1258
鏃	zú	1660
鏄	tuán	4025
鏅	xiū	855
鏆	guàn	134
鏇	xuàn	222
鏈	liàn	2960
鏉	shòu	2105
鏊	ào	59
鏋	mǎn	552
鏌	mò	288
鏍	luó	702
鏎	bì	0
鏏	wèi	0
鏐	liú	5
鏑	dí	0
鏒	sǎn	0
鏓	zǒng	0
鏔	yí	0
鏕	lù	0
鏖	áo	24
鏗	kēng	0
鏘	qiāng	0
鏙	cuī	0
鏚	qī	0
鏛	cháng	0
鏜	tāng	0
鏝	màn	0
鏞	yōng	0
鏟	chǎn	0
鏠	fēng	0
鏡	jìng	0
鏢	biāo	0
鏣	shù	0
鏤	lòu	0
鏥	xiù	0
鏦	cōng	0
鏧	lóng	0
鏨	zàn	0
鏩	jiàn	0
鏪	cáo	0
鏫	lí	0
鏬	xià	6
鏭	xī	0
鏮	kāng	37
鏯	shuǎng	6
鏰	bèng	0
鏱	zhang	2
鏲	qian	0
鏳	chēng	0
鏴	lù	27
鏵	huá	0
鏶	jí	0
鏷	pú	0
鏸	huì	0
鏹	qiǎng	0
鏺	pō	0
鏻	lín	0
鏼	sè	0
鏽	xiù	0
鏾	sǎn	0
鏿	chēng	30
鐀	kuì	0
鐁	sī	0
鐂	liú	0
鐃	náo	0
鐄	huáng	3
鐅	piě	0
鐆	suì	0
鐇	fán	18
鐈	qiáo	0
鐉	quān	0
鐊	yáng	0
鐋	tāng	0
鐌	xiàng	0
鐍	jué	39
鐎	jiāo	10
鐏	zūn	251
鐐	liáo	436
鐑	qiè	229
鐒	láo	686
鐓	duì	79
鐔	xín	46
鐕	zān	20
鐖	jī	210
鐗	jiǎn	1193
鐘	zhōng	135
鐙	dèng	230
鐚	yā	100
鐛	yǐng	0
鐜	duī	696
鐝	jué	49
鐞	nòu	231
鐟	zān	11
鐠	pǔ	2
鐡	tiě	51
鐢	fán	947
鐣	chēng	197
鐤	dǐng	189
鐥	shàn	151
鐦	kāi	32
鐧	jiān	236
鐨	fèi	5901
鐩	suì	614
鐪	lǔ	1326
鐫	juān	753
鐬	huì	103
鐭	yù	449
鐮	lián	108
鐯	zhuó	0
鐰	qiāo	0
鐱	jiàn	0
鐲	zhuó	0
鐳	léi	0
鐴	bì	0
鐵	tiě	2
鐶	huán	0
鐷	yè	0
鐸	duó	0
鐹	guǒ	0
鐺	dāng	0
鐻	jù	0
鐼	fén	0
鐽	dá	0
鐾	bèi	47
鐿	yì	0
鑀	ài	0
鑁	zōng	0
鑂	xùn	0
鑃	diào	0
鑄	zhù	0
鑅	héng	20
鑆	zhuì	0
鑇	jī	0
鑈	niè	0
鑉	hé	30
鑊	huò	24
鑋	qīng	25
鑌	bīn	0
鑍	yīng	8
鑎	kuì	0
鑏	níng	0
鑐	xū	4
鑑	jiàn	0
鑒	jiàn	0
鑓	qiǎn	0
鑔	chǎ	0
鑕	zhì	0
鑖	miè	0
鑗	lí	0
鑘	léi	0
鑙	jī	0
鑚	zuàn	0
鑛	kuàng	0
鑜	shǎng	45
鑝	péng	0
鑞	là	0
鑟	dú	0
鑠	shuò	0
鑡	chuò	0
鑢	lǜ	0
鑣	biāo	0
鑤	bào	0
鑥	lǔ	0
鑦	xian	0
鑧	kuān	0
鑨	lóng	44
鑩	è	0
鑪	lú	0
鑫	xīn	141
鑬	jiàn	0
鑭	làn	0
鑮	bó	0
鑯	jiān	0
鑰	yào	942
鑱	chán	144
鑲	xiāng	330
鑳	jiàn	744
鑴	xī	434
鑵	guàn	235
鑶	cáng	60
鑷	niè	660
鑸	lěi	170
鑹	cuān	183
鑺	qú	160
鑻	pàn	525
鑼	luó	57
鑽	zuān	186
鑾	luán	142
鑿	záo	28
钀	niè	395
钁	jué	67
钂	tǎng	43
钃	zhú	93
钄	lán	23
钅	jīn	26
钆	gá	13
钇	yǐ	57
针	zhēn	2434
钉	dīng	1651
钊	zhāo	318
钋	pō	77
钌	liǎo	57
钍	tǔ	139
钎	qiān	43
钏	chuàn	50
钐	shān	21
钑	sà	304
钒	fán	447
钓	diào	417
钔	mén	19
钕	nǚ	37
钖	yáng	81
钗	chāi	235
钘	xíng	28
钙	gài	1142
钚	bù	124
钛	tài	879
钜	jù	48
钝	dùn	341
钞	chāo	747
钟	zhōng	3570
钠	nà	894
钡	bèi	431
钢	gāng	2541
钣	bǎn	46
钤	qián	164
钥	yào	112
钦	qīn	1315
钧	jūn	593
钨	wū	432
钩	gōu	1492
钪	kàng	101
钫	fāng	48
钬	huǒ	7
钭	tǒu	14
钮	niǔ	87
钯	bǎ	381
钰	yù	11
钱	qián	17871
钲	zhēng	15
钳	qián	246
钴	gǔ	582
钵	bō	392
钶	kē	4
钷	pǒ	13
钸	bū	0
钹	bó	76
钺	yuè	92
钻	zuān	2369
钼	mù	298
钽	tǎn	142
钾	jiǎ	669
钿	diàn	44
铀	yóu	729
铁	tiě	8654
铂	bó	306
铃	líng	595
铄	shuò	29
铅	qiān	1711
铆	mǎo	44
铇	bào	2
铈	shì	37
铉	xuàn	33
铊	tā	59
铋	bì	120
铌	ní	136
铍	pī	110
铎	duó	163
铏	xíng	193
铐	kào	182
铑	lǎo	35
铒	ěr	12
铓	máng	18
铔	yā	79
铕	yǒu	12
铖	chéng	31
铗	jiá	10
铘	yé	0
铙	náo	65
铚	zhì	24
铛	dāng	34
铜	tóng	5739
铝	lǚ	901
铞	diào	4
铟	yīn	48
铠	kǎi	115
铡	zhá	191
铢	zhū	110
铣	xǐ	223
铤	dìng	8
铥	diū	8
铦	xiān	14
铧	huá	37
铨	quán	53
铩	shā	129
铪	hā	45
铫	diào	19
铬	gè	572
铭	míng	323
铮	zhēng	698
铯	sè	85
铰	jiǎo	135
铱	yī	92
铲	chǎn	950
铳	chòng	154
铴	tāng	0
铵	ǎn	75
银	yín	5956
铷	rú	66
铸	zhù	1047
铹	láo	7
铺	pù	6811
铻	wú	11
铼	lái	32
铽	tè	5
链	liàn	1173
铿	kēng	303
销	xiāo	849
锁	suǒ	1505
锂	lǐ	219
锃	zèng	19
锄	chú	311
锅	guō	2561
锆	gào	120
锇	é	56
锈	xiù	172
锉	cuò	98
锊	lüè	63
锋	fēng	887
锌	xīn	1652
锍	liǔ	38
锎	kāi	20
锏	jiǎn	324
锐	ruì	368
锑	tī	295
锒	láng	53
锓	qǐn	51
锔	jū	30
锕	ā	67
锖	qiāng	52
锗	zhě	156
锘	nuò	38
错	cuò	6340
锚	máo	225
锛	bēn	12605
锜	qí	812
锝	dé	77
锞	kè	66
锟	kūn	28
锠	chāng	9
锡	xī	1246
锢	gù	173
锣	luó	396
锤	chuí	651
锥	zhuī	696
锦	jǐn	1968
锧	zhì	6
锨	xiān	105
锩	juǎn	52
锪	huō	25
锫	péi	12
锬	tán	25
锭	dìng	327
键	jiàn	804
锯	jù	390
锰	měng	995
锱	zī	8
锲	qiè	29
锳	yīng	0
锴	kǎi	7
锵	qiāng	77
锶	sī	120
锷	è	43
锸	chā	53
锹	qiāo	155
锺	zhōng	516
锻	duàn	182
锼	sōu	24
锽	huáng	0
锾	huán	111
锿	āi	28
镀	dù	138
镁	měi	588
镂	lòu	350
镃	zī	33
镄	fèi	23
镅	méi	83
镆	mò	46
镇	zhèn	11036
镈	bó	12
镉	gé	222
镊	niè	24
镋	tǎng	2
镌	juān	121
镍	niè	858
镎	ná	28
镏	liú	293
镐	gǎo	512
镑	bàng	2820
镒	yì	58
镓	jiā	64
镔	bīn	2
镕	róng	31
镖	biāo	921
镗	tāng	184
镘	màn	4
镙	luó	0
镚	bèng	0
镛	yōng	7
镜	jìng	1565
镝	dī	7
镞	zú	335
镟	xuàn	72
镠	liú	113
镡	chán	3
镢	jué	23
镣	liào	118
镤	pú	7
镥	lǔ	8
镦	duì	131
镧	lán	38
镨	pǔ	7
镩	cuān	0
镪	qiāng	9
镫	dèng	128
镬	huò	114
镭	léi	111
镮	huán	0
镯	zhuó	73
镰	lián	192
镱	yì	6
镲	chǎ	6
镳	biāo	63
镴	là	6
镵	chán	3
镶	xiāng	640
長	zhǎng	5
镸	cháng	0
镹	jiǔ	0
镺	ǎo	24
镻	dié	0
镼	qū	0
镽	liǎo	0
镾	mí	0
长	cháng	40281
門	mén	43
閁	mà	0
閂	shuān	0
閃	shǎn	0
閄	huò	0
閅	mén	0
閆	yán	7
閇	bì	0
閈	hàn	0
閉	bì	2
閊	shān	0
開	kāi	12
閌	kàng	0
閍	bēng	0
閎	hóng	0
閏	rùn	9
閐	sàn	0
閑	xián	133
閒	xián	0
間	jiān	11
閔	mǐn	0
閕	xiā	0
閖	shui	0
閗	dòu	0
閘	zhá	2
閙	nào	0
閚	zhān	4
閛	pēng	0
閜	xiǎ	2
閝	líng	0
閞	biàn	0
閟	bì	5
閠	rùn	0
閡	ài	0
関	guān	0
閣	gé	8
閤	gé	13
閥	fá	2
閦	chù	2
閧	hòng	0
閨	guī	0
閩	mǐn	0
閪	sē	0
閫	kǔn	542
閬	làng	747
閭	lǘ	792
閮	tíng	877
閯	shà	8
閰	jú	138
閱	yuè	62
閲	yuè	1174
閳	chǎn	0
閴	qù	7
閵	lìn	0
閶	chāng	0
閷	shài	0
閸	kǔn	0
閹	yān	0
閺	wén	3
閻	yán	0
閼	è	0
閽	hūn	98
閾	yù	68
閿	wén	157
闀	hòng	749
闁	bāo	0
闂	hòng	965
闃	qù	1046
闄	yǎo	964
闅	wén	267
闆	bǎn	299
闇	àn	134
闈	wéi	783
闉	yīn	29
闊	kuò	378
闋	què	0
闌	lán	0
闍	dū	0
闎	quán	0
闏	fēng	0
闐	tián	0
闑	niè	0
闒	tà	0
闓	kǎi	0
闔	hé	0
闕	què	0
闖	chuǎng	0
闗	guān	0
闘	dòu	0
闙	qǐ	0
闚	kuī	0
闛	táng	0
關	guān	3
闝	piáo	0
闞	kàn	0
闟	xì	256
闠	huì	157
闡	chǎn	0
闢	pì	0
闣	dàng	0
闤	huán	0
闥	tà	0
闦	wén	0
闧	tā	0
门	mén	39823
闩	shuān	160
闪	shǎn	2906
闫	yán	97
闬	hàn	19
闭	bì	2544
问	wèn	34296
闯	chuǎng	2921
闰	rùn	159
闱	wéi	64
闲	xián	1616
闳	hóng	190
间	jiān	23632
闵	mǐn	212
闶	kāng	78
闷	mèn	1222
闸	zhá	1167
闹	nào	4458
闺	guī	197
闻	wén	4745
闼	tà	59
闽	mǐn	848
闾	lǘ	153
闿	kǎi	93
阀	fá	192
阁	gé	2395
阂	hé	33
阃	kǔn	30
阄	jiū	48
阅	yuè	715
阆	láng	66
阇	dū	98
阈	yù	96
阉	yān	230
阊	chāng	188
阋	xì	64
阌	wén	70
阍	hūn	46
阎	yán	310
阏	è	41
阐	chǎn	116
阑	lán	131
阒	qù	63
阓	huì	2
阔	kuò	1959
阕	què	84
阖	hé	315
阗	tián	68
阘	dá	8
阙	quē	1619
阚	hǎn	7
阛	huán	3
阜	fù	523
阝	fù	14
阞	lè	0
队	duì	12982
阠	xìn	4
阡	qiān	74
阢	wù	0
阣	gài	0
阤	zhì	0
阥	yīn	0
阦	yáng	0
阧	dǒu	0
阨	è	2
阩	shēng	0
阪	bǎn	38
阫	péi	0
阬	kēng	54
阭	yǔn	0
阮	ruǎn	424
阯	zhǐ	25
阰	pí	0
阱	jǐng	17
防	fáng	3021
阳	yáng	3406
阴	yīn	2300
阵	zhèn	3405
阶	jiē	1356
阷	chēng	0
阸	è	0
阹	qū	0
阺	dǐ	0
阻	zǔ	1730
阼	zuò	4
阽	diàn	2
阾	lǐng	0
阿	ā	6905
陀	tuó	1147
陁	tuó	2
陂	bēi	58
陃	bǐng	0
附	fù	2664
际	jì	1131
陆	lù	2144
陇	lǒng	259
陈	chén	5608
陉	xíng	28
陊	duò	0
陋	lòu	122
陌	mò	162
降	jiàng	6014
陎	shū	0
陏	duò	0
限	xiàn	2452
陑	ér	0
陒	guǐ	0
陓	yū	0
陔	gāi	8
陕	shǎn	625
陖	jùn	0
陗	qiào	27
陘	xíng	0
陙	chún	549
陚	fù	0
陛	bì	289
陜	xiá	0
陝	shǎn	0
陞	shēng	5
陟	zhì	30
陠	pū	0
陡	dǒu	768
院	yuàn	6957
陣	zhèn	12
除	chú	16316
陥	xiàn	0
陦	dǎo	0
陧	niè	10
陨	yǔn	132
险	xiǎn	1733
陪	péi	3654
陫	fèi	0
陬	zōu	29
陭	yì	0
陮	duì	0
陯	lún	4
陰	yīn	2
陱	jū	0
陲	chuí	18
陳	chén	0
陴	pí	2
陵	líng	2855
陶	táo	734
陷	xiàn	1320
陸	lù	0
陹	shēng	0
険	xiǎn	0
陻	yīn	0
陼	zhǔ	36
陽	yáng	28
陾	réng	0
陿	xiá	0
隀	chóng	0
隁	yàn	0
隂	yīn	0
隃	shù	0
隄	dī	0
隅	yú	467
隆	lóng	1584
隇	wēi	0
隈	wēi	10
隉	niè	0
隊	duì	0
隋	suí	1056
隌	ǎn	0
隍	huáng	20
階	jiē	0
随	suí	9036
隐	yǐn	1630
隑	gài	0
隒	yǎn	0
隓	huī	2
隔	gé	3859
隕	yǔn	0
隖	wù	0
隗	kuí	23
隘	ài	322
隙	xì	464
隚	táng	0
際	jì	0
障	zhàng	269
隝	dǎo	0
隞	áo	6
隟	xì	0
隠	yǐn	0
隡	sà	0
隢	rǎo	0
隣	lín	0
隤	tuí	0
隥	dèng	0
隦	jiǎo	0
隧	suì	71
隨	suí	276
隩	ào	0
險	xiǎn	0
隫	fén	0
隬	nǐ	0
隭	ér	4
隮	jī	0
隯	dǎo	0
隰	xí	46
隱	yǐn	0
隲	zhì	0
隳	huī	51
隴	lǒng	0
隵	xī	0
隶	lì	622
隷	lì	135
隸	lì	0
隹	zhuī	48
隺	hú	0
隻	zhī	0
隼	sǔn	231
隽	juàn	192
难	nán	18505
隿	yì	0
雀	què	501
雁	yàn	415
雂	qín	0
雃	qiān	0
雄	xióng	2932
雅	yǎ	1051
集	jí	6174
雇	gù	663
雈	huán	0
雉	zhì	193
雊	gòu	0
雋	juàn	0
雌	cí	1024
雍	yōng	269
雎	jū	29
雏	chú	100
雐	hū	0
雑	zá	0
雒	luò	199
雓	yú	19
雔	chóu	0
雕	diāo	2981
雖	suī	0
雗	hàn	0
雘	wò	3
雙	shuāng	4
雚	guàn	0
雛	chú	0
雜	zá	0
雝	yōng	0
雞	jī	0
雟	xī	4
雠	chóu	118
雡	liù	3
離	lí	3
難	nán	3
雤	xué	0
雥	zá	0
雦	jí	0
雧	jí	0
雨	yǔ	4450
雩	yú	11
雪	xuě	4284
雫	nǎ	0
雬	fǒu	0
雭	sè	0
雮	mù	133
雯	wén	8
雰	fēn	0
雱	pāng	2
雲	yún	6
雳	lì	0
雴	chì	0
雵	yāng	0
零	líng	1848
雷	léi	1951
雸	án	0
雹	báo	88
雺	wù	0
電	diàn	4
雼	dàng	3
雽	hù	0
雾	wù	1542
雿	diào	0
需	xū	9183
霁	jì	57
霂	mù	0
霃	chén	20
霄	xiāo	71
霅	zhà	2
霆	tíng	33
震	zhèn	2904
霈	pèi	2
霉	méi	391
霊	líng	0
霋	qī	0
霌	zhōu	0
霍	huò	913
霎	shà	66
霏	fēi	268
霐	hóng	0
霑	zhān	3
霒	yīn	0
霓	ní	330
霔	zhù	0
霕	tún	0
霖	lín	83
霗	líng	0
霘	dòng	0
霙	yīng	0
霚	wù	0
霛	líng	0
霜	shuāng	852
霝	líng	0
霞	xiá	414
霟	hóng	0
霠	yīn	0
霡	mài	0
霢	mài	0
霣	yǔn	8
霤	liù	4
霥	mèng	0
霦	bīn	0
霧	wù	0
霨	wèi	7
霩	kuò	4
霪	yín	3
霫	xí	3
霬	yì	0
霭	ǎi	76
霮	dàn	0
霯	tèng	0
霰	xiàn	60
霱	yù	0
露	lù	2822
霳	lóng	908
霴	dài	0
霵	jí	0
霶	pāng	0
霷	yáng	0
霸	bà	810
霹	pī	8
霺	wéi	15
霻	fēng	0
霼	xì	0
霽	jì	0
霾	mái	107
霿	méng	2
靀	méng	0
靁	léi	0
靂	lì	0
靃	huò	0
靄	ǎi	0
靅	fèi	0
靆	dài	0
靇	lóng	0
靈	líng	0
靉	ài	0
靊	fēng	4
靋	lì	0
靌	bǎo	0
靍	hè	0
靎	hè	0
靏	hè	0
靐	bìng	0
靑	qīng	0
青	qīng	5581
靓	jìng	58
靔	tiān	0
靕	zhēn	0
靖	jìng	541
靗	chēng	0
靘	qìng	0
静	jìng	2453
靚	jìng	0
靛	diàn	471
靜	jìng	2
靝	tiān	0
非	fēi	16318
靟	fēi	0
靠	kào	8829
靡	mí	261
面	miàn	14337
靣	miàn	26
靤	bào	0
靥	yè	58
靦	tiǎn	7
靧	huì	0
靨	yè	0
革	gé	1242
靪	dīng	0
靫	chá	0
靬	qián	27
靭	rèn	0
靮	dí	0
靯	dù	0
靰	wù	0
靱	rèn	0
靲	qín	0
靳	jìn	30
靴	xuē	351
靵	niǔ	0
靶	bǎ	414
靷	yǐn	0
靸	sǎ	5
靹	nà	8
靺	mò	51
靻	zǔ	0
靼	dá	46
靽	bàn	0
靾	yì	0
靿	yào	8
鞀	táo	0
鞁	bèi	2
鞂	jiē	0
鞃	hóng	0
鞄	páo	0
鞅	yāng	46
鞆	bǐng	0
鞇	yīn	0
鞈	gé	283
鞉	táo	0
鞊	jié	0
鞋	xié	1578
鞌	ān	0
鞍	ān	540
鞎	hén	0
鞏	gǒng	2
鞐	qiǎ	0
鞑	dá	1100
鞒	qiáo	90
鞓	tīng	3
鞔	mán	52
鞕	yìng	0
鞖	suī	0
鞗	tiáo	9
鞘	qiào	656
鞙	xuàn	0
鞚	kòng	0
鞛	běng	0
鞜	tà	0
鞝	shàng	0
鞞	bǐng	2
鞟	kuò	0
鞠	jū	113
鞡	la	0
鞢	xiè	0
鞣	róu	140
鞤	bāng	0
鞥	ēng	0
鞦	qiū	2
鞧	qiū	2
鞨	hé	50
鞩	qiào	0
鞪	mù	0
鞫	jū	93
鞬	jiān	14
鞭	biān	1933
鞮	dī	12
鞯	jiān	285
鞰	wēn	0
鞱	tāo	0
鞲	gōu	51
鞳	tà	6
鞴	bèi	66
鞵	xié	0
鞶	pán	13
鞷	gé	0
鞸	bì	8
鞹	kuò	57
鞺	tāng	0
鞻	lóu	25
鞼	guì	0
鞽	qiáo	0
鞾	xuē	0
鞿	jī	0
韀	jiān	0
韁	jiāng	2
韂	chàn	7
韃	dá	0
韄	hù	0
韅	xiǎn	0
韆	qiān	0
韇	dú	0
韈	wà	4
韉	jiān	0
韊	lán	0
韋	wéi	0
韌	rèn	0
韍	fú	0
韎	mèi	0
韏	quàn	0
韐	gé	0
韑	wěi	0
韒	qiào	0
韓	hán	0
韔	chàng	0
韕	kuò	81
韖	rǒu	0
韗	yùn	9
韘	shè	17
韙	wěi	0
韚	gé	0
韛	bài	0
韜	tāo	22
韝	gōu	0
韞	yùn	0
韟	gāo	0
韠	bì	0
韡	wěi	0
韢	suì	0
韣	dú	44
韤	wà	0
韥	dú	3
韦	wéi	830
韧	rèn	166
韨	fú	0
韩	hán	3448
韪	wěi	81
韫	yùn	56
韬	tāo	530
韭	jiǔ	55
韮	jiǔ	0
韯	xiān	0
韰	xiè	0
韱	xiān	0
韲	jī	0
音	yīn	2679
韴	zá	0
韵	yùn	764
韶	sháo	58
韷	lè	0
韸	péng	0
韹	huáng	38
韺	yīng	0
韻	yùn	0
韼	péng	0
韽	ān	2
韾	yīn	0
響	xiǎng	0
頀	hù	0
頁	yè	0
頂	dǐng	3
頃	qǐng	19
頄	kuí	0
項	xiàng	25
順	shùn	0
頇	hān	0
須	xū	5
頉	yí	0
頊	xū	0
頋	ě	0
頌	sòng	0
頍	kuǐ	0
頎	qí	0
頏	háng	0
預	yù	8
頑	wán	0
頒	bān	0
頓	dùn	0
頔	dí	0
頕	dān	0
頖	pàn	0
頗	pō	0
領	lǐng	3
頙	chè	0
頚	jǐng	0
頛	lèi	0
頜	hé	0
頝	qiāo	0
頞	è	21
頟	é	0
頠	wěi	21
頡	xié	0
頢	kuò	5
頣	shěn	0
頤	yí	3
頥	yí	0
頦	hái	0
頧	duǐ	32
頨	yǔ	0
頩	pīng	0
頪	lèi	0
頫	fǔ	72
頬	jiá	34
頭	tóu	2
頮	huì	0
頯	kuí	0
頰	jiá	0
頱	luō	0
頲	tǐng	0
頳	chēng	0
頴	yǐng	0
頵	yūn	3
頶	hú	0
頷	hàn	7
頸	jǐng	0
頹	tuí	0
頺	tuí	0
頻	pín	0
頼	lài	0
頽	tuí	0
頾	zī	0
頿	zī	0
顀	chuí	0
顁	dìng	0
顂	lài	0
顃	tán	2
顄	hàn	0
顅	qiān	74
顆	kē	11
顇	cuì	0
顈	xuǎn	0
顉	qīn	0
顊	yí	3
顋	sāi	0
題	tí	16
額	é	0
顎	è	0
顏	yán	0
顐	wèn	0
顑	kǎn	0
顒	yóng	14
顓	zhuān	0
顔	yán	4
顕	xiǎn	0
顖	xìn	0
顗	yǐ	5
願	yuàn	2
顙	sǎng	0
顚	diān	0
顛	diān	0
顜	jiǎng	0
顝	kuī	0
類	lèi	4
顟	láo	0
顠	piǎo	2
顡	wài	0
顢	mán	0
顣	cù	361
顤	yáo	0
顥	hào	0
顦	qiáo	0
顧	gù	0
顨	xùn	0
顩	yǎn	0
顪	huì	0
顫	chàn	0
顬	rú	0
顭	méng	0
顮	bīn	0
顯	xiǎn	2
顰	pín	0
顱	lú	0
顲	lǎn	0
顳	niè	0
顴	quán	0
页	yè	4911
顶	dǐng	7797
顷	qǐng	502
顸	hān	4
项	xiàng	8766
顺	shùn	2916
须	xū	8997
顼	xū	7
顽	wán	559
顾	gù	3823
顿	dùn	2604
颀	qí	22
颁	bān	2636
颂	sòng	602
颃	háng	0
预	yù	703
颅	lú	177
领	lǐng	6800
颇	pǒ	5456
颈	jǐng	1891
颉	jié	139
颊	jiá	742
颋	tǐng	6
颌	hé	178
颍	yǐng	266
颎	jiǒng	22
颏	kē	167
颐	yí	416
频	pín	849
颒	huì	0
颓	tuí	111
颔	hàn	72
颕	yǐng	0
颖	yǐng	511
颗	kē	1980
题	tí	5668
颙	yóng	34
颚	è	122
颛	zhuān	9
颜	yán	444
额	é	2464
颞	niè	62
颟	mān	0
颠	diān	655
颡	sǎng	17
颢	hào	6
颣	lèi	2
颤	chàn	1678
颥	rú	0
颦	pín	61
颧	quán	50
風	fēng	3
颩	biāo	0
颪	guā	0
颫	fú	0
颬	xiā	0
颭	zhǎn	11
颮	biāo	0
颯	sà	342
颰	bá	0
颱	tái	15
颲	liè	0
颳	guā	0
颴	xuàn	0
颵	shāo	0
颶	jù	0
颷	biāo	0
颸	sī	0
颹	wěi	0
颺	yáng	0
颻	yáo	0
颼	sōu	23
颽	kǎi	0
颾	sōu	0
颿	fān	0
飀	liú	0
飁	xí	0
飂	liù	0
飃	piāo	0
飄	piāo	7
飅	liú	0
飆	biāo	22
飇	biāo	0
飈	biāo	0
飉	liáo	0
飊	biāo	3
飋	sè	0
飌	fēng	0
飍	xiū	0
风	fēng	11195
飏	yáng	26
飐	zhǎn	3
飑	biāo	23
飒	sà	14
飓	jù	31
飔	sī	0
飕	sōu	98
飖	yáo	9
飗	liú	20
飘	piāo	1507
飙	biāo	71
飚	biāo	298
飛	fēi	0
飜	fān	0
飝	fēi	30
飞	fēi	9563
食	shí	6350
飠	shí	34
飡	cān	0
飢	jī	0
飣	dìng	0
飤	sì	2
飥	tuō	0
飦	zhān	0
飧	sūn	209
飨	xiǎng	124
飩	tún	0
飪	rèn	3
飫	yù	0
飬	juàn	0
飭	chì	0
飮	yǐn	0
飯	fàn	0
飰	fàn	0
飱	sūn	0
飲	yǐn	10
飳	tǒu	0
飴	yí	138
飵	zuò	0
飶	bì	0
飷	jiě	0
飸	tāo	0
飹	bǎo	0
飺	cí	0
飻	tiè	0
飼	sì	4
飽	bǎo	0
飾	shì	0
飿	duò	0
餀	hài	0
餁	rèn	0
餂	tiǎn	5
餃	jiǎo	0
餄	jiá	0
餅	bǐng	0
餆	yáo	0
餇	tóng	0
餈	cí	0
餉	xiǎng	0
養	yǎng	0
餋	juàn	0
餌	ěr	0
餍	yàn	46
餎	le	0
餏	xī	0
餐	cān	627
餑	bō	0
餒	něi	0
餓	è	0
餔	bù	0
餕	jùn	0
餖	dòu	0
餗	sù	0
餘	yú	7
餙	shì	0
餚	yáo	0
餛	hún	0
餜	guǒ	0
餝	shì	38
餞	jiàn	0
餟	zhuì	0
餠	bǐng	46
餡	xiàn	0
餢	bù	308
餣	yè	0
餤	tán	0
餥	fēi	0
餦	zhāng	0
餧	wèi	0
館	guǎn	0
餩	è	0
餪	nuǎn	0
餫	yùn	0
餬	hú	2
餭	huáng	0
餮	tiè	52
餯	huì	0
餰	jiān	0
餱	hóu	0
餲	ài	0
餳	táng	0
餴	fēn	0
餵	wèi	0
餶	gǔ	0
餷	chā	0
餸	sòng	0
餹	táng	0
餺	bó	0
餻	gāo	0
餼	xì	0
餽	kuì	2
餾	liù	0
餿	sōu	0
饀	táo	0
饁	yè	0
饂	wēn	0
饃	mó	0
饄	táng	28
饅	mán	0
饆	bì	0
饇	yù	0
饈	xiū	0
饉	jǐn	4
饊	sǎn	0
饋	kuì	0
饌	zhuàn	0
饍	shàn	0
饎	chì	0
饏	dàn	0
饐	yì	0
饑	jī	0
饒	ráo	0
饓	chēng	0
饔	yōng	271
饕	tāo	196
饖	wèi	0
饗	xiǎng	0
饘	zhān	0
饙	fēn	0
饚	hài	0
饛	méng	7
饜	yàn	0
饝	mó	0
饞	chán	0
饟	xiǎng	0
饠	luó	0
饡	zàn	0
饢	náng	0
饣	shí	52
饤	dìng	2
饥	jī	385
饦	tuō	0
饧	táng	80
饨	tún	93
饩	xì	145
饪	rèn	45
饫	yù	70
饬	chì	223
饭	fàn	6331
饮	yǐn	3189
饯	jiàn	20
饰	shì	945
饱	bǎo	1587
饲	sì	652
饳	duò	0
饴	yí	19
饵	ěr	681
饶	ráo	1659
饷	xiǎng	563
饸	hé	2
饹	le	7
饺	jiǎo	105
饻	xī	0
饼	bǐng	1543
饽	bō	41
饾	dòu	0
饿	è	1943
馀	yú	137
馁	něi	36
馂	jùn	5
馃	guǒ	6
馄	hún	91
馅	xiàn	166
馆	guǎn	2024
馇	chā	18
馈	kuì	122
馉	gǔ	0
馊	sōu	82
馋	chán	446
馌	yè	0
馍	mó	348
馎	bó	0
馏	liú	18
馐	xiū	293
馑	jǐn	75
馒	mán	9
馓	sǎn	43
馔	zhuàn	660
馕	náng	121
首	shǒu	8747
馗	kuí	28
馘	guó	7
香	xiāng	5826
馚	fén	0
馛	bó	0
馜	nǐ	0
馝	bì	0
馞	bó	0
馟	tú	0
馠	hān	0
馡	fēi	0
馢	jiān	0
馣	ān	0
馤	ài	0
馥	fù	25
馦	xiān	0
馧	yūn	0
馨	xīn	161
馩	fén	0
馪	pīn	0
馫	xīn	0
馬	mǎ	0
馭	yù	0
馮	féng	0
馯	hàn	0
馰	dí	0
馱	tuó	0
馲	zhé	0
馳	chí	0
馴	xún	0
馵	zhù	0
馶	zhī	0
馷	pèi	374
馸	xìn	0
馹	rì	0
馺	sà	0
馻	yǔn	0
馼	wén	0
馽	zhí	0
馾	dàn	0
馿	lǘ	4
駀	yóu	0
駁	bó	4
駂	bǎo	0
駃	jué	2
駄	tuó	0
駅	yì	0
駆	qū	0
駇	wén	74
駈	qū	0
駉	jiōng	2
駊	pǒ	0
駋	zhāo	0
駌	yuān	0
駍	péi	0
駎	zhòu	0
駏	jù	0
駐	zhù	0
駑	nú	0
駒	jū	0
駓	pī	0
駔	zǎng	2
駕	jià	7
駖	líng	0
駗	zhěn	0
駘	tái	0
駙	fù	0
駚	yǎng	0
駛	shǐ	16
駜	bì	0
駝	tuó	0
駞	tuó	0
駟	sì	0
駠	liú	0
駡	mà	0
駢	pián	0
駣	táo	0
駤	zhì	2
駥	róng	0
駦	téng	0
駧	dòng	0
駨	xūn	0
駩	quān	0
駪	shēn	0
駫	jiōng	0
駬	ěr	2
駭	hài	0
駮	bó	3
駯	zhū	0
駰	yīn	3
駱	luò	0
駲	zhōu	0
駳	dàn	0
駴	hài	0
駵	liú	0
駶	jú	0
駷	sǒng	0
駸	qīn	0
駹	máng	14
駺	láng	0
駻	hàn	0
駼	tú	0
駽	xuān	0
駾	tuì	0
駿	jùn	0
騀	ě	0
騁	chěng	0
騂	xīng	2
騃	ái	2
騄	lù	14
騅	zhuī	0
騆	zhōu	0
騇	shè	0
騈	pián	0
騉	kūn	0
騊	táo	2
騋	lái	0
騌	zōng	0
騍	kè	15
騎	qí	0
騏	qí	0
騐	yàn	0
騑	fēi	3
騒	sāo	0
験	yàn	0
騔	gé	0
騕	yǎo	4
騖	wù	0
騗	piàn	160
騘	cōng	0
騙	piàn	0
騚	qián	0
騛	fēi	0
騜	huáng	0
騝	qián	0
騞	huō	0
騟	yú	7
騠	tí	10
騡	quán	0
騢	xiá	2
騣	zōng	0
騤	kuí	0
騥	róu	0
騦	sī	0
騧	guā	0
騨	tuó	0
騩	guī	0
騪	sōu	0
騫	qiān	0
騬	chéng	0
騭	zhì	0
騮	liú	0
騯	péng	0
騰	téng	4
騱	xí	0
騲	cǎo	0
騳	dú	0
騴	yàn	0
騵	yuán	0
騶	zōu	0
騷	sāo	0
騸	shàn	0
騹	qí	0
騺	zhì	0
騻	shuāng	0
騼	lù	0
騽	xí	0
騾	luó	0
騿	zhāng	0
驀	mò	0
驁	ào	0
驂	cān	0
驃	biāo	0
驄	cōng	0
驅	qū	0
驆	bì	0
驇	zhì	0
驈	yù	0
驉	xū	0
驊	huá	0
驋	bō	0
驌	sù	0
驍	xiāo	3
驎	lín	38
驏	zhàn	0
驐	dūn	0
驑	liú	0
驒	tuó	0
驓	céng	0
驔	diàn	0
驕	jiāo	0
驖	tiě	0
驗	yàn	0
驘	luó	0
驙	zhān	0
驚	jīng	0
驛	yì	0
驜	yè	0
驝	tuō	0
驞	pīn	0
驟	zhòu	0
驠	yàn	0
驡	lóng	0
驢	lǘ	0
驣	téng	0
驤	xiāng	0
驥	jì	0
驦	shuāng	0
驧	jú	0
驨	xí	0
驩	huān	5
驪	lí	0
驫	biāo	13
马	mǎ	19918
驭	yù	179
驮	tuó	519
驯	xùn	203
驰	chí	1203
驱	qū	865
驲	rì	2
驳	bó	427
驴	lǘ	1209
驵	zǎng	5
驶	shǐ	422
驷	sì	305
驸	fù	88
驹	jū	160
驺	zōu	17
驻	zhù	6848
驼	tuó	949
驽	nú	14
驾	jià	2002
驿	yì	683
骀	dài	10
骁	xiāo	61
骂	mà	7047
骃	yīn	10
骄	jiāo	240
骅	huá	8
骆	luò	256
骇	hài	559
骈	pián	139
骉	biāo	0
骊	lí	93
骋	chěng	88
验	yàn	440
骍	xīng	2
骎	qīn	22
骏	jùn	157
骐	qí	4
骑	qí	4437
骒	kè	0
骓	zhuī	50
骔	zōng	0
骕	sù	13
骖	cān	3
骗	piàn	1764
骘	zhì	13
骙	kuí	47
骚	sāo	193
骛	wù	26
骜	ào	5
骝	liú	21
骞	qiān	852
骟	shàn	28
骠	biāo	52
骡	luó	342
骢	cōng	11
骣	chǎn	4
骤	zhòu	340
骥	jì	40
骦	shuāng	7
骧	xiāng	17
骨	gǔ	3946
骩	wěi	0
骪	wěi	0
骫	wěi	0
骬	yú	0
骭	gàn	0
骮	yì	444
骯	āng	11
骰	tóu	97
骱	jiè	83
骲	bào	6
骳	bèi	0
骴	cī	0
骵	tǐ	0
骶	dǐ	71
骷	kū	50
骸	hái	349
骹	qiāo	0
骺	hóu	53
骻	kuà	45
骼	gé	39
骽	tuǐ	0
骾	gěng	0
骿	pián	0
髀	bì	52
髁	kē	114
髂	qià	57
髃	yú	2
髄	suǐ	0
髅	lóu	29
髆	bó	0
髇	xiāo	0
髈	bǎng	0
髉	bó	0
髊	cī	0
髋	kuān	30
髌	bìn	34
髍	mó	0
髎	liáo	0
髏	lóu	0
髐	xiāo	0
髑	dú	24
髒	zāng	0
髓	suǐ	287
體	tǐ	41
髕	bìn	0
髖	kuān	0
髗	lú	0
高	gāo	57483
髙	gāo	4
髚	qiào	0
髛	kāo	0
髜	qiǎo	0
髝	láo	2
髞	sào	68
髟	biāo	52
髠	kūn	0
髡	kūn	119
髢	dí	0
髣	fǎng	0
髤	xiū	0
髥	rán	0
髦	máo	233
髧	dàn	0
髨	kūn	0
髩	bìn	0
髪	fà	0
髫	tiáo	11
髬	pī	2
髭	zī	55
髮	fà	2
髯	rán	236
髰	tì	42
髱	bào	0
髲	bì	0
髳	máo	2
髴	fú	0
髵	ér	0
髶	róng	0
髷	qū	0
髸	gōng	0
髹	xiū	36
髺	kuò	0
髻	jì	215
髼	péng	80
髽	zhuā	3
髾	shāo	0
髿	suō	0
鬀	tì	0
鬁	lì	0
鬂	bìn	0
鬃	zōng	98
鬄	dí	0
鬅	péng	0
鬆	sōng	0
鬇	zhēng	0
鬈	quán	36
鬉	zōng	0
鬊	shùn	0
鬋	jiǎn	0
鬌	tuǒ	0
鬍	hú	0
鬎	là	0
鬏	jiū	5
鬐	qí	4
鬑	lián	0
鬒	zhěn	0
鬓	bìn	244
鬔	péng	0
鬕	mà	0
鬖	sān	0
鬗	mán	0
鬘	mán	10
鬙	sēng	0
鬚	xū	0
鬛	liè	0
鬜	qiān	0
鬝	qiān	0
鬞	náng	0
鬟	huán	39
鬠	kuò	0
鬡	níng	18
鬢	bìn	0
鬣	liè	66
鬤	ráng	0
鬥	dòu	2
鬦	dòu	0
鬧	nào	0
鬨	hòng	0
鬩	xì	56
鬪	dòu	0
鬫	hǎn	0
鬬	dòu	2
鬭	dòu	0
鬮	jiū	0
鬯	chàng	26
鬰	yù	4
鬱	yù	0
鬲	gé	53
鬳	yàn	0
鬴	fǔ	99
鬵	qín	34
鬶	guī	7
鬷	zōng	0
鬸	liù	0
鬹	guī	0
鬺	shāng	0
鬻	yù	55
鬼	guǐ	5314
鬽	mèi	51
鬾	jì	12
鬿	qí	0
魀	gà	5
魁	kuí	362
魂	hún	1207
魃	bá	61
魄	pò	272
魅	mèi	189
魆	xū	18
魇	yǎn	124
魈	xiāo	28
魉	liǎng	53
魊	yù	0
魋	tuí	0
魌	qī	0
魍	wǎng	38
魎	liǎng	6
魏	wèi	2010
魐	gān	141
魑	chī	169
魒	piāo	0
魓	bì	0
魔	mó	3172
魕	jǐ	0
魖	xū	0
魗	chǒu	0
魘	yǎn	0
魙	zhān	0
魚	yú	12
魛	dāo	0
魜	rén	10
魝	jié	0
魞	bā	0
魟	hóng	26
魠	tuō	0
魡	diào	0
魢	jǐ	0
魣	xù	3
魤	é	0
魥	è	0
魦	shā	1147
魧	háng	0
魨	tún	0
魩	mò	0
魪	jiè	0
魫	shěn	0
魬	bǎn	0
魭	yuán	0
魮	pí	0
魯	lǔ	0
魰	wén	106
魱	hú	0
魲	lú	0
魳	zā	0
魴	fáng	0
魵	fén	0
魶	nà	0
魷	yóu	0
魸	piàn	0
魹	mó	0
魺	hé	0
魻	xiá	0
魼	qū	0
魽	hán	0
魾	pī	0
魿	líng	0
鮀	tuó	0
鮁	bō	0
鮂	qiú	0
鮃	píng	0
鮄	fú	11
鮅	bì	0
鮆	cǐ	0
鮇	wèi	0
鮈	jū	7
鮉	diāo	0
鮊	bà	5
鮋	yóu	13
鮌	gǔn	3
鮍	pī	0
鮎	nián	0
鮏	xīng	0
鮐	tái	0
鮑	bào	0
鮒	fù	0
鮓	zhǎ	0
鮔	jù	0
鮕	gū	0
鮖	shí	0
鮗	dōng	0
鮘	dai	0
鮙	tà	0
鮚	jié	0
鮛	shū	41
鮜	hòu	0
鮝	xiǎng	2
鮞	ér	0
鮟	àn	28
鮠	wéi	1035
鮡	zhào	0
鮢	zhū	0
鮣	yìn	14
鮤	liè	17
鮥	luò	0
鮦	tóng	0
鮧	tǐ	0
鮨	yì	2
鮩	bìng	0
鮪	wěi	0
鮫	jiāo	0
鮬	kū	0
鮭	guī	0
鮮	xiān	0
鮯	gé	0
鮰	huí	0
鮱	lǎo	0
鮲	fú	0
鮳	kào	0
鮴	xiū	0
鮵	duó	0
鮶	jūn	0
鮷	tí	0
鮸	miǎn	0
鮹	shāo	0
鮺	zhǎ	10
鮻	suō	3
鮼	qīn	0
鮽	yú	0
鮾	něi	0
鮿	zhé	0
鯀	gǔn	0
鯁	gěng	0
鯂	sū	0
鯃	wú	0
鯄	qiú	0
鯅	shān	0
鯆	pū	0
鯇	huàn	0
鯈	tiáo	3
鯉	lǐ	0
鯊	shā	0
鯋	shā	0
鯌	kào	0
鯍	méng	0
鯎	chéng	0
鯏	lí	0
鯐	zǒu	0
鯑	xī	0
鯒	yǒng	7
鯓	shēn	0
鯔	zī	0
鯕	qí	0
鯖	zhēng	0
鯗	xiǎng	0
鯘	něi	0
鯙	chún	0
鯚	jì	0
鯛	diāo	0
鯜	qiè	0
鯝	gù	0
鯞	zhǒu	0
鯟	dōng	0
鯠	lái	0
鯡	fèi	0
鯢	ní	0
鯣	yì	0
鯤	kūn	0
鯥	lù	0
鯦	jiù	0
鯧	chāng	0
鯨	jīng	0
鯩	lún	0
鯪	líng	104
鯫	zōu	0
鯬	lí	0
鯭	měng	12
鯮	zōng	0
鯯	zhì	21
鯰	nián	0
鯱	hǔ	0
鯲	yú	0
鯳	dǐ	0
鯴	shī	0
鯵	shēn	13
鯶	huàn	0
鯷	tí	9
鯸	hóu	0
鯹	xīng	0
鯺	zhū	2
鯻	là	0
鯼	zōng	12
鯽	zéi	0
鯾	biān	4
鯿	biān	0
鰀	huàn	0
鰁	quán	515
鰂	zéi	0
鰃	wēi	22
鰄	wēi	0
鰅	yú	0
鰆	chūn	0
鰇	róu	0
鰈	dié	0
鰉	huáng	0
鰊	liàn	0
鰋	yǎn	0
鰌	qiū	0
鰍	qiū	0
鰎	jiǎn	0
鰏	bī	4
鰐	è	9
鰑	yáng	0
鰒	fù	0
鰓	sāi	0
鰔	gǎn	0
鰕	xiā	14
鰖	tuǒ	0
鰗	hú	0
鰘	shì	0
鰙	ruò	0
鰚	xuān	0
鰛	wēn	3
鰜	qiàn	0
鰝	hào	0
鰞	wū	0
鰟	fáng	0
鰠	sāo	0
鰡	liú	0
鰢	mǎ	0
鰣	shí	0
鰤	shī	0
鰥	guān	0
鰦	zī	0
鰧	téng	0
鰨	tǎ	0
鰩	yáo	0
鰪	é	0
鰫	yóng	0
鰬	qián	0
鰭	qí	0
鰮	wēn	0
鰯	ruò	6
鰰	shén	0
鰱	lián	28
鰲	áo	0
鰳	lè	0
鰴	huī	0
鰵	mǐn	0
鰶	jì	4
鰷	tiáo	0
鰸	qū	0
鰹	jiān	0
鰺	shēn	0
鰻	mán	0
鰼	xí	0
鰽	qiú	0
鰾	biào	3
鰿	jì	0
鱀	jì	20
鱁	zhú	0
鱂	jiāng	7
鱃	xiū	0
鱄	zhuān	0
鱅	yōng	0
鱆	zhāng	0
鱇	kāng	28
鱈	xuě	0
鱉	biē	0
鱊	yù	19
鱋	qū	0
鱌	xiàng	0
鱍	bō	0
鱎	jiǎo	0
鱏	xún	15
鱐	sù	0
鱑	huáng	5
鱒	zūn	0
鱓	shàn	7
鱔	shàn	0
鱕	fān	0
鱖	guì	0
鱗	lín	2
鱘	xún	0
鱙	miáo	0
鱚	xǐ	8
鱛	zēng	0
鱜	xiāng	0
鱝	fèn	0
鱞	guān	0
鱟	hòu	0
鱠	kuài	0
鱡	zéi	7
鱢	sāo	0
鱣	zhān	0
鱤	gǎn	3
鱥	guì	4
鱦	yìng	0
鱧	lǐ	0
鱨	cháng	0
鱩	léi	8
鱪	shǔ	0
鱫	ài	0
鱬	rú	0
鱭	jì	0
鱮	xù	0
鱯	hù	0
鱰	shǔ	0
鱱	lì	0
鱲	liè	0
鱳	lì	0
鱴	miè	0
鱵	zhēn	5
鱶	xiǎng	0
鱷	è	0
鱸	lú	0
鱹	guàn	0
鱺	lí	5
鱻	xiān	0
鱼	yú	16190
鱽	dāo	4
鱾	jǐ	0
鱿	yóu	152
鲀	tún	55
鲁	lǔ	1594
鲂	fáng	110
鲃	bā	7
鲄	hé	0
鲅	bà	33
鲆	píng	108
鲇	nián	142
鲈	lú	133
鲉	yóu	22
鲊	zhǎ	4
鲋	fù	66
鲌	bà	276
鲍	bào	325
鲎	hòu	125
鲏	pí	15
鲐	tái	35
鲑	guī	90
鲒	jié	5
鲓	kào	0
鲔	wěi	20
鲕	ér	20
鲖	tóng	56
鲗	zéi	0
鲘	hòu	0
鲙	kuài	2
鲚	jì	39
鲛	jiāo	271
鲜	xiān	2563
鲝	zhǎ	18
鲞	xiǎng	14
鲟	xún	34
鲠	gěng	10
鲡	lí	3
鲢	lián	840
鲣	jiān	21
鲤	lǐ	535
鲥	shí	15
鲦	tiáo	9
鲧	gǔn	130
鲨	shā	516
鲩	huàn	267
鲪	jūn	3
鲫	jì	95
鲬	yǒng	0
鲭	qīng	42
鲮	líng	22
鲯	qí	0
鲰	zōu	2
鲱	fēi	67
鲲	kūn	31
鲳	chāng	16
鲴	gù	21
鲵	ní	50
鲶	nián	15
鲷	diāo	59
鲸	jīng	427
鲹	shēn	5
鲺	shī	5
鲻	zī	31
鲼	fèn	37
鲽	dié	47
鲾	bī	8
鲿	cháng	26
鳀	tí	26
鳁	wēn	15
鳂	wēi	6
鳃	sāi	492
鳄	è	727
鳅	qiū	77
鳆	fù	0
鳇	huáng	7
鳈	quán	0
鳉	jiāng	20
鳊	biān	39
鳋	sāo	2
鳌	áo	959
鳍	qí	548
鳎	tǎ	249
鳏	guān	16
鳐	yáo	49
鳑	páng	15
鳒	jiān	7
鳓	lè	15
鳔	biào	571
鳕	xuě	94
鳖	biē	481
鳗	mán	111
鳘	mǐn	5
鳙	yōng	1074
鳚	wèi	17
鳛	xí	14
鳜	guì	39
鳝	shàn	68
鳞	lín	1427
鳟	zūn	18
鳠	hù	0
鳡	gǎn	7
鳢	lǐ	11
鳣	zhān	2
鳤	guǎn	0
鳥	niǎo	0
鳦	yǐ	0
鳧	fú	0
鳨	lì	0
鳩	jiū	0
鳪	bú	0
鳫	yàn	0
鳬	fǔ	0
鳭	diāo	0
鳮	jī	0
鳯	fèng	0
鳰	rù	0
鳱	gān	0
鳲	shī	0
鳳	fèng	0
鳴	míng	2
鳵	bǎo	0
鳶	yuān	11
鳷	zhī	4
鳸	hù	0
鳹	qín	0
鳺	fū	0
鳻	bān	0
鳼	wén	0
鳽	jiān	0
鳾	shī	5
鳿	yù	0
鴀	fǒu	0
鴁	yāo	0
鴂	jué	0
鴃	jué	0
鴄	pǐ	0
鴅	huān	0
鴆	zhèn	0
鴇	bǎo	0
鴈	yàn	0
鴉	yā	0
鴊	zhèng	0
鴋	fāng	0
鴌	fèng	0
鴍	wén	0
鴎	ōu	0
鴏	dài	3
鴐	gē	3
鴑	rú	0
鴒	líng	0
鴓	miè	0
鴔	fú	0
鴕	tuó	0
鴖	mín	0
鴗	lì	5
鴘	biǎn	0
鴙	zhì	109
鴚	gē	0
鴛	yuān	0
鴜	cí	0
鴝	qú	0
鴞	xiāo	0
鴟	chī	0
鴠	dàn	0
鴡	jū	5
鴢	yǎo	12
鴣	gū	0
鴤	zhōng	0
鴥	yù	0
鴦	yāng	0
鴧	yù	0
鴨	yā	0
鴩	tiě	0
鴪	yù	2
鴫	tián	0
鴬	yīng	0
鴭	duī	2
鴮	wū	0
鴯	ér	0
鴰	guā	0
鴱	ài	0
鴲	zhī	0
鴳	yàn	0
鴴	héng	4
鴵	xiāo	0
鴶	jiá	0
鴷	liè	2
鴸	zhū	0
鴹	yáng	0
鴺	tí	0
鴻	hóng	0
鴼	luò	0
鴽	rú	0
鴾	móu	0
鴿	gē	0
鵀	rén	0
鵁	jiāo	0
鵂	xiū	0
鵃	zhōu	0
鵄	chī	0
鵅	luò	0
鵆	héng	0
鵇	nián	0
鵈	ě	0
鵉	luán	0
鵊	jiá	0
鵋	jì	0
鵌	tú	0
鵍	huān	0
鵎	tuǒ	0
鵏	bǔ	2
鵐	wú	3
鵑	juān	0
鵒	yù	0
鵓	bó	0
鵔	jùn	0
鵕	jùn	0
鵖	bī	18
鵗	xī	0
鵘	jùn	0
鵙	jú	0
鵚	tū	7
鵛	jīng	0
鵜	tí	0
鵝	é	0
鵞	é	467
鵟	kuáng	0
鵠	hú	0
鵡	wǔ	0
鵢	shēn	0
鵣	lài	12
鵤	jiao	0
鵥	pàn	0
鵦	lù	0
鵧	pí	0
鵨	shū	0
鵩	fú	4
鵪	ān	0
鵫	zhuó	0
鵬	péng	0
鵭	qín	0
鵮	qiān	0
鵯	bēi	0
鵰	diāo	17
鵱	lù	0
鵲	què	0
鵳	jiān	0
鵴	jú	0
鵵	tù	0
鵶	yā	0
鵷	yuān	0
鵸	qí	0
鵹	lí	0
鵺	yè	0
鵻	zhuī	0
鵼	kōng	0
鵽	duò	18
鵾	kūn	0
鵿	shēng	0
鶀	qí	0
鶁	jīng	0
鶂	yì	0
鶃	yì	0
鶄	jīng	0
鶅	zī	0
鶆	lái	0
鶇	dōng	0
鶈	qī	0
鶉	chún	0
鶊	gēng	14
鶋	jū	0
鶌	jué	0
鶍	yì	0
鶎	zūn	0
鶏	jī	0
鶐	shù	0
鶑	yīng	5
鶒	chì	8
鶓	miáo	0
鶔	róu	0
鶕	ān	0
鶖	qiū	0
鶗	tí	46
鶘	hú	0
鶙	tí	0
鶚	è	0
鶛	jiē	0
鶜	máo	0
鶝	fú	0
鶞	chūn	0
鶟	tú	0
鶠	yǎn	0
鶡	hé	0
鶢	yuán	0
鶣	piān	0
鶤	kūn	0
鶥	méi	0
鶦	hú	0
鶧	yīng	0
鶨	chuàn	0
鶩	wù	0
鶪	jú	0
鶫	dōng	0
鶬	cāng	0
鶭	fǎng	0
鶮	hè	0
鶯	yīng	0
鶰	yuán	0
鶱	xiān	0
鶲	wēng	0
鶳	shī	0
鶴	hè	555
鶵	chú	0
鶶	táng	0
鶷	xiá	0
鶸	ruò	0
鶹	liú	22
鶺	jí	9
鶻	gú	0
鶼	jiān	0
鶽	sǔn	0
鶾	hàn	0
鶿	cí	0
鷀	cí	0
鷁	yì	52
鷂	yào	0
鷃	yàn	2
鷄	jī	0
鷅	lì	0
鷆	tián	0
鷇	kòu	0
鷈	tī	3
鷉	tī	2
鷊	yì	0
鷋	tú	3
鷌	mǎ	0
鷍	xiāo	0
鷎	gāo	0
鷏	tián	0
鷐	chén	0
鷑	jí	0
鷒	tuán	0
鷓	zhè	2
鷔	áo	0
鷕	yǎo	0
鷖	yī	0
鷗	ōu	0
鷘	chì	0
鷙	zhì	0
鷚	liù	0
鷛	yōng	0
鷜	lǘ	0
鷝	bì	0
鷞	shuāng	0
鷟	zhuó	2
鷠	yú	0
鷡	wú	0
鷢	jué	0
鷣	yín	0
鷤	tí	0
鷥	sī	0
鷦	jiāo	0
鷧	yì	0
鷨	huá	0
鷩	bì	0
鷪	yīng	0
鷫	sù	0
鷬	huáng	0
鷭	fán	3
鷮	jiāo	0
鷯	liáo	3
鷰	yàn	0
鷱	gāo	0
鷲	jiù	0
鷳	xián	0
鷴	xián	0
鷵	tú	0
鷶	mǎi	18
鷷	zūn	0
鷸	yù	0
鷹	yīng	0
鷺	lù	0
鷻	tuán	0
鷼	xián	0
鷽	xué	0
鷾	yì	0
鷿	pì	0
鸀	chǔ	0
鸁	luó	0
鸂	xī	8
鸃	yí	0
鸄	jī	0
鸅	zé	0
鸆	yú	0
鸇	zhān	0
鸈	yè	0
鸉	yáng	0
鸊	pì	2
鸋	níng	0
鸌	hù	0
鸍	mí	0
鸎	yīng	0
鸏	méng	0
鸐	dí	0
鸑	yuè	48
鸒	yù	0
鸓	lěi	10
鸔	bǔ	16
鸕	lú	0
鸖	hè	0
鸗	lóng	0
鸘	shuāng	0
鸙	yuè	0
鸚	yīng	0
鸛	guàn	3
鸜	qú	9
鸝	lí	0
鸞	luán	14
鸟	niǎo	3048
鸠	jiū	768
鸡	jī	3779
鸢	yuān	37
鸣	míng	1260
鸤	shī	5
鸥	ōu	113
鸦	yā	246
鸧	cāng	0
鸨	bǎo	46
鸩	zhèn	148
鸪	gū	46
鸫	dōng	34
鸬	lú	123
鸭	yā	1638
鸮	xiāo	70
鸯	yāng	53
鸰	líng	15
鸱	chī	64
鸲	qú	34
鸳	yuān	75
鸴	xué	0
鸵	tuó	125
鸶	sī	25
鸷	zhì	57
鸸	ér	25
鸹	guā	52
鸺	xiū	55
鸻	héng	12
鸼	zhōu	0
鸽	gē	191
鸾	luán	250
鸿	hóng	2446
鹀	wú	3
鹁	bó	36
鹂	lí	18
鹃	juān	512
鹄	gǔ	233
鹅	é	702
鹆	yù	70
鹇	xián	21
鹈	tí	21
鹉	wǔ	11
鹊	què	355
鹋	miáo	11
鹌	ān	24
鹍	kūn	2
鹎	bēi	12
鹏	péng	589
鹐	qiān	4
鹑	chún	69
鹒	gēng	0
鹓	yuān	0
鹔	sù	0
鹕	hú	35
鹖	hé	3
鹗	è	174
鹘	gǔ	93
鹙	qiū	0
鹚	cí	17
鹛	méi	14
鹜	wù	40
鹝	yì	0
鹞	yào	98
鹟	wēng	10
鹠	liú	7
鹡	jí	14
鹢	yì	4
鹣	jiān	29
鹤	hè	935
鹥	yī	2
鹦	yīng	41
鹧	zhè	44
鹨	liù	39
鹩	liáo	18
鹪	jiāo	165
鹫	jiù	168
鹬	yù	56
鹭	lù	61
鹮	huán	22
鹯	zhān	0
鹰	yīng	1050
鹱	hù	39
鹲	méng	6
鹳	guàn	43
鹴	shuāng	0
鹵	lǔ	0
鹶	jīn	0
鹷	líng	0
鹸	jiǎn	0
鹹	xián	12
鹺	cuó	0
鹻	jiǎn	0
鹼	jiǎn	41
鹽	yán	0
鹾	cuó	39
鹿	lù	1817
麀	yōu	0
麁	cū	0
麂	jǐ	80
麃	páo	0
麄	cū	0
麅	páo	2
麆	zhù	0
麇	jūn	25
麈	zhǔ	20
麉	jiān	0
麊	mí	0
麋	mí	31
麌	yǔ	0
麍	liú	0
麎	chén	0
麏	jūn	0
麐	lín	25
麑	ní	2
麒	qí	281
麓	lù	283
麔	jiù	0
麕	jūn	9
麖	jīng	2
麗	lì	0
麘	xiāng	0
麙	xián	0
麚	jiā	0
麛	mí	0
麜	lì	16
麝	shè	381
麞	zhāng	0
麟	lín	99
麠	jīng	0
麡	qí	0
麢	líng	0
麣	yán	4
麤	cū	0
麥	mài	9
麦	mài	1452
麧	hé	0
麨	chǎo	0
麩	fū	5
麪	miàn	0
麫	miàn	0
麬	fū	0
麭	pào	0
麮	qù	0
麯	qū	0
麰	móu	0
麱	fū	0
麲	xiàn	0
麳	lái	0
麴	qū	21
麵	miàn	5
麶	chi	0
麷	fēng	0
麸	fū	27
麹	qū	9
麺	miàn	0
麻	má	1772
麼	me	51
麽	mó	483
麾	huī	66
麿	mí	15
黀	zōu	0
黁	nún	0
黂	fén	0
黃	huáng	3
黄	huáng	11062
黅	jīn	20
黆	guāng	0
黇	tiān	0
黈	tǒu	0
黉	hóng	5
黊	huà	0
黋	kuàng	0
黌	hóng	0
黍	shǔ	179
黎	lí	714
黏	nián	154
黐	chī	33
黑	hēi	11296
黒	hēi	0
黓	yì	0
黔	qián	959
黕	dǎn	0
黖	xì	0
黗	tūn	0
默	mò	605
黙	mò	0
黚	qián	10
黛	dài	260
黜	chù	85
黝	yǒu	30
點	diǎn	8
黟	yī	8
黠	xiá	18
黡	yǎn	0
黢	qū	5
黣	měi	0
黤	yǎn	0
黥	qíng	49
黦	yuè	0
黧	lí	11
黨	dǎng	0
黩	dú	4
黪	cǎn	0
黫	yān	0
黬	yán	0
黭	yǎn	0
黮	dǎn	8
黯	àn	56
黰	zhěn	0
黱	dài	0
黲	cǎn	0
黳	yī	0
黴	méi	0
黵	zhǎn	3
黶	yǎn	0
黷	dú	0
黸	lú	0
黹	zhǐ	5
黺	fěn	20
黻	fú	22
黼	fǔ	173
黽	miǎn	0
黾	mǐn	96
黿	yuán	0
鼀	cù	0
鼁	qù	0
鼂	cháo	19
鼃	wā	0
鼄	zhū	0
鼅	zhī	0
鼆	méng	0
鼇	áo	0
鼈	biē	0
鼉	tuó	0
鼊	bì	0
鼋	yuán	157
鼌	cháo	0
鼍	tuó	103
鼎	dǐng	988
鼏	mì	0
鼐	nài	217
鼑	dǐng	0
鼒	zī	0
鼓	gǔ	2674
鼔	gǔ	0
鼕	dōng	0
鼖	fén	0
鼗	táo	55
鼘	yuān	0
鼙	pí	68
鼚	chāng	0
鼛	gāo	0
鼜	qì	0
鼝	yuān	0
鼞	tāng	0
鼟	tēng	0
鼠	shǔ	845
鼡	shǔ	0
鼢	fén	0
鼣	fèi	0
鼤	wén	0
鼥	bá	0
鼦	diāo	0
鼧	tuó	0
鼨	zhōng	0
鼩	qú	27
鼪	shēng	0
鼫	shí	0
鼬	yòu	92
鼭	shí	0
鼮	tíng	0
鼯	wú	21
鼰	jú	0
鼱	jīng	7
鼲	hún	2
鼳	jú	0
鼴	yǎn	3
鼵	tū	0
鼶	sī	0
鼷	xī	27
鼸	xiàn	2
鼹	yǎn	12
鼺	léi	0
鼻	bí	1763
鼼	yào	0
鼽	qiú	0
鼾	hān	44
鼿	wù	0
齀	wù	0
齁	hōu	8
齂	xiè	0
齃	è	0
齄	zhā	6
齅	xiù	0
齆	wèng	27
齇	zhā	0
齈	nòng	0
齉	nàng	2
齊	qí	0
齋	zhāi	14
齌	jì	2
齍	zī	9
齎	jī	43
齏	jī	0
齐	qí	4450
齑	jī	34
齒	chǐ	0
齓	chèn	0
齔	chèn	0
齕	hé	0
齖	yá	0
齗	yín	0
齘	xiè	0
齙	bāo	18
齚	zé	0
齛	xiè	3
齜	chái	0
齝	chī	0
齞	yǎn	0
齟	jǔ	0
齠	tiáo	0
齡	líng	2
齢	líng	0
齣	chū	8
齤	quán	0
齥	xiè	0
齦	kěn	0
齧	niè	2
齨	jiù	0
齩	yǎo	0
齪	chuò	0
齫	yǔn	0
齬	yǔ	0
齭	chǔ	0
齮	yǐ	0
齯	ní	0
齰	zé	0
齱	zōu	0
齲	qǔ	0
齳	yǔn	0
齴	yǎn	0
齵	óu	0
齶	è	0
齷	wò	0
齸	yì	3
齹	cī	276
齺	zōu	0
齻	diān	0
齼	chǔ	0
齽	jìn	0
齾	yà	0
齿	chǐ	1253
龀	chèn	109
龁	hé	8
龂	yín	0
龃	jǔ	113
龄	líng	710
龅	bāo	299
龆	tiáo	93
龇	zī	135
龈	kěn	78
龉	yǔ	102
龊	chuò	69
龋	qǔ	269
龌	wò	70
龍	lóng	0
龎	páng	0
龏	gōng	0
龐	páng	0
龑	yǎn	0
龒	lóng	0
龓	lǒng	0
龔	gōng	37
龕	kān	437
龖	dá	0
龗	líng	0
龘	dá	0
龙	lóng	9197
龚	gōng	176
龛	kān	223
龜	guī	2
龝	qiū	0
龞	biē	0
龟	guī	903
龠	yuè	5
龡	chuī	0
龢	hé	732
龣	jué	0
龤	xié	0
龥	yù	0
龪	zhān	0
龬	wǎng	0
龰	zǒu	0
龵	shǒu	0
龻	luán	0
鿃	shǎn	0
鿄	liáng	0
鿇	zhēng	0
鿌	liáng	0
鿍	gàng	0
鿎	tǎ	0
鿏	mài	0
鿔	gē	0
鿕	dān	0
鿫	ào	0
鿬	tián	0
鿭	nǐ	0
鿰	hán	0
鿱	bā	0
鿲	láo	0
鿳	tuò	0
鿴	dōng	0
鿵	zhì	0
鿶	láng	0
鿷	àn	0
鿸	tuò	0
鿹	mì	0
鿺	mài	0
鿻	bù	0
鿼	jiā	0
鿾	làng	0
鿿	xìng	0
礼	lǐ	0
𠀀	hē	0
𠀁	qī	0
𠀃	qiě	0
𠀅	hài	0
𠀉	qiū	0
𠀊	cāo	0
𠀍	shì	0
𠀓	sī	0
𠀔	jué	0
𠀛	yù	0
𠀝	kōng	0
𠀢	zī	0
𠀦	xíng	0
𠀱	mǒu	0
𠀷	jī	0
𠀸	yè	0
𠀹	jūn	0
𠀼	qián	0
𠀽	lù	0
𠁁	dòu	0
𠁉	chū	0
𠁗	shì	0
𠁠	qiè	0
𠁥	gǎ	0
𠁭	qí	0
𠁷	chǎn	0
𠂄	huān	0
𠂆	yì	0
𠂇	zuǒ	0
𠂈	jié	0
𠂑	zōu	0
𠂔	zǐ	0
𠂝	zā	0
𠂟	jīn	0
𠂢	pài	0
𠂤	duī	0
𠂥	cóng	0
𠂧	shèn	0
𠂸	huáng	0
𠃊	yǐn	0
𠃌	gǔn	0
𠃓	yáng	0
𠃖	jiū	0
𠃫	shēn	0
𠃺	jiù	0
𠄅	yè	0
𠄉	dòng	0
𠄌	jué	0
𠄍	jié	0
𠄏	diǎo	0
𠄑	jué	0
𠄒	chuí	0
𠄖	líng	0
𠄚	tīng	0
𠄣	gèn	0
𠄮	yà	0
𠄱	yí	0
𠄿	wéi	0
𠅂	jié	0
𠅌	yí	0
𠅗	diè	0
𠅚	qí	0
𠅤	xí	0
𠅬	bāo	0
𠅱	xiè	0
𠅹	zhàng	0
𠆌	yōng	0
𠆐	xù	0
𠆙	diè	0
𠆛	dān	0
𠆟	wěi	0
𠆣	guǎ	0
𠆩	fàn	0
𠆮	mò	0
𠆱	xī	0
𠆲	yǎn	0
𠆵	ní	0
𠆶	dàn	0
𠇋	dǎn	0
𠇏	tāo	0
𠇐	yú	0
𠇒	gōng	0
𠇗	kuā	0
𠇘	chù	0
𠇯	qù	0
𠇱	mò	0
𠇳	shī	0
𠇵	gǎn	0
𠇷	shēng	0
𠇹	jìng	0
𠈁	tuō	0
𠈅	shōu	0
𠈊	niě	0
𠈤	yùn	0
𠈥	guǎ	0
𠈬	xiāo	0
𠈭	láo	0
𠈰	dàn	0
𠈱	suō	0
𠈵	mǎng	0
𠈶	yí	0
𠈸	tè	0
𠈺	bì	0
𠉂	tà	0
𠉗	luò	0
𠉢	xǐ	0
𠉣	hūn	0
𠉤	dá	0
𠉧	jù	0
𠉩	dú	0
𠉬	ǎn	0
𠊉	mèi	0
𠊌	rán	0
𠊎	ái	0
𠊏	yù	0
𠊒	jiàn	0
𠊔	qì	0
𠊟	mǐn	0
𠊣	zhòu	0
𠊤	zhì	0
𠊥	zhǒng	0
𠊦	nǎo	0
𠊧	bìng	0
𠊩	zhuàn	0
𠊪	shù	0
𠊫	xùn	0
𠊬	jué	0
𠊭	qiǎn	0
𠊰	guǎ	0
𠊲	tū	0
𠊶	yìng	0
𠊷	zhì	0
𠊾	kuí	0
𠋆	chèn	0
𠋖	liàn	0
𠋗	yā	0
𠋜	guò	0
𠋝	miǎo	0
𠋞	shé	0
𠋟	yǔ	0
𠋡	sì	0
𠋢	sǒu	0
𠋤	zhì	0
𠋧	qiē	0
𠋩	fù	0
𠋬	jú	0
𠋭	bèi	0
𠋯	bì	0
𠋲	suǒ	0
𠋵	qiǎn	0
𠋶	mǐng	0
𠋷	chǎn	0
𠋺	sāo	0
𠋻	jī	0
𠌕	gòng	0
𠌖	qióng	0
𠌚	nòng	0
𠌞	sǒu	0
𠌟	sǒu	0
𠌠	yáo	0
𠌪	chōu	0
𠌭	shuài	0
𠌮	zhē	0
𠌯	lì	0
𠌰	gài	0
𠌱	suī	0
𠌲	zhān	0
𠌴	zhuàng	0
𠌽	fù	0
𠍃	jī	0
𠍄	dōu	0
𠍗	huì	0
𠍚	jiǎn	0
𠍛	yǎn	0
𠍜	zhì	0
𠍨	měi	0
𠍩	yào	0
𠍪	dī	0
𠍫	yí	0
𠍯	bié	0
𠍲	qú	0
𠍳	yì	0
𠍵	yàng	0
𠍹	zhá	0
𠍽	shà	0
𠎙	lái	0
𠎮	jué	0
𠎰	qī	0
𠎳	yú	0
𠎶	zǎi	0
𠎷	sà	0
𠎸	sè	0
𠎻	dùn	0
𠎿	jiě	0
𠏀	kē	0
𠏃	yuē	0
𠏇	jiǎn	0
𠏈	yáo	0
𠏓	xiān	0
𠏕	xiào	0
𠏖	qiāo	0
𠏚	yù	0
𠏛	qú	0
𠏡	xiān	0
𠏢	luò	0
𠏤	guǎng	0
𠏧	chēng	0
𠏨	chuǎng	0
𠏩	yí	0
𠏫	zhěng	0
𠏭	zòng	0
𠏮	duì	0
𠏰	zhǎi	0
𠏿	fěi	0
𠐀	yí	0
𠐁	méng	0
𠐈	biān	0
𠐉	jié	0
𠐊	shù	0
𠐋	liáo	0
𠐌	bǐ	0
𠐍	sú	0
𠐑	dì	0
𠐡	bèi	0
𠐢	wèn	0
𠐧	méng	0
𠐩	chǎn	0
𠐵	dǎo	0
𠐺	pín	0
𠐻	jiǎn	0
𠐼	lìn	0
𠐽	guì	0
𠐾	qī	0
𠐿	hōng	0
𠑃	jí	0
𠑄	xiè	0
𠑅	zhēng	0
𠑆	chǎn	0
𠑐	yáo	0
𠑑	chǎn	0
𠑘	diān	0
𠑙	chòng	0
𠑚	néi	0
𠑛	néi	0
𠑞	zhài	0
𠑟	biān	0
𠑡	chǎn	0
𠑪	xiāo	0
𠑯	cù	0
𠑰	xīn	0
𠑱	jǐng	0
𠑲	qiān	0
𠑴	qīng	0
𠑹	gǔ	0
𠒄	wù	0
𠒜	yuǎn	0
𠒝	bǐng	0
𠒢	wán	0
𠒰	niǎo	0
𠒵	liàn	0
𠒸	rǎo	0
𠒾	fàn	0
𠒿	dí	0
𠓊	huī	0
𠓋	yì	0
𠓌	xián	0
𠓖	lán	0
𠓗	fù	0
𠓙	xiòng	0
𠓜	liǎng	0
𠓝	tāo	0
𠓞	jí	0
𠓢	jiè	0
𠓣	zhá	0
𠓤	shī	0
𠓪	qí	0
𠓫	biǎn	0
𠓭	lǎn	0
𠓮	lǐn	0
𠓶	zhì	0
𠓷	bì	0
𠓸	shèng	0
𠓽	shèng	0
𠓿	qín	0
𠔂	biāo	0
𠔃	xī	0
𠔉	juàn	0
𠔋	jī	0
𠔍	xī	0
𠔎	qǐn	0
𠔑	hài	0
𠔕	lún	0
𠔠	yuè	0
𠔨	lián	0
𠔯	bān	0
𠔲	héng	0
𠔶	qī	0
𠔺	qiān	0
𠔻	zhèng	0
𠔼	mǎo	0
𠕁	cóng	0
𠕄	nà	0
𠕊	tǐng	0
𠕌	zōng	0
𠕕	jiōng	0
𠕖	zhǎo	0
𠕟	niǎn	0
𠕠	chéng	0
𠕣	qià	0
𠕦	yù	0
𠕧	jiǎo	0
𠕭	zhào	0
𠕳	dí	0
𠕴	jiū	0
𠕸	suǐ	0
𠕻	yāo	0
𠕿	wāng	0
𠖂	liáo	0
𠖄	tóng	0
𠖆	mèng	0
𠖋	yǒu	0
𠖓	sī	0
𠖛	lòu	0
𠖟	yīn	0
𠖥	chǒng	0
𠖫	gǎn	0
𠖬	jiū	0
𠖶	qìn	0
𠖷	jiǒng	0
𠖹	xié	0
𠗂	hè	0
𠗆	tāo	0
𠗈	qiú	0
𠗉	xié	0
𠗊	jìng	0
𠗋	niǎn	0
𠗌	jìng	0
𠗏	jí	0
𠗘	tiǎn	0
𠗚	cuì	0
𠗛	dié	0
𠗝	qǐng	0
𠗥	pìng	0
𠗦	píng	0
𠗨	dié	0
𠗩	lòu	0
𠗳	liǎn	0
𠗴	hán	0
𠗵	pāng	0
𠗶	táng	0
𠗺	yí	0
𠗻	xuán	0
𠗼	suò	0
𠗽	liú	0
𠗾	shuǎng	0
𠗿	shèn	0
𠘁	bù	0
𠘂	sōu	0
𠘅	qín	0
𠘆	shěn	0
𠘊	nòng	0
𠘋	tǐng	0
𠘌	jiāng	0
𠘕	xī	0
𠘖	zhì	0
𠘝	lài	0
𠘞	lì	0
𠘟	lì	0
𠘢	hé	0
𠘣	jiào	0
𠘥	yán	0
𠘧	shū	0
𠘪	shǐ	0
𠘱	zhěn	0
𠘳	yōu	0
𠘺	suò	0
𠘻	wú	0
𠙁	cháng	0
𠙂	cóng	0
𠙆	jù	0
𠙎	shū	0
𠙔	jiù	0
𠙕	wéi	0
𠙞	huò	0
𠙤	jiē	0
𠙬	zǎo	0
𠙶	ǒu	0
𠙼	guǎ	0
𠚃	háo	0
𠚄	lǐ	0
𠚅	zhì	0
𠚆	xiàn	0
𠚉	bū	0
𠚊	chàng	0
𠚓	yūn	0
𠚔	hé	0
𠚜	tāo	0
𠚠	biāo	0
𠚥	diāo	0
𠚧	èr	0
𠚨	jiū	0
𠚭	dì	0
𠚮	yì	0
𠚯	kūn	0
𠚱	zhé	0
𠚳	kuò	0
𠚴	zhōu	0
𠚵	jù	0
𠚹	shàn	0
𠚺	shà	0
𠚻	diāo	0
𠚼	bān	0
𠚽	jī	0
𠛀	zhōng	0
𠛃	yí	0
𠛅	kōu	0
𠛆	wū	0
𠛊	gē	0
𠛋	bā	0
𠛎	gōu	0
𠛑	xián	0
𠛒	guā	0
𠛓	liǔ	0
𠛔	chǐ	0
𠛕	guāi	0
𠛖	chuān	0
𠛘	lí	0
𠛙	cù	0
𠛚	shuā	0
𠛡	bǐ	0
𠛥	bǐng	0
𠛦	lì	0
𠛩	jiǔ	0
𠛪	tiāo	0
𠛫	duǒ	0
𠛭	yān	0
𠛮	quān	0
𠛱	liè	0
𠛳	kè	0
𠛵	gēn	0
𠛶	zhēn	0
𠛸	fén	0
𠜁	yí	0
𠜃	jiù	0
𠜄	xù	0
𠜅	jiǎo	0
𠜈	lǜ	0
𠜉	jiǔ	0
𠜋	chǒu	0
𠜎	xiàn	0
𠜐	kuài	0
𠜑	duì	0
𠜖	luō	0
𠜗	xī	0
𠜘	qìn	0
𠜙	bù	0
𠜤	qià	0
𠜱	pī	0
𠜲	yā	0
𠜳	bēng	0
𠜴	guǒ	0
𠜵	guā	0
𠜹	jú	0
𠜼	qiā	0
𠜾	jué	0
𠝄	lì	0
𠝐	huā	0
𠝑	jiāo	0
𠝘	qià	0
𠝚	zhá	0
𠝛	qiā	0
𠝝	zhé	0
𠝞	chā	0
𠝟	yǐng	0
𠝢	yān	0
𠝤	chōng	0
𠝨	chǐ	0
𠝪	wān	0
𠝬	sōu	0
𠝲	kǎn	0
𠝳	yuán	0
𠝽	chóu	0
𠝿	suǒ	0
𠞀	tū	0
𠞃	zhé	0
𠞄	tī	0
𠞆	wū	0
𠞈	dā	0
𠞉	lì	0
𠞊	chā	0
𠞕	róng	0
𠞖	gòng	0
𠞗	què	0
𠞙	lí	0
𠞞	tāo	0
𠞤	lì	0
𠞧	mí	0
𠞩	chì	0
𠞬	gùn	0
𠞭	lóu	0
𠞮	chuǎng	0
𠞯	suǒ	0
𠞰	jiǎo	0
𠞱	jìn	0
𠞵	fá	0
𠞶	zhāi	0
𠞾	jìn	0
𠞿	cuì	0
𠟂	cèng	0
𠟃	zǔn	0
𠟅	zhào	0
𠟈	piē	0
𠟉	zhǎn	0
𠟊	xī	0
𠟋	yào	0
𠟌	fǔ	0
𠟍	chōng	0
𠟓	cuì	0
𠟗	guā	0
𠟣	jī	0
𠟦	sè	0
𠟧	zhān	0
𠟨	lìng	0
𠟩	sè	0
𠟪	yè	0
𠟰	jū	0
𠟶	tū	0
𠟺	rú	0
𠟻	zé	0
𠟼	huán	0
𠠁	xiǎn	0
𠠃	qiān	0
𠠄	zhào	0
𠠋	cán	0
𠠎	kuò	0
𠠏	lì	0
𠠐	róu	0
𠠔	dú	0
𠠗	liè	0
𠠜	yīng	0
𠠝	lì	0
𠠠	dú	0
𠠢	líng	0
𠠪	wān	0
𠠯	dié	0
𠠳	jiū	0
𠠵	lì	0
𠠶	kū	0
𠠷	kēng	0
𠠹	zhěn	0
𠡀	hè	0
𠡂	bì	0
𠡄	pī	0
𠡊	hāng	0
𠡑	zhuó	0
𠡒	duǐ	0
𠡔	yì	0
𠡜	kè	0
𠡝	yì	0
𠡞	mò	0
𠡠	chì	0
𠡡	cán	0
𠡣	gěng	0
𠡤	kè	0
𠡥	shì	0
𠡭	líng	0
𠡮	bēng	0
𠡱	duàn	0
𠡶	juān	0
𠡷	nǎo	0
𠡸	zǐ	0
𠡻	zòng	0
𠢃	táng	0
𠢆	xiá	0
𠢇	hàn	0
𠢌	lüè	0
𠢍	qián	0
𠢓	mò	0
𠢔	ōu	0
𠢕	háo	0
𠢙	zhá	0
𠢚	juàn	0
𠢛	cóng	0
𠢠	lì	0
𠢡	zhá	0
𠢢	yǒu	0
𠢣	diàn	0
𠢤	jué	0
𠢥	bèi	0
𠢩	yǎo	0
𠢪	piē	0
𠢱	jìn	0
𠢲	kǎi	0
𠢳	sè	0
𠢴	yǎng	0
𠢵	jìn	0
𠢹	kè	0
𠣄	chān	0
𠣇	niǎn	0
𠣉	wàn	0
𠣊	lǜ	0
𠣐	yún	0
𠣑	yāo	0
𠣒	bāo	0
𠣕	jūn	0
𠣖	xuán	0
𠣘	zhōu	0
𠣠	kuì	0
𠣡	fèng	0
𠣪	qú	0
𠣫	shào	0
𠣬	sǔn	0
𠣰	dū	0
𠣲	kuǎi	0
𠣳	pào	0
𠣺	bào	0
𠣾	fù	0
𠣿	jiù	0
𠤀	rán	0
𠤄	jū	0
𠤊	qióng	0
𠤍	zhōu	0
𠤎	huà	0
𠤏	bǎo	0
𠤕	yí	0
𠤗	yí	0
𠤘	yí	0
𠤝	mào	0
𠤦	ruǎn	0
𠤫	cí	0
𠤮	hán	0
𠤰	cóng	0
𠤴	xì	0
𠤹	quán	0
𠤺	tiáo	0
𠤼	diào	0
𠤾	hán	0
𠥇	yě	0
𠥍	ē	0
𠥎	wéi	0
𠥐	cāng	0
𠥑	diào	0
𠥕	è	0
𠥖	dì	0
𠥘	suǎn	0
𠥙	quán	0
𠥜	è	0
𠥝	ōu	0
𠥞	xuán	0
𠥢	wǔ	0
𠥦	yì	0
𠥨	móu	0
𠥰	hū	0
𠥴	hán	0
𠥿	shí	0
𠦃	sà	0
𠦈	bì	0
𠦊	hán	0
𠦋	jìng	0
𠦌	xì	0
𠦎	qìn	0
𠦏	cuó	0
𠦐	cì	0
𠦒	bān	0
𠦗	duī	0
𠦜	xì	0
𠦧	zhī	0
𠦨	luàn	0
𠦪	hū	0
𠦫	jí	0
𠦬	guāi	0
𠦲	pāng	0
𠧀	zhū	0
𠧅	bǐ	0
𠧇	yú	0
𠧒	qǐ	0
𠧕	hé	0
𠧖	chǔ	0
𠧙	shào	0
𠧚	chì	0
𠧛	bó	0
𠧟	réng	0
𠧠	yóu	0
𠧤	nǎi	0
𠧩	huì	0
𠧪	tiáo	0
𠧫	bǎn	0
𠧰	xū	0
𠧴	yóu	0
𠧵	chì	0
𠧿	héng	0
𠨃	wài	0
𠨆	xiè	0
𠨊	jué	0
𠨌	suī	0
𠨍	qīng	0
𠨎	zhuàn	0
𠨕	jì	0
𠨘	bì	0
𠨚	xī	0
𠨠	jí	0
𠨢	jùn	0
𠨥	liáo	0
𠨦	yōu	0
𠨭	jú	0
𠨲	yuè	0
𠨵	bàng	0
𠨸	pí	0
𠨻	zè	0
𠨾	yì	0
𠨿	dǐ	0
𠩂	qiè	0
𠩄	suǒ	0
𠩆	cì	0
𠩈	zhù	0
𠩉	yuè	0
𠩏	jiāo	0
𠩔	shí	0
𠩗	yí	0
𠩘	xiá	0
𠩠	yuán	0
𠩥	guó	0
𠩧	kè	0
𠩪	cuì	0
𠩫	yì	0
𠩵	lì	0
𠩷	diǎn	0
𠩺	xī	0
𠩿	bì	0
𠪂	biǎn	0
𠪃	méi	0
𠪄	lì	0
𠪇	sǒu	0
𠪐	liú	0
𠪑	guì	0
𠪒	kè	0
𠪗	yí	0
𠪙	xǐ	0
𠪚	yín	0
𠪟	kè	0
𠪣	shè	0
𠪧	wǒ	0
𠪮	pì	0
𠪶	yuè	0
𠪷	hóng	0
𠪺	lì	0
𠪻	fù	0
𠫃	jué	0
𠫄	xiān	0
𠫉	diān	0
𠫌	lì	0
𠫓	tū	0
𠫘	jiān	0
𠫛	bǎi	0
𠫜	dì	0
𠫝	zhǎng	0
𠫣	yù	0
𠫨	duì	0
𠫭	cān	0
𠫮	tú	0
𠫶	tān	0
𠫷	jí	0
𠫸	qí	0
𠫹	shàn	0
𠫺	nián	0
𠬆	guàn	0
𠬈	bǐ	0
𠬋	xīng	0
𠬓	zhěn	0
𠬙	sā	0
𠬛	mò	0
𠬝	fú	0
𠬢	tāo	0
𠬣	bàng	0
𠬤	yì	0
𠬪	biào	0
𠬬	xī	0
𠬮	jié	0
𠬶	jìn	0
𠬾	qiān	0
𠭈	sì	0
𠭉	jǐng	0
𠭋	chǐ	0
𠭗	jǐng	0
𠭥	suì	0
𠭯	zhā	0
𠭰	lí	0
𠭴	zhuō	0
𠭹	biàn	0
𠭿	tún	0
𠮃	bì	0
𠮆	fèi	0
𠮊	dé	0
𠮌	zhú	0
𠮑	jū	0
𠮙	yǐ	0
𠮜	yà	0
𠮟	chì	0
𠮠	guǎ	0
𠮡	zhǐ	0
𠮨	réng	0
𠮫	yōu	0
𠮭	bó	0
𠮯	jǐ	0
𠮰	pǐn	0
𠮳	yīng	0
𠮴	yāng	0
𠮵	màng	0
𠮽	lòng	0
𠮾	ǹ	0
𠮿	sa	0
𠯀	chuān	0
𠯂	cí	0
𠯃	wǔ	0
𠯄	rèn	0
𠯈	dài	0
𠯉	jí	0
𠯋	yǐ	0
𠯍	rán	0
𠯐	huò	0
𠯑	guā	0
𠯓	zhé	0
𠯔	pì	0
𠯗	zā	0
𠯘	bàn	0
𠯙	jié	0
𠯜	hōu	0
𠯟	xiàn	0
𠯠	huī	0
𠯩	zhā	0
𠯪	dāi	0
𠯫	gē	0
𠯭	pì	0
𠯯	piàn	0
𠯰	shí	0
𠯱	liǎng	0
𠯲	yuè	0
𠯳	hù	0
𠯴	biàn	0
𠯷	réng	0
𠯹	réng	0
𠰄	yī	0
𠰅	zhī	0
𠰇	jīn	0
𠰈	wēng	0
𠰉	chāo	0
𠰋	qiū	0
𠰍	zhǔ	0
𠰏	zhá	0
𠰐	pǒ	0
𠰑	àn	0
𠰓	hé	0
𠰕	chū	0
𠰖	yán	0
𠰚	shì	0
𠰛	hù	0
𠰜	è	0
𠰴	shí	0
𠰷	lú	0
𠰹	tuō	0
𠰺	dài	0
𠰻	wài	0
𠰼	pō	0
𠰽	rǒng	0
𠰾	jū	0
𠱀	bō	0
𠱐	yǔ	0
𠱑	dōu	0
𠱓	guǐ	0
𠱔	shòu	0
𠱗	suō	0
𠱘	nì	0
𠱙	zhōu	0
𠱚	lòng	0
𠱛	bǐng	0
𠱜	zùn	0
𠱝	yè	0
𠱞	rǎn	0
𠱠	líng	0
𠱡	sà	0
𠱤	lěi	0
𠱥	è	0
𠱧	zhòng	0
𠱨	jǐ	0
𠱫	è	0
𠱯	zuò	0
𠱲	nà	0
𠱳	yǔn	0
𠲊	xiè	0
𠲋	zuǐ	0
𠲌	shù	0
𠲍	diū	0
𠲎	fa	0
𠲏	rěn	0
𠲑	bāng	0
𠲒	hán	0
𠲓	hóng	0
𠲔	yī	0
𠲖	yī	0
𠲙	kē	0
𠲚	yì	0
𠲛	huí	0
𠲜	zhēng	0
𠲮	jìng	0
𠲱	gé	0
𠲴	nóu	0
𠲵	qiè	0
𠲷	dié	0
𠲹	jì	0
𠲺	yì	0
𠲻	yí	0
𠲽	fú	0
𠲾	shuò	0
𠲿	shuò	0
𠳀	yǒng	0
𠳁	kěn	0
𠳂	huá	0
𠳃	hòng	0
𠳇	hé	0
𠳊	hē	0
𠳋	qiǎn	0
𠳌	qià	0
𠳎	sì	0
𠳐	bāng	0
𠳞	què	0
𠳬	jīng	0
𠳭	kè	0
𠳳	āi	0
𠳴	lóu	0
𠳶	tū	0
𠳹	chuáng	0
𠳼	sòng	0
𠳽	chéng	0
𠳿	wēi	0
𠴂	nǔ	0
𠴄	jiǔ	0
𠴇	bīn	0
𠴡	xiào	0
𠴢	shēng	0
𠴣	hǒu	0
𠴦	zhù	0
𠴨	guān	0
𠴩	jī	0
𠴫	jì	0
𠴭	xī	0
𠴯	shè	0
𠴰	ǒu	0
𠴱	hú	0
𠴲	tà	0
𠴳	xiáo	0
𠴵	zào	0
𠴸	bò	0
𠴹	qì	0
𠴺	wā	0
𠴻	tuō	0
𠴼	dào	0
𠴾	nà	0
𠵠	zhāi	0
𠵣	yà	0
𠵦	wǔ	0
𠵧	zhén	0
𠵨	de	0
𠵩	hē	0
𠵫	āng	0
𠵬	pí	0
𠵭	sè	0
𠵮	fěn	0
𠵯	guā	0
𠵳	pǒ	0
𠵷	xuàn	0
𠵸	hān	0
𠵹	gāng	0
𠵺	bā	0
𠵻	zōng	0
𠵼	mèng	0
𠵾	huò	0
𠶧	diān	0
𠶨	xī	0
𠶫	dà	0
𠶬	nàng	0
𠶰	diāo	0
𠶱	luò	0
𠶲	kè	0
𠶷	yì	0
𠶸	jué	0
𠶹	hé	0
𠶻	jí	0
𠶾	hè	0
𠶿	niè	0
𠷀	rǔn	0
𠷁	qián	0
𠷂	dài	0
𠷃	shāo	0
𠷄	kè	0
𠷅	zhú	0
𠷇	shī	0
𠷈	lǜ	0
𠷉	jiā	0
𠷊	pián	0
𠷋	hòu	0
𠷌	jī	0
𠷍	tà	0
𠷎	chóu	0
𠷏	wō	0
𠷐	jìng	0
𠷑	pō	0
𠷒	zhāi	0
𠷓	xīn	0
𠷖	biàn	0
𠷙	xù	0
𠷞	gū	0
𠷟	jiè	0
𠷢	xián	0
𠷸	é	0
𠷺	bó	0
𠷻	piāo	0
𠷿	zǎ	0
𠸁	pài	0
𠸂	tū	0
𠸄	yīng	0
𠸮	xiǎng	0
𠸱	nuò	0
𠸲	gē	0
𠸳	bó	0
𠸴	xiè	0
𠸸	zhēn	0
𠸹	yú	0
𠸺	nì	0
𠹀	xùn	0
𠹁	wà	0
𠹃	àng	0
𠹄	hàn	0
𠹅	hōng	0
𠹆	dān	0
𠹈	nuó	0
𠹊	cǎo	0
𠹋	jí	0
𠹌	něng	0
𠹍	yǒng	0
𠹎	xiāo	0
𠹐	chuǎ	0
𠹑	yào	0
𠹓	gé	0
𠹔	táng	0
𠹕	bào	0
𠹖	chǎn	0
𠹘	xù	0
𠹛	hái	0
𠹝	chóu	0
𠹟	jiǎn	0
𠹠	zuō	0
𠹤	wèi	0
𠹥	dā	0
𠹦	pī	0
𠺐	huàn	0
𠺒	xī	0
𠺔	pèn	0
𠺕	liū	0
𠺖	mǔ	0
𠺗	miē	0
𠺘	làng	0
𠺙	tuì	0
𠺚	bān	0
𠺝	gē	0
𠺟	kù	0
𠺢	jiā	0
𠺣	bō	0
𠻍	huàn	0
𠻏	zú	0
𠻐	luò	0
𠻗	lí	0
𠻙	hé	0
𠻚	mó	0
𠻜	shuì	0
𠻝	shēn	0
𠻞	kǎng	0
𠻟	chì	0
𠻠	líng	0
𠻡	luǒ	0
𠻤	yǎn	0
𠻥	zhào	0
𠻦	chuǎ	0
𠻧	gǔ	0
𠻨	qǐn	0
𠻪	tán	0
𠻫	fèn	0
𠻬	tú	0
𠻱	líng	0
𠻴	lǎng	0
𠼖	lán	0
𠼗	zàn	0
𠼘	wù	0
𠼝	lí	0
𠼞	ā	0
𠼟	lüè	0
𠼠	zhǐ	0
𠼡	chóu	0
𠼢	jiàng	0
𠼤	jiān	0
𠼩	lún	0
𠼪	yí	0
𠼬	shāng	0
𠼻	jī	0
𠽜	yì	0
𠽝	nín	0
𠽡	huì	0
𠽣	zhā	0
𠽦	hǎn	0
𠽨	yǐn	0
𠽩	bì	0
𠽪	ān	0
𠽫	xiā	0
𠽬	ní	0
𠽰	dī	0
𠽱	jiǎn	0
𠽲	pán	0
𠽵	yù	0
𠽶	chuài	0
𠽷	zā	0
𠽹	chá	0
𠽻	zhé	0
𠽼	sè	0
𠽾	pēn	0
𠽿	gū	0
𠾀	zhé	0
𠾆	lí	0
𠾇	dōu	0
𠾉	chóu	0
𠾋	zuǐ	0
𠾌	pò	0
𠾏	shē	0
𠾐	lóng	0
𠾢	shù	0
𠾤	jìn	0
𠾥	líng	0
𠾨	kāng	0
𠾩	là	0
𠾫	xū	0
𠾬	jìn	0
𠾮	chuān	0
𠾲	yuè	0
𠿆	mǎi	0
𠿇	xiè	0
𠿈	jiū	0
𠿉	jì	0
𠿋	yuè	0
𠿏	jiān	0
𠿑	hán	0
𠿓	sà	0
𠿔	huì	0
𠿕	qiào	0
𠿗	sè	0
𠿘	zuǐ	0
𠿛	lǔ	0
𠿜	huà	0
𠿝	chū	0
𠿞	shǎn	0
𠿟	wò	0
𠿠	jí	0
𠿡	zhuó	0
𠿢	xián	0
𠿣	yī	0
𠿤	guó	0
𠿥	kuì	0
𡀑	zhōu	0
𡀔	lù	0
𡀖	bō	0
𡀗	shí	0
𡀘	yìng	0
𡀙	kū	0
𡀹	zhì	0
𡀺	xié	0
𡀽	yè	0
𡀾	è	0
𡀿	lǜ	0
𡁀	hàn	0
𡁁	yè	0
𡁆	luò	0
𡁇	chuò	0
𡁈	fàn	0
𡁉	zhí	0
𡁊	yìng	0
𡁋	wěn	0
𡁌	wā	0
𡁍	ài	0
𡁎	yú	0
𡁑	huā	0
𡁓	liè	0
𡁔	jīng	0
𡁕	zá	0
𡁧	zāng	0
𡁨	duì	0
𡁪	jì	0
𡁮	wō	0
𡁰	jí	0
𡁱	xī	0
𡁳	zhàn	0
𡁴	tuán	0
𡂊	yú	0
𡂏	liè	0
𡂒	zhì	0
𡂓	shī	0
𡂕	lǎo	0
𡂖	lài	0
𡂗	wěi	0
𡂘	páo	0
𡂙	chí	0
𡂚	yǐng	0
𡂛	dòu	0
𡂝	dòu	0
𡂟	bào	0
𡂠	qiè	0
𡂡	shù	0
𡂣	zhí	0
𡂩	liè	0
𡂫	péng	0
𡂭	zhē	0
𡂿	ōu	0
𡃂	xiè	0
𡃃	jí	0
𡃄	lài	0
𡃅	yíng	0
𡃆	cēng	0
𡃖	lē	0
𡃝	lùn	0
𡃡	lóng	0
𡃢	xì	0
𡃦	lìn	0
𡃩	guī	0
𡃳	xīng	0
𡃷	lí	0
𡃸	cī	0
𡄇	qǐng	0
𡄑	jiān	0
𡄒	dào	0
𡄓	jiǎn	0
𡄔	qìng	0
𡄕	xiè	0
𡄖	yìng	0
𡄟	há	0
𡄡	zhe	0
𡄢	shē	0
𡄣	mí	0
𡄤	huán	0
𡄱	cù	0
𡄲	rú	0
𡄳	sǎ	0
𡄴	huò	0
𡄵	yī	0
𡄷	dī	0
𡄹	luàn	0
𡄻	yì	0
𡅂	bò	0
𡅃	páng	0
𡅄	tán	0
𡅅	é	0
𡅆	zāng	0
𡅇	cóng	0
𡅓	zhāi	0
𡅕	xǐ	0
𡅖	mǎng	0
𡅘	là	0
𡅙	yùn	0
𡅡	è	0
𡅥	dié	0
𡅭	guān	0
𡅱	huàn	0
𡅵	shì	0
𡅶	jiǎn	0
𡅹	zhān	0
𡅺	jí	0
𡅻	huàn	0
𡆅	wàn	0
𡆆	luǒ	0
𡆏	dòu	0
𡆕	liàn	0
𡆣	niè	0
𡆤	nǎn	0
𡆥	jiù	0
𡆦	yuè	0
𡆩	yāo	0
𡆪	chuāng	0
𡆮	cǎn	0
𡆯	lǐ	0
𡆰	dùn	0
𡆱	nǎn	0
𡆲	nǎn	0
𡆸	rì	0
𡆽	yuè	0
𡇀	yóu	0
𡇂	yīn	0
𡇄	guó	0
𡇈	dàng	0
𡇑	zhēn	0
𡇒	mí	0
𡇓	dié	0
𡇖	zhēn	0
𡇚	kuā	0
𡇜	hán	0
𡇝	sòng	0
𡇞	hé	0
𡇟	jī	0
𡇠	zhé	0
𡇤	bǐng	0
𡇦	wéi	0
𡇧	tōu	0
𡇩	tú	0
𡇬	gāng	0
𡇭	lóu	0
𡇮	quán	0
𡇯	hùn	0
𡇰	zhuǎn	0
𡇱	què	0
𡇳	hóng	0
𡇵	dàng	0
𡇶	hé	0
𡇷	tài	0
𡇸	guāi	0
𡇺	yù	0
𡇼	yà	0
𡇿	wān	0
𡈀	qūn	0
𡈅	jué	0
𡈆	ōu	0
𡈉	quān	0
𡈊	zhí	0
𡈍	líng	0
𡈎	wū	0
𡈏	xìn	0
𡈐	dá	0
𡈒	yuān	0
𡈓	yuàn	0
𡈗	mò	0
𡈙	yóu	0
𡈛	yuān	0
𡈞	wǔ	0
𡈠	zhāng	0
𡈣	xuān	0
𡈦	rǎo	0
𡈧	gǔn	0
𡈨	yù	0
𡈮	xiá	0
𡈯	biǎn	0
𡈰	yóu	0
𡈲	yīn	0
𡈴	xuán	0
𡈵	yóu	0
𡈶	léi	0
𡈼	tǐng	0
𡈿	zhēn	0
𡉄	zài	0
𡉅	gā	0
𡉆	lá	0
𡉉	què	0
𡉎	jú	0
𡉐	chūn	0
𡉑	dā	0
𡉒	tún	0
𡉓	āi	0
𡉗	zǐ	0
𡉚	huáng	0
𡉛	yì	0
𡉩	bào	0
𡉪	chí	0
𡉭	rì	0
𡉴	lú	0
𡉷	jié	0
𡉸	shì	0
𡉺	zuān	0
𡊁	yì	0
𡊄	fèn	0
𡊅	fèn	0
𡊉	mò	0
𡊍	shù	0
𡊑	xǐ	0
𡊛	áo	0
𡊝	pǐ	0
𡊞	píng	0
𡊟	pō	0
𡊠	jiá	0
𡊡	zhóu	0
𡊣	qiū	0
𡊧	yǒu	0
𡊨	tán	0
𡊫	rǒng	0
𡊭	mì	0
𡊶	yì	0
𡊸	rǒng	0
𡊻	liè	0
𡊼	qióng	0
𡋙	huí	0
𡋚	jì	0
𡋟	gào	0
𡋤	jìn	0
𡋧	yóu	0
𡋨	chā	0
𡋩	dé	0
𡋪	yīn	0
𡋬	yù	0
𡋭	bèi	0
𡋯	bó	0
𡌔	qiāo	0
𡌚	chǎ	0
𡌜	xīn	0
𡌞	chí	0
𡌣	zào	0
𡌤	kuí	0
𡌦	fèi	0
𡌩	tā	0
𡌪	guài	0
𡌭	duō	0
𡌲	guī	0
𡌴	zhí	0
𡍌	chǎn	0
𡍍	nǎo	0
𡍐	hú	0
𡍒	táo	0
𡍡	yì	0
𡍤	niè	0
𡍥	zhài	0
𡍦	huán	0
𡍨	dù	0
𡍪	qì	0
𡍫	cè	0
𡍮	chuí	0
𡍲	dā	0
𡍶	zhì	0
𡍷	gèng	0
𡍻	wèng	0
𡎉	dù	0
𡎍	chí	0
𡎑	àn	0
𡎒	kuò	0
𡎔	wò	0
𡎘	yīng	0
𡎚	piǎn	0
𡎫	zhá	0
𡎬	zhuǎ	0
𡎮	sù	0
𡎳	nì	0
𡎺	zhú	0
𡎻	chán	0
𡎾	bèng	0
𡎿	ní	0
𡏀	zhí	0
𡏁	huì	0
𡏘	xià	0
𡏚	zhì	0
𡏛	xī	0
𡏞	jiǎng	0
𡏩	duī	0
𡏪	fū	0
𡏭	jiāo	0
𡏮	cháo	0
𡏯	bài	0
𡏵	liè	0
𡏼	áo	0
𡐋	zāo	0
𡐌	chù	0
𡐏	tuǒ	0
𡐒	háo	0
𡐓	kāng	0
𡐔	yín	0
𡐖	xiàn	0
𡐝	fú	0
𡐞	biē	0
𡐠	kuī	0
𡐤	qiè	0
𡐥	sà	0
𡐿	dā	0
𡑀	yě	0
𡑄	zhǎng	0
𡑆	liáng	0
𡑈	duǐ	0
𡑍	láo	0
𡑎	xūn	0
𡑘	zhì	0
𡑚	kū	0
𡑞	suì	0
𡑟	wō	0
𡑣	kū	0
𡑯	jiǎn	0
𡑶	jiǎng	0
𡑻	zhuì	0
𡑽	shuǎng	0
𡑾	yú	0
𡒁	sà	0
𡒃	yù	0
𡒄	lǎn	0
𡒊	yù	0
𡒌	qiǎn	0
𡒍	jù	0
𡒏	liè	0
𡒒	shú	0
𡒓	xiàn	0
𡒖	gài	0
𡒢	tái	0
𡒧	tiǎn	0
𡒯	mèng	0
𡒱	dí	0
𡒳	mián	0
𡒾	huī	0
𡓉	duò	0
𡓍	liè	0
𡓒	lài	0
𡓓	yín	0
𡓔	lǎn	0
𡓖	jiāo	0
𡓘	huò	0
𡓣	guō	0
𡓦	zhàn	0
𡓭	mǐ	0
𡓰	kuī	0
𡓷	duò	0
𡓿	yín	0
𡔇	lèi	0
𡔕	gòng	0
𡔛	tǐng	0
𡔜	yáo	0
𡔞	wǎng	0
𡔣	jié	0
𡔨	xiū	0
𡔪	shù	0
𡔱	wèi	0
𡔴	yù	0
𡕁	zhān	0
𡕉	āng	0
𡕏	sǎng	0
𡕐	chóu	0
𡕒	kuà	0
𡕖	jǔ	0
𡕗	hài	0
𡕢	miǎn	0
𡕧	hàng	0
𡕪	chóu	0
𡕮	líng	0
𡕰	zōng	0
𡖉	kūn	0
𡖌	zhōng	0
𡖎	zhāo	0
𡖐	diě	0
𡖑	gǒu	0
𡖒	yún	0
𡖓	dān	0
𡖔	nuó	0
𡖛	bǐng	0
𡖝	rán	0
𡖞	chān	0
𡖢	rǒng	0
𡖣	yīn	0
𡖤	chān	0
𡖧	zhì	0
𡖪	guài	0
𡖫	nuó	0
𡖬	shēn	0
𡖯	sù	0
𡖲	wǒ	0
𡖳	chǐ	0
𡖺	miè	0
𡖻	zhí	0
𡖾	qī	0
𡗁	gōu	0
𡗆	lǒu	0
𡗈	zī	0
𡗍	dǎng	0
𡗏	xiǎn	0
𡗑	rǒu	0
𡗗	pěng	0
𡗞	xī	0
𡗢	kuā	0
𡗤	guì	0
𡗥	chún	0
𡗦	jiè	0
𡗲	jiè	0
𡗳	xī	0
𡗵	kū	0
𡗷	gū	0
𡗸	zhà	0
𡗹	fàn	0
𡗼	xiè	0
𡘍	huán	0
𡘏	niǎo	0
𡘐	xì	0
𡘛	cū	0
𡘝	gǔn	0
𡘡	xī	0
𡘧	qiá	0
𡘪	māng	0
𡘭	zhé	0
𡘰	juàn	0
𡘴	biē	0
𡙀	biē	0
𡙅	quán	0
𡙋	xì	0
𡙎	jiǎo	0
𡙐	quán	0
𡙑	zhǐ	0
𡙒	tiān	0
𡙓	kāi	0
𡙘	sǎn	0
𡙛	zī	0
𡙣	jié	0
𡙪	bié	0
𡙬	dòu	0
𡙭	zuī	0
𡙶	yǎn	0
𡚁	bì	0
𡚅	kuǎi	0
𡚇	yàn	0
𡚈	wéi	0
𡚊	huān	0
𡚌	hào	0
𡚑	gōng	0
𡚔	méng	0
𡚗	lěi	0
𡚙	dì	0
𡚛	bǐng	0
𡚜	huān	0
𡚟	wā	0
𡚠	jué	0
𡚨	chì	0
𡚭	bā	0
𡚮	jiǔ	0
𡚷	dì	0
𡚹	zhàng	0
𡚻	dà	0
𡚼	shí	0
𡚽	hào	0
𡛌	yè	0
𡛗	bì	0
𡛘	pǐ	0
𡛙	yǎo	0
𡛜	dī	0
𡛝	càn	0
𡛞	pín	0
𡛟	yuè	0
𡛠	qiē	0
𡛡	pī	0
𡛵	tuǒ	0
𡛶	xiè	0
𡛽	yè	0
𡜀	fàn	0
𡜁	guā	0
𡜂	hù	0
𡜃	rǔ	0
𡜉	rǎn	0
𡜊	fǒu	0
𡜋	huāng	0
𡜚	rú	0
𡜢	mǎo	0
𡜥	duī	0
𡜦	huì	0
𡜧	xì	0
𡜨	xiū	0
𡜫	rǎn	0
𡜬	yī	0
𡜯	zhé	0
𡜱	jì	0
𡜲	gào	0
𡜳	yòu	0
𡜵	pū	0
𡝈	chù	0
𡝉	cū	0
𡝊	zhé	0
𡝋	niǎo	0
𡝍	qiè	0
𡝐	chá	0
𡝒	niǎo	0
𡝓	suī	0
𡝙	chá	0
𡝚	chéng	0
𡝛	yáo	0
𡝜	dù	0
𡝝	wāng	0
𡝟	niàn	0
𡝠	mí	0
𡝦	nǒu	0
𡝧	xì	0
𡝩	yāo	0
𡝫	chān	0
𡞋	cān	0
𡞘	xiè	0
𡞙	miè	0
𡞚	kěng	0
𡞜	cù	0
𡞞	shěng	0
𡞟	pàn	0
𡞠	hù	0
𡞢	kè	0
𡞣	xiàn	0
𡞥	hóu	0
𡞦	qióng	0
𡞧	zōng	0
𡞪	fú	0
𡞫	nài	0
𡞭	nì	0
𡞯	kǔ	0
𡞾	nèn	0
𡟍	gē	0
𡟑	hóu	0
𡟓	āi	0
𡟕	shī	0
𡟞	xiū	0
𡟟	cōng	0
𡟠	jiāo	0
𡟢	zhá	0
𡟣	xiāo	0
𡟤	liàn	0
𡟥	qǔ	0
𡟨	shǎn	0
𡟩	xiè	0
𡟫	gòng	0
𡟬	miè	0
𡟭	chái	0
𡟯	ēn	0
𡟳	dòu	0
𡠆	kòu	0
𡠊	tiáo	0
𡠋	shī	0
𡠏	sāng	0
𡠒	guān	0
𡠖	hào	0
𡠗	zhì	0
𡠘	yàng	0
𡠙	tōng	0
𡠚	bì	0
𡠜	mó	0
𡠞	fú	0
𡠟	zhú	0
𡠥	qiáng	0
𡠹	zhì	0
𡠼	sōu	0
𡠿	niǎo	0
𡡀	juàn	0
𡡂	yàng	0
𡡄	huāng	0
𡡈	bēng	0
𡡉	mó	0
𡡊	cháo	0
𡡎	lǚ	0
𡡏	shāo	0
𡡐	bǔ	0
𡡑	zēng	0
𡡒	sī	0
𡡔	zuì	0
𡡕	yuē	0
𡡖	zān	0
𡡗	luǎn	0
𡡥	qú	0
𡡺	miǎo	0
𡢀	zhuàn	0
𡢈	dàng	0
𡢊	yuān	0
𡢒	jǔ	0
𡢕	huǐ	0
𡢖	qì	0
𡢘	yùn	0
𡢚	màn	0
𡢜	mǒ	0
𡢱	piāo	0
𡢳	jìn	0
𡢹	yāo	0
𡣀	chì	0
𡣁	nì	0
𡣂	sōu	0
𡣈	shù	0
𡣋	piāo	0
𡣔	hàn	0
𡣠	yāo	0
𡣢	néi	0
𡣪	shì	0
𡣬	yuān	0
𡣮	cài	0
𡣯	jié	0
𡣹	xiè	0
𡣽	yán	0
𡣾	xiāo	0
𡤋	xiè	0
𡤌	lì	0
𡤎	fàn	0
𡤗	zhù	0
𡤙	nà	0
𡤛	zhuǎn	0
𡤞	kuī	0
𡤢	luó	0
𡤫	qiā	0
𡤶	wān	0
𡤽	shǔ	0
𡤿	chèng	0
𡥁	yì	0
𡥆	hǎo	0
𡥈	jiào	0
𡥋	huì	0
𡥍	xiào	0
𡥎	cí	0
𡥞	jì	0
𡥦	nǐ	0
𡥧	jìn	0
𡥨	nǐ	0
𡥩	tǐ	0
𡥶	jù	0
𡥸	mìng	0
𡥽	lí	0
𡥿	zhòng	0
𡦁	xù	0
𡦃	qióng	0
𡦄	fú	0
𡦆	bìn	0
𡦊	jì	0
𡦍	qí	0
𡦎	xì	0
𡦔	dèng	0
𡦕	ér	0
𡦛	shú	0
𡦜	tóng	0
𡦝	xiāo	0
𡦟	pí	0
𡦨	dǎn	0
𡦪	jí	0
𡦳	xiào	0
𡦷	cóng	0
𡦻	bīn	0
𡦼	rǒng	0
𡧍	miàn	0
𡧒	miàn	0
𡧔	shū	0
𡧕	xiáo	0
𡧖	bǎo	0
𡧗	wà	0
𡧙	pào	0
𡧣	gǎi	0
𡧥	hū	0
𡧦	héng	0
𡧨	zhú	0
𡧩	guāi	0
𡧭	guì	0
𡧹	dài	0
𡧼	bīn	0
𡧽	huǎng	0
𡨀	chá	0
𡨄	xià	0
𡨅	jú	0
𡨇	yǎo	0
𡨖	fěn	0
𡨗	zào	0
𡨛	fēng	0
𡨢	jū	0
𡨣	yù	0
𡨩	hūn	0
𡨲	jié	0
𡨳	xiòng	0
𡨵	nài	0
𡨻	nǒu	0
𡨽	shěng	0
𡨿	yù	0
𡩂	huán	0
𡩃	gěng	0
𡩄	wǎn	0
𡩆	tuó	0
𡩇	qiāo	0
𡩘	yìn	0
𡩚	jiā	0
𡩡	suǒ	0
𡩣	jié	0
𡩤	xī	0
𡩥	wěng	0
𡩩	máng	0
𡩶	yáng	0
𡩸	yáo	0
𡩽	máng	0
𡩾	ōu	0
𡪁	án	0
𡪅	lòu	0
𡪑	è	0
𡪒	zǐ	0
𡪗	è	0
𡪙	àn	0
𡪞	huò	0
𡪠	céng	0
𡪰	xiòng	0
𡪱	jì	0
𡪳	zuó	0
𡪵	qí	0
𡪺	zhēng	0
𡫀	jī	0
𡫁	qī	0
𡫂	juǎn	0
𡫃	níng	0
𡫟	sè	0
𡫥	hè	0
𡫦	rǒng	0
𡫧	qǐn	0
𡫬	jū	0
𡫯	lì	0
𡫵	shí	0
𡫸	nì	0
𡫹	xián	0
𡫺	fū	0
𡫽	rǔ	0
𡬁	xiòng	0
𡬂	guì	0
𡬄	jì	0
𡬆	měng	0
𡬇	fū	0
𡬉	sài	0
𡬊	yù	0
𡬋	jiào	0
𡬌	mèng	0
𡬍	mí	0
𡬎	qiāng	0
𡬐	yí	0
𡬓	yí	0
𡬕	lóng	0
𡬖	hān	0
𡬗	nì	0
𡬘	lào	0
𡬙	sèng	0
𡬜	lǐn	0
𡬞	yù	0
𡬥	nuó	0
𡬫	wù	0
𡬯	biǎn	0
𡬲	biǎn	0
𡬳	xuān	0
𡬵	jiān	0
𡬸	biǎn	0
𡭂	dé	0
𡭇	zhuān	0
𡭋	rǒng	0
𡭐	shuàn	0
𡭘	jiā	0
𡭛	huǐ	0
𡭞	zhān	0
𡭢	bài	0
𡭣	liè	0
𡭥	xiē	0
𡭭	jiǎn	0
𡭮	shǒu	0
𡭳	kào	0
𡭷	guān	0
𡭸	luàn	0
𡭾	nǒu	0
𡭿	chǎng	0
𡮎	liáng	0
𡮙	nài	0
𡮚	rǔ	0
𡮞	zhì	0
𡮦	cáo	0
𡮰	lì	0
𡮻	lán	0
𡮿	chān	0
𡯁	wāng	0
𡯄	lì	0
𡯇	wù	0
𡯈	páo	0
𡯉	yòu	0
𡯋	gān	0
𡯏	ān	0
𡯐	xiū	0
𡯑	shuǐ	0
𡯒	ruǐ	0
𡯘	bǎn	0
𡯙	yóu	0
𡯢	huó	0
𡯥	huī	0
𡯨	zuò	0
𡯩	xiāo	0
𡯫	mián	0
𡯰	gà	0
𡯱	yuǎn	0
𡯳	bò	0
𡯴	chào	0
𡯵	tuǐ	0
𡯷	bò	0
𡯽	gà	0
𡯿	tiāo	0
𡰀	ná	0
𡰅	hú	0
𡰆	niè	0
𡰋	huí	0
𡰌	lǒu	0
𡰎	tí	0
𡰐	qiào	0
𡰑	qiáo	0
𡰒	zhǒng	0
𡰖	dī	0
𡰚	lín	0
𡰝	quán	0
𡰞	zhuān	0
𡰠	léi	0
𡰢	xié	0
𡰥	rén	0
𡰨	dāng	0
𡰪	dū	0
𡰫	niǎn	0
𡰯	shǐ	0
𡰲	xián	0
𡰹	zhí	0
𡰽	ài	0
𡰾	cī	0
𡰿	pú	0
𡱁	shǐ	0
𡱅	qū	0
𡱆	shǔ	0
𡱇	diān	0
𡱉	xiǎo	0
𡱊	shuǐ	0
𡱌	huán	0
𡱐	yí	0
𡱑	juān	0
𡱔	zhǐ	0
𡱜	zhào	0
𡱣	xù	0
𡱯	lòng	0
𡱱	zhù	0
𡱳	suǒ	0
𡱷	dié	0
𡱺	qú	0
𡱼	kè	0
𡱽	hū	0
𡱾	jū	0
𡲀	qǐng	0
𡲍	bīng	0
𡲕	tì	0
𡲗	jué	0
𡲚	qiú	0
𡲣	jiàng	0
𡲪	yùn	0
𡲭	mèi	0
𡲮	pī	0
𡲰	qú	0
𡲼	mì	0
𡲿	tì	0
𡳂	kài	0
𡳄	bǐ	0
𡳆	qū	0
𡳏	tiāo	0
𡳑	chù	0
𡳘	jú	0
𡳚	xī	0
𡳞	lìn	0
𡳭	chǐ	0
𡳮	jī	0
𡳴	lú	0
𡳸	lì	0
𡳾	jué	0
𡴅	zhū	0
𡴆	lù	0
𡴎	niè	0
𡴔	quán	0
𡴭	yà	0
𡴯	è	0
𡴱	hù	0
𡵀	máng	0
𡵉	wù	0
𡵌	chā	0
𡵑	qīn	0
𡵒	jié	0
𡵓	hóng	0
𡵕	dān	0
𡵖	ěn	0
𡵗	zè	0
𡵘	hù	0
𡵙	àng	0
𡵚	jiè	0
𡵛	fù	0
𡵜	yòng	0
𡵝	zōng	0
𡵞	fēng	0
𡵬	mù	0
𡵶	sè	0
𡵷	cóng	0
𡵻	kāng	0
𡶂	yào	0
𡶃	ài	0
𡶄	bāo	0
𡶆	pǒ	0
𡶈	shǐ	0
𡶉	fàn	0
𡶋	jú	0
𡶌	pí	0
𡶎	wèi	0
𡶏	kū	0
𡶐	qié	0
𡶑	gān	0
𡶢	kuàng	0
𡶣	suì	0
𡶤	bēng	0
𡶥	jiā	0
𡶦	yà	0
𡶪	kàn	0
𡶫	niè	0
𡶭	xíng	0
𡶯	xì	0
𡶱	lìn	0
𡶲	duǒ	0
𡶴	chǎn	0
𡷈	shì	0
𡷋	duì	0
𡷍	jiāng	0
𡷎	yǔ	0
𡷏	lù	0
𡷐	ěn	0
𡷓	gǔ	0
𡷕	wěi	0
𡷖	chē	0
𡷗	huàn	0
𡷘	bié	0
𡷛	hàn	0
𡷜	tuí	0
𡷝	nà	0
𡷞	qǐ	0
𡷠	tóu	0
𡷡	yuān	0
𡷢	wáng	0
𡷤	wú	0
𡷥	gào	0
𡷨	kēng	0
𡷪	yí	0
𡷸	xiāo	0
𡷺	guǐ	0
𡷻	yà	0
𡷼	suì	0
𡷽	sǒng	0
𡷿	zhuó	0
𡸂	tū	0
𡸃	xiǎn	0
𡸈	zè	0
𡸉	lì	0
𡸌	zhù	0
𡸎	jié	0
𡸑	tì	0
𡸔	xié	0
𡸕	qióng	0
𡸗	yà	0
𡸘	jū	0
𡸛	yín	0
𡸜	zhí	0
𡸞	kǎn	0
𡸟	zī	0
𡸡	kē	0
𡸣	niè	0
𡸤	qiáng	0
𡸥	wǎn	0
𡸦	zé	0
𡸨	jū	0
𡸪	zì	0
𡹄	yà	0
𡹇	lín	0
𡹉	qí	0
𡹎	huí	0
𡹓	qì	0
𡹕	yáng	0
𡹖	suì	0
𡹘	qǐ	0
𡹙	guī	0
𡹢	qìn	0
𡹣	ē	0
𡹥	zuò	0
𡹨	zè	0
𡹩	qì	0
𡹪	jí	0
𡹬	tuó	0
𡹭	dié	0
𡹯	huì	0
𡹰	máo	0
𡹲	xǔ	0
𡹵	hóu	0
𡹶	yǎn	0
𡹷	xiáng	0
𡹸	cōng	0
𡹹	hú	0
𡹼	àn	0
𡹾	bǐng	0
𡺃	qiāng	0
𡺇	duǒ	0
𡺐	zhǔ	0
𡺑	dié	0
𡺒	yōu	0
𡺓	qǐ	0
𡺔	shí	0
𡺕	xūn	0
𡺖	yōu	0
𡺗	kān	0
𡺘	qiǎo	0
𡺛	qiāng	0
𡺜	pén	0
𡺟	quán	0
𡺡	yíng	0
𡺧	shā	0
𡺫	tāo	0
𡺭	hòng	0
𡺮	pǐ	0
𡺯	yáo	0
𡺴	tú	0
𡺵	chái	0
𡺷	xià	0
𡺸	qí	0
𡺺	qióng	0
𡺽	jìn	0
𡻈	zhēn	0
𡻌	zhū	0
𡻎	xī	0
𡻐	wēng	0
𡻑	zhǒng	0
𡻕	suì	0
𡻘	kē	0
𡻙	kuò	0
𡻚	kǎng	0
𡻝	cháo	0
𡻞	bì	0
𡻟	mò	0
𡻠	zhù	0
𡻡	hàn	0
𡻢	yǔ	0
𡻣	yí	0
𡻤	má	0
𡻧	qì	0
𡻨	gùn	0
𡻩	màn	0
𡻪	liáo	0
𡻫	lín	0
𡻬	zú	0
𡻭	lěi	0
𡻮	hù	0
𡻯	chuǎng	0
𡻰	qì	0
𡻱	léi	0
𡼁	chī	0
𡼃	pó	0
𡼄	dié	0
𡼊	lěi	0
𡼎	yǐ	0
𡼓	diàn	0
𡼖	dūn	0
𡼗	gāo	0
𡼘	hū	0
𡼚	xiāo	0
𡼛	gá	0
𡼜	pēng	0
𡼬	shěn	0
𡼱	wéi	0
𡼻	duì	0
𡼼	cháo	0
𡼽	yǐn	0
𡼾	kuài	0
𡼿	kū	0
𡽁	zuì	0
𡽂	gǔ	0
𡽅	yùn	0
𡽆	zhì	0
𡽉	jì	0
𡽊	chēng	0
𡽖	xiè	0
𡽗	xiǎn	0
𡽛	zuǐ	0
𡽜	án	0
𡽝	hāo	0
𡽠	pǒ	0
𡽢	dí	0
𡽣	yè	0
𡽧	náo	0
𡽱	jié	0
𡽲	bàng	0
𡽳	lǎn	0
𡽴	cáng	0
𡽶	bì	0
𡽻	zhǎn	0
𡽼	qì	0
𡾂	náo	0
𡾅	lǜ	0
𡾇	kuàng	0
𡾉	mó	0
𡾋	lěi	0
𡾌	páo	0
𡾒	lì	0
𡾓	céng	0
𡾕	dàng	0
𡾖	lěi	0
𡾙	è	0
𡾛	bèng	0
𡾜	jué	0
𡾥	xuán	0
𡾦	niè	0
𡾨	hài	0
𡾮	xiǎn	0
𡾰	jiǎn	0
𡾱	mí	0
𡾲	niè	0
𡾻	cáng	0
𡾼	sǒng	0
𡾽	zēng	0
𡾾	yì	0
𡿂	chóng	0
𡿄	cáng	0
𡿉	lěi	0
𡿊	nuó	0
𡿋	lì	0
𡿎	lí	0
𡿏	luó	0
𡿓	tǎng	0
𡿖	niè	0
𡿗	niè	0
𡿙	jī	0
𡿛	lěi	0
𡿝	nàng	0
𡿠	lín	0
𡿡	líng	0
𡿤	xián	0
𡿥	yù	0
𡿧	zāi	0
𡿨	quǎn	0
𡿩	liè	0
𡿯	yù	0
𡿰	huāng	0
𡿺	nǎo	0
𡿼	xùn	0
𡿾	jú	0
𡿿	huò	0
𢀁	yì	0
𢀊	xī	0
𢀋	sè	0
𢀌	jiǎo	0
𢀍	yōng	0
𢀕	shī	0
𢀖	jīng	0
𢀗	wàn	0
𢀘	yě	0
𢀙	jiū	0
𢀜	gǒng	0
𢀡	huī	0
𢀪	ěr	0
𢀵	hàn	0
𢀼	fú	0
𢁀	fú	0
𢁁	zhuó	0
𢁂	jī	0
𢁏	bāng	0
𢁒	qí	0
𢁓	shǐ	0
𢁕	diǎo	0
𢁖	pèi	0
𢁗	xiǎn	0
𢁘	sān	0
𢁝	cháng	0
𢁞	yuē	0
𢁠	gōng	0
𢁢	wū	0
𢁤	fēn	0
𢁧	chǎn	0
𢁩	nèi	0
𢁪	jué	0
𢁬	zhǎo	0
𢁮	qián	0
𢁱	ǎo	0
𢁶	wǎng	0
𢁷	zhōng	0
𢁹	huāng	0
𢁻	bù	0
𢁼	zhǔ	0
𢁽	bì	0
𢁾	chāo	0
𢁿	zhēng	0
𢂀	fú	0
𢂁	kōu	0
𢂃	zuó	0
𢂄	xuàn	0
𢂆	fù	0
𢂊	yǎo	0
𢂍	bō	0
𢂏	bèi	0
𢂐	xié	0
𢂑	shì	0
𢂒	yí	0
𢂔	hóng	0
𢂕	cuì	0
𢂗	yì	0
𢂘	zhuān	0
𢂝	chì	0
𢂤	pō	0
𢂨	yín	0
𢂱	yuàn	0
𢂶	jiōng	0
𢂹	mào	0
𢂺	qiàn	0
𢂼	yì	0
𢃀	wú	0
𢃍	bēi	0
𢃎	huò	0
𢃏	cóng	0
𢃐	kōng	0
𢃕	tà	0
𢃗	hàn	0
𢃘	qiàn	0
𢃜	zhí	0
𢃢	sè	0
𢃥	qiān	0
𢃦	guǒ	0
𢃩	gǔn	0
𢃬	jiān	0
𢃭	zhōng	0
𢃮	miǎn	0
𢃯	guǐ	0
𢃰	shì	0
𢃱	móu	0
𢃲	è	0
𢃳	bǎ	0
𢃴	là	0
𢃸	zhòu	0
𢃺	jí	0
𢄀	zǎo	0
𢄄	zhā	0
𢄅	yì	0
𢄇	gǒu	0
𢄊	guī	0
𢄋	yīng	0
𢄌	shǎi	0
𢄍	hé	0
𢄎	bàng	0
𢄏	mò	0
𢄐	méng	0
𢄓	wù	0
𢄔	dài	0
𢄗	jiǒng	0
𢄜	hàn	0
𢄟	tōng	0
𢄠	kōu	0
𢄡	lí	0
𢄢	zhì	0
𢄣	huì	0
𢄤	zǎn	0
𢄦	diǎo	0
𢄧	cù	0
𢄱	zhì	0
𢄳	kuǎ	0
𢄵	xiàng	0
𢄶	huà	0
𢄷	liáo	0
𢄸	cuì	0
𢄹	qiāo	0
𢄺	jiǎo	0
𢄼	xū	0
𢄽	èr	0
𢄿	tuō	0
𢅀	tán	0
𢅁	zhì	0
𢅈	nǎo	0
𢅉	mào	0
𢅊	dì	0
𢅋	céng	0
𢅎	jiǎo	0
𢅏	lián	0
𢅑	shā	0
𢅒	dàn	0
𢅕	suì	0
𢅖	lián	0
𢅗	guò	0
𢅚	biǎo	0
𢅜	cì	0
𢅝	diàn	0
𢅞	lǜ	0
𢅟	nǐ	0
𢅠	yǎn	0
𢅡	lán	0
𢅤	gài	0
𢅥	chú	0
𢅩	bì	0
𢅪	zú	0
𢅫	huì	0
𢅭	lǎi	0
𢅮	xián	0
𢅯	fèn	0
𢅰	hè	0
𢅹	yào	0
𢅺	zhǎn	0
𢅼	néi	0
𢅾	luǒ	0
𢆀	yuán	0
𢆂	néng	0
𢆉	rěn	0
𢆜	gé	0
𢆞	jiǎn	0
𢆟	píng	0
𢆣	biè	0
𢆦	jiàn	0
𢆩	bìng	0
𢆯	mì	0
𢆰	hù	0
𢆴	diǎo	0
𢆶	yōu	0
𢆷	yāo	0
𢆸	bēng	0
𢆺	chén	0
𢆻	jī	0
𢆽	yāo	0
𢇇	guān	0
𢇈	yàn	0
𢇕	chǐ	0
𢇗	shà	0
𢇘	yǎn	0
𢇙	yì	0
𢇚	yì	0
𢇛	chè	0
𢇞	hàn	0
𢇟	huāng	0
𢇤	shuì	0
𢇥	suì	0
𢇦	rén	0
𢇧	tán	0
𢇨	zhǐ	0
𢇪	fàn	0
𢇫	fěng	0
𢇰	tán	0
𢇲	mí	0
𢇳	pí	0
𢇴	bù	0
𢇵	nà	0
𢇶	tián	0
𢇷	bá	0
𢇸	yì	0
𢈂	yǎn	0
𢈄	tiāo	0
𢈆	yáo	0
𢈇	shěn	0
𢈈	kē	0
𢈉	tóng	0
𢈋	xuǎn	0
𢈓	yòu	0
𢈕	bài	0
𢈙	xiá	0
𢈚	lǚ	0
𢈛	kùn	0
𢈜	zāng	0
𢈝	qiú	0
𢈠	cù	0
𢈡	zuī	0
𢈢	lǒu	0
𢈤	xiá	0
𢈯	shēn	0
𢈲	pú	0
𢈴	jīng	0
𢈵	qiāng	0
𢈶	yì	0
𢈸	niè	0
𢈹	duī	0
𢈻	jié	0
𢈼	suì	0
𢈽	zhàn	0
𢈾	cōu	0
𢉁	bēng	0
𢉂	guān	0
𢉃	shě	0
𢉅	jìn	0
𢉆	dì	0
𢉑	dān	0
𢉓	nǎi	0
𢉕	nóu	0
𢉗	jí	0
𢉘	yán	0
𢉚	nòu	0
𢉜	dù	0
𢉝	wèi	0
𢉞	piān	0
𢉢	hú	0
𢉤	jià	0
𢉥	yè	0
𢉦	jǔn	0
𢉧	lán	0
𢉨	là	0
𢉩	yīn	0
𢉭	tuí	0
𢉵	nǎo	0
𢉺	zǔ	0
𢉿	mà	0
𢊀	sī	0
𢊁	zhì	0
𢊄	huī	0
𢊅	zhuì	0
𢊇	huì	0
𢊍	chú	0
𢊏	chè	0
𢊒	xiū	0
𢊓	lán	0
𢊕	cōng	0
𢊖	shèn	0
𢊗	mò	0
𢊘	yī	0
𢊙	yáo	0
𢊚	xǐ	0
𢊛	zuǐ	0
𢊜	bìng	0
𢊧	yú	0
𢊩	lù	0
𢊮	tuí	0
𢊯	wěi	0
𢊱	fén	0
𢊲	shěn	0
𢊻	liáo	0
𢋂	shǔ	0
𢋃	dǎn	0
𢋄	juǎn	0
𢋅	yú	0
𢋆	xìn	0
𢋇	yáo	0
𢋈	sū	0
𢋒	huó	0
𢋔	qiān	0
𢋚	má	0
𢋝	kǎi	0
𢋡	lǔ	0
𢋣	yōu	0
𢋮	xiàn	0
𢋹	wú	0
𢋻	yǐn	0
𢋼	xī	0
𢋿	zhāi	0
𢌀	xiè	0
𢌄	qú	0
𢌈	lí	0
𢌍	qiān	0
𢌔	líng	0
𢌕	luán	0
𢌚	chān	0
𢌦	zhèng	0
𢌨	yán	0
𢌲	yìn	0
𢌳	kuí	0
𢌷	qū	0
𢌹	fú	0
𢌻	yù	0
𢍁	qí	0
𢍆	qì	0
𢍇	jì	0
𢍈	yuān	0
𢍎	gào	0
𢍏	juàn	0
𢍑	qí	0
𢍓	gǎi	0
𢍕	quàn	0
𢍚	wèi	0
𢍧	zhì	0
𢍫	jiǎn	0
𢍭	sì	0
𢍰	yì	0
𢍱	qiān	0
𢍼	lì	0
𢍿	zāng	0
𢎀	yì	0
𢎂	cái	0
𢎃	yì	0
𢎄	gē	0
𢎆	dié	0
𢎈	zhī	0
𢎉	yì	0
𢎋	zāi	0
𢎌	dài	0
𢎎	sù	0
𢎔	jié	0
𢎕	chèn	0
𢎖	qú	0
𢎘	hàn	0
𢎙	xián	0
𢎠	quán	0
𢎡	jié	0
𢎥	juàn	0
𢎪	dàn	0
𢎭	jīn	0
𢎴	bīng	0
𢎵	hú	0
𢎹	jué	0
𢎻	yú	0
𢏃	lǐ	0
𢏄	qiáng	0
𢏅	shuǐ	0
𢏆	kū	0
𢏈	zhěn	0
𢏍	fú	0
𢏎	shēn	0
𢏒	chuí	0
𢏕	tóng	0
𢏗	yì	0
𢏙	yáng	0
𢏜	tuó	0
𢏝	zhōu	0
𢏞	jí	0
𢏤	xùn	0
𢏦	shěn	0
𢏧	xuān	0
𢏭	liú	0
𢏮	yuān	0
𢏯	hú	0
𢏰	zhèng	0
𢏳	pēng	0
𢏷	jué	0
𢐂	zhì	0
𢐃	piān	0
𢐄	yuàn	0
𢐆	jiān	0
𢐊	páng	0
𢐎	zhuàn	0
𢐐	xián	0
𢐒	bēng	0
𢐔	cōng	0
𢐖	mò	0
𢐚	guó	0
𢐞	chéng	0
𢐟	qiāo	0
𢐦	bì	0
𢐩	qiǎng	0
𢐫	zhōu	0
𢐲	fán	0
𢐳	biē	0
𢐾	bó	0
𢐿	rǎng	0
𢑅	dǐng	0
𢑆	quán	0
𢑇	jiù	0
𢑈	yáo	0
𢑓	xiá	0
𢑖	zǎo	0
𢑝	dān	0
𢑟	wǔ	0
𢑠	tuó	0
𢑢	hū	0
𢑧	xī	0
𢑬	lái	0
𢑮	fēi	0
𢑹	hú	0
𢒆	xiān	0
𢒉	shǎn	0
𢒍	fèi	0
𢒐	cuò	0
𢒒	fú	0
𢒔	chù	0
𢒝	diū	0
𢒞	làn	0
𢒩	xǐ	0
𢒯	biāo	0
𢒰	yù	0
𢒱	suì	0
𢒲	xǐ	0
𢒷	póu	0
𢒹	shǎn	0
𢒾	jiào	0
𢓀	yì	0
𢓃	wán	0
𢓄	jǐ	0
𢓆	wán	0
𢓇	tuì	0
𢓋	àng	0
𢓍	tiān	0
𢓎	chí	0
𢓒	rán	0
𢓔	sà	0
𢓕	yín	0
𢓖	pī	0
𢓗	cǐ	0
𢓘	tóng	0
𢓙	yǐn	0
𢓜	gé	0
𢓝	tiāo	0
𢓞	zhēng	0
𢓟	zhòu	0
𢓡	yí	0
𢓢	kuà	0
𢓣	sōng	0
𢓧	dì	0
𢓬	xié	0
𢓮	xiāo	0
𢓯	guàng	0
𢓰	tuǒ	0
𢓱	fēng	0
𢓲	wú	0
𢓵	xiù	0
𢓿	yóu	0
𢔁	líng	0
𢔂	yàn	0
𢔅	dōng	0
𢔆	qì	0
𢔇	táo	0
𢔈	hán	0
𢔊	chí	0
𢔋	sōng	0
𢔑	quǎn	0
𢔔	hàn	0
𢔟	rǒu	0
𢔠	qì	0
𢔡	kāi	0
𢔢	yú	0
𢔣	chā	0
𢔤	chèng	0
𢔥	yù	0
𢔧	bìng	0
𢔩	cōng	0
𢔪	zhū	0
𢔬	yù	0
𢔱	jué	0
𢔲	liù	0
𢔳	sāo	0
𢔴	yù	0
𢕅	shuài	0
𢕋	yuàn	0
𢕎	zhāng	0
𢕑	shuài	0
𢕓	chǔ	0
𢕔	zhāng	0
𢕕	sǎn	0
𢕖	xiān	0
𢕘	cuī	0
𢕙	měng	0
𢕚	dí	0
𢕞	zhì	0
𢕟	ào	0
𢕦	xiū	0
𢕨	pián	0
𢕪	jiào	0
𢕫	kuǎn	0
𢕬	sà	0
𢕭	xiàn	0
𢕮	zhà	0
𢕯	diàn	0
𢕷	yí	0
𢕺	huì	0
𢕻	shàn	0
𢖄	chóng	0
𢖅	yí	0
𢖆	xiè	0
𢖇	zhì	0
𢖈	tiào	0
𢖊	pīng	0
𢖋	xián	0
𢖎	xiān	0
𢖏	sù	0
𢖑	cuán	0
𢖗	sǒng	0
𢖛	hēi	0
𢖝	xiàn	0
𢖟	yóu	0
𢖡	yù	0
𢖤	tái	0
𢖦	jué	0
𢖧	nàng	0
𢖩	diān	0
𢖫	yì	0
𢖬	bì	0
𢖳	xū	0
𢖴	yì	0
𢖵	rù	0
𢖷	gōng	0
𢖺	yì	0
𢖿	zhì	0
𢗀	xīn	0
𢗂	jì	0
𢗄	xià	0
𢗈	zhāo	0
𢗉	nè	0
𢗊	xiè	0
𢗎	yì	0
𢗓	yǔ	0
𢗫	fǔ	0
𢗭	shè	0
𢗯	yuán	0
𢗰	fǎn	0
𢗲	fū	0
𢗳	wù	0
𢗴	xī	0
𢗵	hǒng	0
𢗹	jì	0
𢗺	chàng	0
𢗿	mò	0
𢘀	pèi	0
𢘃	mú	0
𢘄	qiú	0
𢘅	mào	0
𢘇	dá	0
𢘉	xiá	0
𢘊	shēn	0
𢘋	tè	0
𢘌	hóng	0
𢘍	bì	0
𢘙	lǒng	0
𢘝	nǐ	0
𢘟	qiáo	0
𢘧	ruǎn	0
𢘸	jiàng	0
𢘹	chā	0
𢘺	mǐ	0
𢘽	yì	0
𢘿	suō	0
𢙁	wù	0
𢙂	xuān	0
𢙅	xí	0
𢙇	yǐ	0
𢙐	náo	0
𢙑	mái	0
𢙒	xiāo	0
𢙓	wèi	0
𢙮	kàn	0
𢙱	lòng	0
𢙲	lǚ	0
𢙳	zhuǎng	0
𢙺	zhì	0
𢙼	xìng	0
𢙾	gěng	0
𢙿	jìn	0
𢚀	xiàn	0
𢚁	jì	0
𢚂	cuò	0
𢚄	láo	0
𢚅	fěn	0
𢚆	jù	0
𢚋	miào	0
𢚌	xiá	0
𢚑	sù	0
𢚨	zhì	0
𢚪	hù	0
𢚫	kòu	0
𢚭	suǒ	0
𢚮	nì	0
𢚺	tēng	0
𢚻	zhù	0
𢛁	dá	0
𢛃	qiú	0
𢛄	yà	0
𢛆	xián	0
𢛉	nèi	0
𢛍	zhǐ	0
𢛎	bié	0
𢛒	chǒng	0
𢛓	lán	0
𢛔	dōng	0
𢛕	qūn	0
𢛖	xiàng	0
𢛘	xiáo	0
𢛙	wǎn	0
𢛚	rù	0
𢛛	wàng	0
𢛜	nì	0
𢛞	bāi	0
𢛟	yà	0
𢛥	sī	0
𢛦	yǐn	0
𢛨	yù	0
𢛮	lí	0
𢛯	huò	0
𢜗	bàng	0
𢜣	xī	0
𢜥	jiū	0
𢜨	xiè	0
𢜩	qiān	0
𢜪	nuò	0
𢜫	xǐng	0
𢜬	duó	0
𢜭	jǐ	0
𢜮	wǔ	0
𢜯	mú	0
𢜰	yàn	0
𢜱	qì	0
𢜲	ná	0
𢜳	chì	0
𢜴	hóu	0
𢜶	sào	0
𢜸	náo	0
𢜻	chěng	0
𢜼	chěng	0
𢜽	kuí	0
𢜿	jià	0
𢝀	tú	0
𢝁	hōng	0
𢝂	dú	0
𢝅	xiá	0
𢝆	zhòng	0
𢝇	huò	0
𢝈	chóng	0
𢝉	dá	0
𢝌	mào	0
𢝍	yào	0
𢝓	juān	0
𢝬	shì	0
𢝯	yín	0
𢝳	gǔ	0
𢝴	wù	0
𢝸	guò	0
𢝹	tì	0
𢝻	hū	0
𢞇	rě	0
𢞉	yí	0
𢞋	tǔn	0
𢞏	qióng	0
𢞐	hài	0
𢞒	qì	0
𢞕	huò	0
𢞖	tì	0
𢞗	pī	0
𢞚	gěng	0
𢞜	xiè	0
𢞞	mì	0
𢞟	gào	0
𢞠	tā	0
𢞡	xiǎng	0
𢞣	shū	0
𢞦	fú	0
𢞬	zhuān	0
𢞭	liù	0
𢟅	yóu	0
𢟊	chěng	0
𢟋	duī	0
𢟢	lí	0
𢟣	yàng	0
𢟤	lí	0
𢟧	lǔ	0
𢟨	mǔ	0
𢟩	suì	0
𢟪	ài	0
𢟭	kòu	0
𢟯	zhé	0
𢟰	ài	0
𢟱	téng	0
𢟳	lǜ	0
𢟴	tuí	0
𢟵	bī	0
𢟼	méng	0
𢟾	huì	0
𢟿	huán	0
𢠛	kuò	0
𢠝	xīn	0
𢠡	sào	0
𢠫	shù	0
𢠬	què	0
𢠭	bā	0
𢠮	tuì	0
𢠲	fù	0
𢠳	biē	0
𢠵	tǎng	0
𢠷	xiàng	0
𢠹	sī	0
𢠺	bó	0
𢠼	mái	0
𢠽	dàng	0
𢠿	guì	0
𢡀	hēi	0
𢡁	xī	0
𢡂	dàng	0
𢡃	yì	0
𢡅	bī	0
𢡇	gū	0
𢡈	cuì	0
𢡉	sè	0
𢡍	gé	0
𢡎	yù	0
𢡏	nǎ	0
𢡑	lì	0
𢡒	zhì	0
𢡰	zhào	0
𢡴	jī	0
𢡵	ruǎn	0
𢡹	chòng	0
𢢂	jié	0
𢢌	chàng	0
𢢍	zhé	0
𢢒	sū	0
𢢓	yōng	0
𢢖	qì	0
𢢗	zhuó	0
𢢚	kài	0
𢢜	yè	0
𢢞	qì	0
𢢹	xiòng	0
𢣉	yī	0
𢣊	chǒu	0
𢣎	tuǎn	0
𢣏	ài	0
𢣐	pīn	0
𢣓	liè	0
𢣔	mián	0
𢣕	ài	0
𢣗	mǒ	0
𢣘	wèi	0
𢣙	yìng	0
𢣚	nǐ	0
𢣞	bó	0
𢣠	liù	0
𢣳	ruì	0
𢣵	chú	0
𢣻	lǘ	0
𢣼	chá	0
𢣿	chù	0
𢤁	sào	0
𢤂	lí	0
𢤄	sōng	0
𢤆	lì	0
𢤋	xì	0
𢤍	yān	0
𢤎	cuō	0
𢤐	liú	0
𢤘	méng	0
𢤚	zhàn	0
𢤤	zhuàng	0
𢤧	miǎo	0
𢤩	lì	0
𢤫	jǔ	0
𢤯	xiè	0
𢤰	xiè	0
𢤱	lǒng	0
𢤲	lóng	0
𢥂	téng	0
𢥃	zhù	0
𢥋	chán	0
𢥌	xiǎn	0
𢥏	yíng	0
𢥐	pèi	0
𢥘	xié	0
𢥚	jiào	0
𢥞	chōng	0
𢥳	hē	0
𢥽	tǔn	0
𢦅	hǒng	0
𢦈	mán	0
𢦊	jīn	0
𢦌	qú	0
𢦍	dǒu	0
𢦎	qiú	0
𢦏	zāi	0
𢦑	shēng	0
𢦒	zāi	0
𢦕	yǐ	0
𢦚	huà	0
𢦟	kān	0
𢦰	yuè	0
𢦱	nì	0
𢦲	sī	0
𢦴	wǒ	0
𢦸	cán	0
𢦺	jiān	0
𢦼	miè	0
𢦽	sháo	0
𢦿	rǒng	0
𢧀	gān	0
𢧅	qiáng	0
𢧇	shú	0
𢧈	zhuó	0
𢧏	shī	0
𢧐	zhàn	0
𢧑	tì	0
𢧖	zhá	0
𢧗	zhān	0
𢧝	fèn	0
𢧞	miè	0
𢧠	zè	0
𢧤	zhì	0
𢧥	qiān	0
𢧦	hàn	0
𢧧	gé	0
𢧮	cán	0
𢧰	guó	0
𢧱	jiāo	0
𢧳	yōng	0
𢧴	áo	0
𢧻	zhá	0
𢧽	xì	0
𢨁	xū	0
𢨂	wǔ	0
𢨏	jué	0
𢨐	jí	0
𢨒	chì	0
𢨔	wǎn	0
𢨖	miè	0
𢨗	zéi	0
𢨜	jié	0
𢨝	shí	0
𢨟	xī	0
𢨡	è	0
𢨥	hù	0
𢨦	hù	0
𢨨	lì	0
𢨫	chù	0
𢨮	yī	0
𢨯	mǎo	0
𢨰	xū	0
𢨱	zhōng	0
𢨳	yì	0
𢨺	liáo	0
𢨿	jiān	0
𢩀	jiǎn	0
𢩁	jú	0
𢩄	zhù	0
𢩈	wǔ	0
𢩏	kè	0
𢩐	kě	0
𢩑	lì	0
𢩒	bǐ	0
𢩓	gé	0
𢩕	xū	0
𢩖	shā	0
𢩗	líng	0
𢩘	kē	0
𢩞	bó	0
𢩟	biān	0
𢩠	shuān	0
𢩡	qí	0
𢩢	shàn	0
𢩦	jī	0
𢩨	qiǎo	0
𢩮	yì	0
𢩯	jué	0
𢩰	zhǎng	0
𢩲	xìn	0
𢩷	tuō	0
𢩸	hài	0
𢩹	xià	0
𢩻	tuó	0
𢩼	yí	0
𢪃	cù	0
𢪇	jiāng	0
𢪈	nán	0
𢪋	pěng	0
𢪍	jié	0
𢪎	xuē	0
𢪏	hú	0
𢪓	yú	0
𢪥	yǒu	0
𢪦	nǔ	0
𢪧	yè	0
𢪪	yìn	0
𢪬	kǒng	0
𢪶	xiāo	0
𢪷	xiāng	0
𢪼	náo	0
𢪾	zhàng	0
𢫐	jié	0
𢫓	nǔ	0
𢫔	shàn	0
𢫘	lú	0
𢫢	jiá	0
𢫧	zhǒu	0
𢫨	rǒng	0
𢫫	lù	0
𢫬	sà	0
𢫭	nù	0
𢫯	bó	0
𢫰	zhé	0
𢫲	qǐn	0
𢫴	cī	0
𢫵	zú	0
𢫷	wǒ	0
𢫸	wǔ	0
𢫻	nié	0
𢫿	xiān	0
𢬀	hóng	0
𢬍	yè	0
𢬫	tìng	0
𢬬	jǐn	0
𢬱	jié	0
𢬲	hè	0
𢬳	tū	0
𢬴	zhé	0
𢬵	pīn	0
𢬶	jìn	0
𢬷	nàn	0
𢬼	dùn	0
𢬾	xī	0
𢬿	xiè	0
𢭁	xì	0
𢭂	láo	0
𢭃	duǎn	0
𢭄	jì	0
𢭅	chā	0
𢭆	chōu	0
𢭈	gāng	0
𢭎	xiáng	0
𢭏	dǎo	0
𢭥	biàn	0
𢭦	xiāo	0
𢭧	xīn	0
𢮁	yǔ	0
𢮂	xián	0
𢮃	lí	0
𢮄	qiǎn	0
𢮇	měi	0
𢮉	qiāo	0
𢮊	yà	0
𢮌	qiā	0
𢮍	qiòng	0
𢮏	bàng	0
𢮐	zhēng	0
𢮚	zè	0
𢮛	shuàn	0
𢮞	sào	0
𢯅	lù	0
𢯉	xié	0
𢯋	fǔ	0
𢯌	zhài	0
𢯩	zè	0
𢯫	duàn	0
𢯭	dèng	0
𢯮	yù	0
𢯰	lǜ	0
𢯲	wàn	0
𢯳	xué	0
𢯴	jiǎo	0
𢯵	yuě	0
𢯶	zhì	0
𢯷	wěi	0
𢯹	gé	0
𢯺	jǔ	0
𢯼	yǎn	0
𢯽	cuò	0
𢯾	mào	0
𢰆	fú	0
𢰇	āi	0
𢰊	xuān	0
𢰌	gāng	0
𢰍	ān	0
𢰒	jí	0
𢰘	pí	0
𢰙	zhǐ	0
𢰜	nuó	0
𢰿	pàn	0
𢱁	yí	0
𢱄	jié	0
𢱆	zī	0
𢱈	jià	0
𢱉	wǎi	0
𢱌	jià	0
𢱟	chǎn	0
𢱡	suǒ	0
𢱢	suǒ	0
𢱣	jí	0
𢱤	sǒng	0
𢱦	tī	0
𢱧	pī	0
𢱨	pó	0
𢱮	mì	0
𢱴	yè	0
𢱶	qìn	0
𢱷	jìn	0
𢱺	juē	0
𢱽	yuān	0
𢱾	ruán	0
𢲔	bàn	0
𢲰	bīn	0
𢲴	wèi	0
𢲵	zào	0
𢲶	qiè	0
𢲷	sōu	0
𢲸	lǔ	0
𢲼	dié	0
𢲽	chuāi	0
𢲾	bì	0
𢲿	zhú	0
𢳀	mā	0
𢳁	fèi	0
𢳂	piē	0
𢳃	yìn	0
𢳄	xuàn	0
𢳆	ào	0
𢳇	zhuó	0
𢳈	zú	0
𢳋	bǐ	0
𢳑	làng	0
𢳓	tì	0
𢳙	tiǎo	0
𢳚	jiān	0
𢳟	tǒng	0
𢳽	duō	0
𢳾	dòng	0
𢴂	biǎn	0
𢴠	zhì	0
𢴢	fén	0
𢴦	káng	0
𢴧	zhì	0
𢴨	zhāi	0
𢴩	bì	0
𢴪	kuǎn	0
𢴬	bàn	0
𢴭	juē	0
𢴮	qū	0
𢴰	qī	0
𢴱	léi	0
𢴲	xié	0
𢴳	tāng	0
𢴼	sōu	0
𢴾	bèi	0
𢵇	yàng	0
𢵈	jiǎn	0
𢵥	zào	0
𢵮	lū	0
𢶀	zhuài	0
𢶃	fán	0
𢶅	shé	0
𢶇	qióng	0
𢶉	pò	0
𢶋	tiě	0
𢶌	shā	0
𢶍	zá	0
𢶑	niǎo	0
𢶒	guài	0
𢶓	cuǐ	0
𢶡	qiào	0
𢶣	dié	0
𢶳	pīn	0
𢶴	cí	0
𢶶	bàng	0
𢷍	yìn	0
𢷑	xiǎn	0
𢷔	yǐ	0
𢷕	miǎo	0
𢷖	duǎn	0
𢷗	zhòu	0
𢷙	kōng	0
𢷢	zhāng	0
𢷶	liú	0
𢷸	zhǐ	0
𢷹	chǎn	0
𢷺	dú	0
𢷻	yuán	0
𢷾	suò	0
𢷿	jié	0
𢸀	lì	0
𢸁	gǒng	0
𢸌	bāng	0
𢸗	guó	0
𢸘	liáo	0
𢸙	shěn	0
𢸣	niǎo	0
𢸥	cuàn	0
𢸦	wěi	0
𢸨	tuō	0
𢸫	sū	0
𢸭	lóng	0
𢸳	xiāo	0
𢸴	yǎn	0
𢹃	qǐng	0
𢹍	xī	0
𢹏	yú	0
𢹑	zhèng	0
𢹒	xiè	0
𢹓	chāi	0
𢹔	fèn	0
𢹖	guó	0
𢹘	jǐng	0
𢹙	làn	0
𢹚	xiān	0
𢹝	líng	0
𢹮	lěi	0
𢹲	jùn	0
𢹳	xiào	0
𢹼	zá	0
𢺄	guān	0
𢺅	qiè	0
𢺆	luò	0
𢺇	yào	0
𢺈	luán	0
𢺉	tà	0
𢺑	luò	0
𢺞	bǎ	0
𢺟	chàn	0
𢺡	zhuó	0
𢺫	tiǎo	0
𢺯	wān	0
𢺰	líng	0
𢺴	yù	0
𢺵	qì	0
𢺷	qí	0
𢺼	jì	0
𢺽	bó	0
𢺿	shī	0
𢻀	fǔ	0
𢻂	guī	0
𢻅	diǎn	0
𢻇	hāo	0
𢻉	gǎi	0
𢻋	qí	0
𢻓	chéng	0
𢻔	huì	0
𢻗	xiá	0
𢻘	shí	0
𢻙	zhì	0
𢻚	qí	0
𢻜	hài	0
𢻟	jiǎo	0
𢻠	lì	0
𢻢	liǎo	0
𢻤	qiāo	0
𢻨	sà	0
𢻪	qī	0
𢻫	shī	0
𢻮	jié	0
𢻵	bèi	0
𢻶	biān	0
𢻷	bā	0
𢻸	jūn	0
𢻹	pī	0
𢻼	dǎn	0
𢻿	táng	0
𢼀	kuǐ	0
𢼁	kū	0
𢼃	kǒu	0
𢼉	shī	0
𢼊	shī	0
𢼋	jī	0
𢼌	bào	0
𢼐	kě	0
𢼑	kuāng	0
𢼖	mǐn	0
𢼙	liáo	0
𢼚	è	0
𢼛	gé	0
𢼟	wǎng	0
𢼠	duó	0
𢼣	qià	0
𢼤	huá	0
𢼦	hǒng	0
𢼩	pēng	0
𢼫	jiào	0
𢼰	qū	0
𢼱	zì	0
𢼲	zhòu	0
𢼳	kuāng	0
𢼵	shā	0
𢼷	jì	0
𢼸	wēi	0
𢼹	pū	0
𢼺	xué	0
𢼼	shāo	0
𢽂	láng	0
𢽃	zhǐ	0
𢽄	tǐng	0
𢽇	dà	0
𢽕	yáng	0
𢽖	jìn	0
𢽗	zhǐ	0
𢽚	zhuó	0
𢽜	zá	0
𢽝	chán	0
𢽢	mào	0
𢽦	kōng	0
𢽧	zhōu	0
𢽨	hū	0
𢽩	pēng	0
𢽭	jiù	0
𢽸	chuò	0
𢽹	mǐn	0
𢽾	xiào	0
𢾀	dǔ	0
𢾁	wéi	0
𢾃	cán	0
𢾄	yú	0
𢾅	dù	0
𢾆	kāi	0
𢾇	pì	0
𢾊	chéng	0
𢾎	chǔn	0
𢾐	shǎo	0
𢾑	yǎn	0
𢾒	kuài	0
𢾔	yuē	0
𢾦	qí	0
𢾧	zhēng	0
𢾩	kè	0
𢾪	qí	0
𢾫	zhǐ	0
𢾬	lù	0
𢾱	pī	0
𢾲	nuò	0
𢾳	pǎo	0
𢾺	fěi	0
𢾿	wén	0
𢿂	méng	0
𢿈	shǎn	0
𢿌	xiòng	0
𢿎	duò	0
𢿏	biào	0
𢿚	yōu	0
𢿜	màn	0
𢿞	liǎo	0
𢿡	xié	0
𢿢	luàn	0
𢿣	qiāo	0
𢿤	dèng	0
𢿦	chéng	0
𢿧	chéng	0
𢿭	chuò	0
𢿸	cè	0
𣀀	léi	0
𣀁	zhǎn	0
𣀂	lǐ	0
𣀃	lián	0
𣀄	qún	0
𣀍	chén	0
𣀏	chéng	0
𣀐	gū	0
𣀒	zòng	0
𣀓	chóu	0
𣀔	chuàn	0
𣀜	lèi	0
𣀝	shuò	0
𣀞	lǜ	0
𣀣	fú	0
𣀥	lì	0
𣀧	sàn	0
𣀫	sān	0
𣀯	sà	0
𣀳	niè	0
𣀶	zuān	0
𣀷	lǐ	0
𣀻	shǔ	0
𣀾	fú	0
𣁉	bì	0
𣁍	dào	0
𣁒	shī	0
𣁖	gàn	0
𣁗	tàn	0
𣁜	màn	0
𣁟	lí	0
𣁢	bì	0
𣁦	pán	0
𣁨	yōu	0
𣁭	jiū	0
𣁯	guō	0
𣁰	liáo	0
𣁳	wò	0
𣁴	qià	0
𣁵	dǒu	0
𣁷	liè	0
𣁹	jiǎo	0
𣁻	liè	0
𣂁	tiāo	0
𣂄	guō	0
𣂆	pāng	0
𣂇	qiāo	0
𣂉	dí	0
𣂊	yùn	0
𣂒	lè	0
𣂖	sī	0
𣂗	xīn	0
𣂜	xīn	0
𣂝	xiàng	0
𣂞	luǒ	0
𣂤	bēng	0
𣂥	tiāo	0
𣂬	xiào	0
𣂮	dōu	0
𣂳	dàng	0
𣂴	tíng	0
𣂵	zhuàn	0
𣂻	ōu	0
𣂽	wò	0
𣃁	zhú	0
𣃄	xīn	0
𣃅	ruǎn	0
𣃈	zhuó	0
𣃉	dàng	0
𣃍	cuì	0
𣃑	zhuó	0
𣃗	cóng	0
𣃘	chǎn	0
𣃝	yǎng	0
𣃧	yǎn	0
𣃳	yǎn	0
𣃵	zhèn	0
𣃽	nuǒ	0
𣃾	yàn	0
𣄅	fǎng	0
𣄉	yǎn	0
𣄊	yú	0
𣄍	tí	0
𣄎	fù	0
𣄏	běn	0
𣄑	yǎn	0
𣄓	huī	0
𣄙	huǎng	0
𣄜	guì	0
𣄝	yàn	0
𣄟	hú	0
𣄠	biāo	0
𣄧	suì	0
𣄮	zì	0
𣄯	jì	0
𣄰	ě	0
𣄱	jì	0
𣄲	kuǐ	0
𣄴	liàng	0
𣄸	huò	0
𣄺	wéi	0
𣄻	zhuō	0
𣄿	tǐng	0
𣅃	zǎi	0
𣅄	yòu	0
𣅉	rèn	0
𣅍	miàn	0
𣅚	nà	0
𣅝	tū	0
𣅟	dān	0
𣅡	jué	0
𣅤	xū	0
𣅥	dī	0
𣅰	xiàng	0
𣅷	xiòng	0
𣅺	yǒu	0
𣅻	guǎ	0
𣅾	xī	0
𣆈	hè	0
𣆍	dǐng	0
𣆐	lú	0
𣆒	xú	0
𣆔	zhòu	0
𣆕	xiàn	0
𣆖	huāng	0
𣆗	chā	0
𣆘	shǐ	0
𣆙	gàn	0
𣆚	nuǒ	0
𣆛	àn	0
𣆟	xiē	0
𣆧	hào	0
𣆲	qīn	0
𣆳	gěng	0
𣆴	shān	0
𣆵	fú	0
𣆽	zè	0
𣇇	dàn	0
𣇖	diǎn	0
𣇗	shēn	0
𣇙	zǔ	0
𣇢	biē	0
𣇦	chuí	0
𣇧	zhè	0
𣇨	dài	0
𣇫	wǒ	0
𣇬	qióng	0
𣇰	lín	0
𣇲	hūn	0
𣇳	jī	0
𣈅	cáo	0
𣈊	mù	0
𣈍	dié	0
𣈎	wèi	0
𣈠	biàn	0
𣈡	tǐ	0
𣈣	yìng	0
𣈥	tú	0
𣈶	gèng	0
𣉄	chí	0
𣉅	còu	0
𣉆	tǐ	0
𣉒	huò	0
𣉓	qī	0
𣉔	sāo	0
𣉕	sàng	0
𣉖	xuǎn	0
𣉗	àng	0
𣉘	nài	0
𣉚	yáng	0
𣉛	shū	0
𣉜	shā	0
𣉡	tǐng	0
𣉩	yà	0
𣉪	huǎng	0
𣉮	bīn	0
𣉼	ài	0
𣉾	òu	0
𣉿	cáo	0
𣊁	áo	0
𣊃	mào	0
𣊔	méng	0
𣊖	tiān	0
𣊝	sàng	0
𣊞	xù	0
𣊟	kàn	0
𣊧	lǎng	0
𣊶	biē	0
𣊷	cóng	0
𣊺	xián	0
𣋄	tūn	0
𣋉	yù	0
𣋊	dàn	0
𣋋	yìng	0
𣋍	zhāo	0
𣋏	pù	0
𣋘	huì	0
𣋞	ài	0
𣋟	mǒ	0
𣋢	jīng	0
𣋣	lán	0
𣋲	liè	0
𣋳	piǎo	0
𣋵	bó	0
𣋶	qióng	0
𣋹	bì	0
𣋿	yōng	0
𣌅	lì	0
𣌍	niè	0
𣌏	dé	0
𣌓	huān	0
𣌗	yuè	0
𣌚	chūn	0
𣌜	lì	0
𣌞	zhāng	0
𣌟	líng	0
𣌠	chún	0
𣌧	cè	0
𣌨	xún	0
𣌬	jǔ	0
𣌭	hui	0
𣌾	tōng	0
𣍆	níng	0
𣍇	jù	0
𣍏	chà	0
𣍖	zāo	0
𣍛	yù	0
𣍟	kěn	0
𣍦	kuàng	0
𣍧	fěi	0
𣍯	yùn	0
𣍰	qiǎn	0
𣍴	quán	0
𣍸	pò	0
𣍺	pěi	0
𣎄	gèng	0
𣎅	yì	0
𣎆	luò	0
𣎑	kuān	0
𣎓	xuǎn	0
𣎔	niàn	0
𣎚	hú	0
𣎛	jú	0
𣎩	yè	0
𣎮	xī	0
𣎱	yuè	0
𣎲	tǎng	0
𣎳	pìn	0
𣎴	dǔn	0
𣎵	bèi	0
𣎸	liǎo	0
𣏀	yǒng	0
𣏎	yā	0
𣏑	jiǎo	0
𣏔	kùn	0
𣏖	zhèn	0
𣏗	shù	0
𣏚	shí	0
𣏞	yóu	0
𣏟	pài	0
𣏠	xiáo	0
𣏡	jí	0
𣏢	tuán	0
𣏶	qī	0
𣏷	hé	0
𣏺	kǒng	0
𣐂	yè	0
𣐃	chì	0
𣐊	kǎo	0
𣐋	yuè	0
𣐎	wǎ	0
𣐏	niǎn	0
𣐑	cí	0
𣐓	yí	0
𣐕	jìng	0
𣐤	jiu	0
𣐫	yāng	0
𣐬	lí	0
𣐮	dāi	0
𣐯	chóng	0
𣐵	yí	0
𣐺	hàn	0
𣐿	yī	0
𣑁	chòng	0
𣑂	hù	0
𣑃	zhuǎ	0
𣑝	tuán	0
𣑦	qióng	0
𣑧	duò	0
𣑸	tóng	0
𣑹	xiān	0
𣑿	fú	0
𣒂	diàn	0
𣒃	xí	0
𣒄	xiē	0
𣒅	zhèn	0
𣒆	qiào	0
𣒇	tū	0
𣒌	guō	0
𣒗	què	0
𣒷	hàn	0
𣒸	kuàng	0
𣒹	suō	0
𣒻	shòu	0
𣒼	tiáo	0
𣓀	zhēn	0
𣓃	nèi	0
𣓅	qiǎn	0
𣓆	yín	0
𣓈	liǎng	0
𣓉	shà	0
𣓊	zì	0
𣓋	pí	0
𣓌	gāo	0
𣓏	jìn	0
𣓐	yóu	0
𣓒	shàn	0
𣓔	mì	0
𣓕	òu	0
𣓗	hū	0
𣓛	yòu	0
𣓝	měng	0
𣓿	lào	0
𣔐	zhǐ	0
𣔓	bǐ	0
𣔗	shēn	0
𣔘	qì	0
𣔙	xiān	0
𣔚	pán	0
𣔛	kǎng	0
𣔫	shuān	0
𣔬	pí	0
𣔮	zāi	0
𣔯	zhǔ	0
𣔱	sōu	0
𣔲	jiǒng	0
𣔵	chán	0
𣔶	fán	0
𣔷	xiáo	0
𣔸	yǐn	0
𣔹	hóu	0
𣔺	mào	0
𣔻	tú	0
𣔼	gān	0
𣔽	jì	0
𣕁	yí	0
𣕃	yù	0
𣕄	jiōng	0
𣕅	pào	0
𣕇	xiāo	0
𣕉	gǒu	0
𣕌	gōu	0
𣕍	sǔn	0
𣕎	xiǎn	0
𣕏	zhuǎn	0
𣕲	héng	0
𣕾	chóu	0
𣖄	qiāo	0
𣖅	tí	0
𣖆	yún	0
𣖉	shān	0
𣖊	liè	0
𣖌	zhǐ	0
𣖐	pāi	0
𣖣	jú	0
𣖤	lái	0
𣖨	zǐ	0
𣖪	qú	0
𣖫	gǔ	0
𣖬	jué	0
𣖭	zhí	0
𣖮	àng	0
𣖯	qìn	0
𣖰	pí	0
𣖱	zuī	0
𣖳	qián	0
𣖵	cuó	0
𣖷	jí	0
𣖸	tí	0
𣖹	rú	0
𣖻	hǎi	0
𣖼	xún	0
𣖾	bèi	0
𣖿	zhí	0
𣗁	dùn	0
𣗊	mán	0
𣗋	dǎng	0
𣗐	réng	0
𣗲	gān	0
𣗵	gàng	0
𣗶	tà	0
𣗸	tuò	0
𣗹	yàng	0
𣗺	kū	0
𣗻	zhì	0
𣘐	jí	0
𣘖	jiān	0
𣘗	nì	0
𣘘	shēn	0
𣘙	bàng	0
𣘚	shuài	0
𣘛	dōu	0
𣘝	qiān	0
𣘞	hán	0
𣘟	qiā	0
𣘠	gǎn	0
𣘣	chún	0
𣘤	chá	0
𣘥	bì	0
𣘦	yī	0
𣘧	fū	0
𣘨	ě	0
𣘪	láo	0
𣘫	háo	0
𣘬	lí	0
𣘱	tè	0
𣘲	shēn	0
𣘴	yín	0
𣘷	jiān	0
𣘻	chá	0
𣙗	niè	0
𣙘	còu	0
𣙛	yí	0
𣙟	táng	0
𣙢	juàn	0
𣙰	chì	0
𣙱	gǒu	0
𣙴	jié	0
𣙵	zhé	0
𣙶	hú	0
𣙷	máng	0
𣙻	zōu	0
𣙼	sì	0
𣙿	fèi	0
𣚀	zī	0
𣚁	zī	0
𣚃	jié	0
𣚄	sī	0
𣚆	chūn	0
𣚇	pào	0
𣚋	yé	0
𣚌	dī	0
𣚎	léi	0
𣚏	xū	0
𣚐	rú	0
𣚒	pá	0
𣚓	juàn	0
𣚔	xì	0
𣚕	yè	0
𣚖	ān	0
𣚘	yì	0
𣚙	jiān	0
𣚚	zhú	0
𣚜	sōng	0
𣚝	wǒ	0
𣚟	sè	0
𣚠	zhǐ	0
𣚡	bī	0
𣚢	zhuàn	0
𣚦	jiàng	0
𣚧	hào	0
𣚩	chì	0
𣚪	dùn	0
𣛓	bó	0
𣛔	jí	0
𣛕	chuǎ	0
𣛗	luò	0
𣛚	ruǐ	0
𣛫	hú	0
𣛱	dàn	0
𣛴	hǎn	0
𣛵	què	0
𣛶	shā	0
𣛷	zhǎn	0
𣛸	zé	0
𣛹	chuán	0
𣛺	qī	0
𣛻	dié	0
𣛽	zhà	0
𣛾	tòu	0
𣜁	cī	0
𣜂	sà	0
𣜄	luó	0
𣜇	jí	0
𣜢	luǒ	0
𣜣	qín	0
𣜧	qióng	0
𣜨	juàn	0
𣜬	ài	0
𣜭	jiǎn	0
𣜹	tì	0
𣜺	wén	0
𣜽	qiāo	0
𣝁	pái	0
𣝂	hún	0
𣝅	ài	0
𣝇	shuò	0
𣝈	lián	0
𣝉	duì	0
𣝋	tà	0
𣝌	jǐn	0
𣝍	bì	0
𣝎	yǎn	0
𣝏	gào	0
𣝐	piáo	0
𣝑	yù	0
𣝒	shè	0
𣝕	jiān	0
𣝗	hú	0
𣝚	liè	0
𣝜	biàn	0
𣝝	sù	0
𣝞	jiāo	0
𣝸	zhuì	0
𣝽	hān	0
𣞇	dùn	0
𣞐	xiě	0
𣞑	méng	0
𣞒	fū	0
𣞓	lù	0
𣞔	tàn	0
𣞗	liú	0
𣞘	xiān	0
𣞙	sǎng	0
𣞜	còu	0
𣞝	zhuāng	0
𣞟	chēn	0
𣞰	liàn	0
𣞴	lí	0
𣟀	pèng	0
𣟁	tuǒ	0
𣟄	tuò	0
𣟆	liáo	0
𣟇	xiào	0
𣟈	chuì	0
𣟉	huài	0
𣟊	niǎo	0
𣟋	qiān	0
𣟌	lì	0
𣟏	pāo	0
𣟐	tiáo	0
𣟑	liú	0
𣟒	wú	0
𣟤	yǐng	0
𣟦	zhá	0
𣟰	yú	0
𣟲	xiǎn	0
𣟳	xuán	0
𣟴	shuān	0
𣟵	xī	0
𣟸	méi	0
𣟹	sēn	0
𣟺	liàn	0
𣟼	jiū	0
𣟽	lào	0
𣠎	xiāo	0
𣠏	zōu	0
𣠚	liú	0
𣠜	zhào	0
𣠞	zhé	0
𣠠	lěi	0
𣠭	duǎn	0
𣠷	jiǎn	0
𣠸	shuān	0
𣠹	zuó	0
𣠺	qiè	0
𣠼	lǎo	0
𣡉	yù	0
𣡊	yì	0
𣡋	nǐ	0
𣡎	cén	0
𣡕	yàn	0
𣡗	ruǎn	0
𣡞	yán	0
𣡟	dié	0
𣡠	mián	0
𣡧	léi	0
𣡩	wān	0
𣡰	nǎ	0
𣡶	yán	0
𣡺	lěi	0
𣡽	shā	0
𣡾	hū	0
𣢁	xī	0
𣢂	xī	0
𣢄	yǒu	0
𣢅	hān	0
𣢇	hāi	0
𣢉	wā	0
𣢊	xù	0
𣢋	pī	0
𣢌	tān	0
𣢍	xī	0
𣢎	xī	0
𣢏	bīn	0
𣢐	qīn	0
𣢑	xī	0
𣢒	yú	0
𣢓	xì	0
𣢕	cì	0
𣢖	qiàn	0
𣢗	xiā	0
𣢚	wá	0
𣢛	è	0
𣢜	yǒu	0
𣢝	xìng	0
𣢞	ní	0
𣢟	hán	0
𣢠	bì	0
𣢡	shēng	0
𣢤	zhān	0
𣢥	diàn	0
𣢦	yǔ	0
𣢨	ǒu	0
𣢪	guǐ	0
𣢫	wǎng	0
𣢬	qiān	0
𣢭	yí	0
𣢰	zú	0
𣢲	qiān	0
𣢳	dìng	0
𣢴	kēng	0
𣢶	chù	0
𣢷	yī	0
𣢺	hān	0
𣢻	kuǎn	0
𣣈	diàn	0
𣣉	xì	0
𣣊	zī	0
𣣋	líng	0
𣣌	zì	0
𣣎	yù	0
𣣏	hūn	0
𣣑	sǐ	0
𣣒	kǎn	0
𣣚	àn	0
𣣜	yǒu	0
𣣝	jí	0
𣣞	hùn	0
𣣟	qiā	0
𣣠	hóu	0
𣣡	hóu	0
𣣣	diàn	0
𣣩	xiē	0
𣣭	shè	0
𣣮	shà	0
𣣲	xié	0
𣣳	yáo	0
𣣴	dà	0
𣣶	xiè	0
𣣷	chī	0
𣣸	yǒu	0
𣣹	hē	0
𣣺	shà	0
𣣿	tái	0
𣤁	zhú	0
𣤃	ǎi	0
𣤇	què	0
𣤈	zé	0
𣤊	lā	0
𣤋	lòu	0
𣤌	chuài	0
𣤎	yǒu	0
𣤖	tì	0
𣤘	shī	0
𣤡	xiào	0
𣤢	xì	0
𣤨	huò	0
𣤩	chì	0
𣤪	yì	0
𣤯	shú	0
𣤰	yuè	0
𣤱	chán	0
𣤲	è	0
𣤳	xī	0
𣤴	xī	0
𣤵	yǐng	0
𣤶	zú	0
𣤷	zā	0
𣤺	zā	0
𣥂	tà	0
𣥃	wàn	0
𣥇	xìn	0
𣥊	wàng	0
𣥋	fǔ	0
𣥐	lǔ	0
𣥞	jiǎn	0
𣥡	yán	0
𣥣	bì	0
𣥤	kěn	0
𣥥	guàn	0
𣥨	zī	0
𣥮	kuǐ	0
𣥯	zhǒu	0
𣥰	zhì	0
𣥳	tú	0
𣥷	tà	0
𣥹	chù	0
𣥺	chēng	0
𣥻	chěng	0
𣥼	zhù	0
𣥾	dà	0
𣦇	bì	0
𣦉	jiǎ	0
𣦌	yì	0
𣦏	yuè	0
𣦐	gāng	0
𣦖	gān	0
𣦜	qiāo	0
𣦠	chú	0
𣦡	chú	0
𣦢	bì	0
𣦦	guì	0
𣦩	gǔ	0
𣦪	bǐng	0
𣦫	yìn	0
𣦬	zhuì	0
𣦭	gǔ	0
𣦯	lì	0
𣦵	è	0
𣦶	dǎi	0
𣦼	cán	0
𣧂	tì	0
𣧃	dù	0
𣧄	yì	0
𣧈	dié	0
𣧊	niǔ	0
𣧌	xuè	0
𣧍	nè	0
𣧎	guì	0
𣧏	kǎo	0
𣧒	chuǎn	0
𣧖	zhá	0
𣧗	yóu	0
𣧙	bài	0
𣧚	shí	0
𣧛	diàn	0
𣧜	pā	0
𣧝	qiú	0
𣧡	xuè	0
𣧣	mò	0
𣧤	kē	0
𣧥	yǒu	0
𣧦	jiǎo	0
𣧧	bó	0
𣧬	xiǔ	0
𣧲	mǐ	0
𣧳	luò	0
𣧵	xuè	0
𣧷	duò	0
𣧹	èr	0
𣧺	shān	0
𣧼	kuì	0
𣧽	nào	0
𣧾	miǎn	0
𣧿	lì	0
𣨀	luàn	0
𣨂	dié	0
𣨄	qià	0
𣨅	lèi	0
𣨇	mào	0
𣨉	hēng	0
𣨊	chè	0
𣨋	zhì	0
𣨍	gǔ	0
𣨎	cuō	0
𣨓	wù	0
𣨔	tào	0
𣨗	xī	0
𣨘	yāo	0
𣨙	wěi	0
𣨛	zú	0
𣨜	mà	0
𣨝	yǔ	0
𣨞	pěng	0
𣨟	yì	0
𣨠	qìn	0
𣨡	yuè	0
𣨢	juè	0
𣨣	jiàng	0
𣨤	xù	0
𣨥	bēng	0
𣨪	luǒ	0
𣨫	zhuī	0
𣨲	dù	0
𣨳	xiàng	0
𣨶	huì	0
𣨺	gǔ	0
𣨻	kǎo	0
𣨼	tì	0
𣨾	xīng	0
𣨿	hún	0
𣩀	biān	0
𣩄	kè	0
𣩅	kǎo	0
𣩈	cuó	0
𣩏	lù	0
𣩑	zuì	0
𣩒	zāo	0
𣩓	jiǎo	0
𣩔	guàn	0
𣩙	yān	0
𣩚	ér	0
𣩜	qíng	0
𣩟	dèng	0
𣩠	sì	0
𣩡	suì	0
𣩢	liào	0
𣩧	shàn	0
𣩩	bì	0
𣩪	wèi	0
𣩫	yè	0
𣩭	zhài	0
𣩯	yé	0
𣩰	diào	0
𣩱	ài	0
𣩴	jiàng	0
𣩷	sū	0
𣩹	huài	0
𣩺	yù	0
𣩽	rǎng	0
𣪀	diān	0
𣪁	zuān	0
𣪂	bān	0
𣪄	qín	0
𣪇	jiā	0
𣪉	pí	0
𣪌	tóu	0
𣪐	chóu	0
𣪕	guǐ	0
𣪠	jī	0
𣪨	xuè	0
𣪪	diàn	0
𣪭	biàn	0
𣪮	zǎi	0
𣪯	tóng	0
𣪶	shǎn	0
𣪸	gù	0
𣪹	què	0
𣫀	gǔ	0
𣫈	hú	0
𣫉	kuǎi	0
𣫌	gòu	0
𣫎	sù	0
𣫐	chóu	0
𣫒	kēng	0
𣫔	dū	0
𣫙	yì	0
𣫜	dào	0
𣫝	qiāng	0
𣫣	lóng	0
𣫥	lí	0
𣫧	lì	0
𣫨	qīng	0
𣫪	wēi	0
𣫬	móu	0
𣫱	qì	0
𣫳	jiǎng	0
𣫴	xié	0
𣫹	dài	0
𣫻	lóu	0
𣬂	guàn	0
𣬆	péi	0
𣬉	pí	0
𣬋	juàn	0
𣬍	bēi	0
𣬎	jué	0
𣬏	juàn	0
𣬐	shì	0
𣬕	xiě	0
𣬘	ruí	0
𣬙	jìng	0
𣬚	pò	0
𣬛	sān	0
𣬠	jī	0
𣬩	fēn	0
𣬪	bèi	0
𣬫	jiè	0
𣬬	sā	0
𣬮	pī	0
𣬴	dì	0
𣬵	máo	0
𣬶	ba	0
𣬷	ba	0
𣬸	tiáo	0
𣬹	líng	0
𣬺	shēng	0
𣬻	zhěn	0
𣬼	pī	0
𣬽	wù	0
𣬿	zè	0
𣭀	bào	0
𣭇	lǚ	0
𣭖	hāo	0
𣭗	dǒu	0
𣭘	fú	0
𣭙	ní	0
𣭝	gé	0
𣭠	rú	0
𣭡	xiǎn	0
𣭤	bì	0
𣭮	máo	0
𣭲	rǒng	0
𣭳	qiú	0
𣭷	bó	0
𣭹	hāo	0
𣭺	nǎo	0
𣭻	yán	0
𣮃	páo	0
𣮄	suī	0
𣮆	tuò	0
𣮈	qū	0
𣮉	lí	0
𣮊	dé	0
𣮌	jié	0
𣮍	jié	0
𣮎	gǔn	0
𣮏	jiān	0
𣮐	bì	0
𣮠	sàn	0
𣮡	bāng	0
𣮢	chún	0
𣮦	nài	0
𣮧	bǎng	0
𣮪	róng	0
𣮫	jiā	0
𣮬	sōu	0
𣮰	dé	0
𣮾	xiān	0
𣮿	zhān	0
𣯀	mào	0
𣯃	zī	0
𣯅	jì	0
𣯆	qí	0
𣯋	rù	0
𣯌	suō	0
𣯍	rǒng	0
𣯎	wù	0
𣯏	róng	0
𣯐	róng	0
𣯚	tà	0
𣯜	sōu	0
𣯣	mén	0
𣯤	lí	0
𣯧	cuǐ	0
𣯨	zōng	0
𣯩	mén	0
𣯪	xǐ	0
𣯬	mǎng	0
𣯭	niè	0
𣯯	suī	0
𣯱	péi	0
𣯴	bì	0
𣯵	dì	0
𣯶	sān	0
𣯸	qú	0
𣯹	qiáo	0
𣯻	fēn	0
𣯼	sù	0
𣰃	xū	0
𣰇	rǒng	0
𣰈	jī	0
𣰋	qú	0
𣰌	liè	0
𣰕	sào	0
𣰘	kùn	0
𣰚	cuì	0
𣰛	yè	0
𣰜	bìng	0
𣰞	jié	0
𣰠	qú	0
𣰡	qú	0
𣰥	méng	0
𣰦	rán	0
𣰨	bīn	0
𣰩	cháo	0
𣰬	dú	0
𣰶	ráng	0
𣰷	xiān	0
𣰺	táo	0
𣰻	qú	0
𣰼	niè	0
𣰿	shū	0
𣱀	lǔ	0
𣱂	kùn	0
𣱈	mín	0
𣱉	mǐn	0
𣱍	dàn	0
𣱐	yìn	0
𣱓	xiào	0
𣱗	jì	0
𣱜	yīn	0
𣱝	dōng	0
𣱦	fēn	0
𣱧	zhòng	0
𣱫	gǔ	0
𣱱	chá	0
𣱳	liú	0
𣱶	bǔ	0
𣱺	pā	0
𣱻	sì	0
𣱼	dāo	0
𣱽	zhěn	0
𣲀	shān	0
𣲂	chuǎi	0
𣲄	jiǔ	0
𣲊	kè	0
𣲋	chí	0
𣲑	hù	0
𣲒	lì	0
𣲓	shā	0
𣲖	pài	0
𣲗	wéi	0
𣲘	wǔ	0
𣲜	yíng	0
𣲡	shā	0
𣲢	dī	0
𣲥	dān	0
𣲱	tū	0
𣲲	hé	0
𣲳	pǒ	0
𣲵	zhǐ	0
𣲶	niǔ	0
𣲷	nì	0
𣲽	rǒng	0
𣲾	guài	0
𣳀	zhí	0
𣳃	jí	0
𣳆	píng	0
𣳜	fàn	0
𣳟	jié	0
𣳠	hǎi	0
𣳤	zhàn	0
𣳦	xì	0
𣳩	zī	0
𣳬	xí	0
𣳭	piào	0
𣳰	bēn	0
𣳲	jiǎn	0
𣴓	jiàn	0
𣴖	zá	0
𣴞	bèn	0
𣴟	mào	0
𣴢	zào	0
𣴣	zhuàng	0
𣴥	kuáng	0
𣴨	bí	0
𣴪	pài	0
𣴼	mào	0
𣴽	tàn	0
𣵞	tǔn	0
𣵟	luǒ	0
𣵢	tān	0
𣵱	án	0
𣵷	hán	0
𣵸	zhú	0
𣵺	duò	0
𣵻	duò	0
𣵼	gàn	0
𣶆	qiòng	0
𣶈	wǎng	0
𣶊	mò	0
𣶋	zhè	0
𣶌	wěn	0
𣶍	zhuàng	0
𣶏	jiē	0
𣶐	pào	0
𣶘	sù	0
𣶝	jù	0
𣶠	qī	0
𣶡	càn	0
𣶣	tuán	0
𣶤	shā	0
𣶦	tuó	0
𣶩	huà	0
𣶫	yì	0
𣷠	mín	0
𣷡	zhōng	0
𣷥	shuò	0
𣷩	yì	0
𣷪	wǎng	0
𣷫	áo	0
𣷶	sǔ	0
𣷾	guǐ	0
𣷿	tuǒ	0
𣸀	huǐ	0
𣸃	xù	0
𣸄	zǎn	0
𣸆	zǐ	0
𣸇	biàn	0
𣸉	dá	0
𣸊	yīn	0
𣸋	quǎn	0
𣸎	huài	0
𣸏	ná	0
𣸐	zá	0
𣸒	tí	0
𣸘	yí	0
𣸙	tān	0
𣸚	shé	0
𣸛	shuò	0
𣸝	xíng	0
𣸠	yǒu	0
𣸣	fén	0
𣹇	kè	0
𣹋	fú	0
𣹒	mǐn	0
𣹚	pì	0
𣹜	jí	0
𣹝	qiào	0
𣹞	zhǒng	0
𣹟	gàn	0
𣹠	yuān	0
𣹡	chí	0
𣹥	qiàn	0
𣹧	zuó	0
𣹩	xié	0
𣹪	máo	0
𣹬	hú	0
𣹮	pì	0
𣹯	xùn	0
𣹱	xiá	0
𣹲	tí	0
𣹵	nà	0
𣹶	chuǎ	0
𣺀	wǔ	0
𣺬	huāng	0
𣺭	xuè	0
𣺮	tào	0
𣺰	qiào	0
𣺳	jiāo	0
𣺼	dǎng	0
𣺽	bài	0
𣻍	dàng	0
𣻎	kòu	0
𣻐	jū	0
𣻑	shā	0
𣻒	jīng	0
𣻕	mó	0
𣻖	nóu	0
𣻘	shuò	0
𣻚	shù	0
𣻛	zhuāng	0
𣻜	fú	0
𣻟	zāng	0
𣻠	xié	0
𣻡	làng	0
𣻢	tōng	0
𣻩	zhé	0
𣻬	càn	0
𣻮	yuè	0
𣻱	zhòu	0
𣼚	tān	0
𣼞	yán	0
𣼟	lù	0
𣼠	yǎn	0
𣼦	zé	0
𣼧	shuài	0
𣽅	guō	0
𣽆	zhú	0
𣽈	rú	0
𣽉	rú	0
𣽌	kǎn	0
𣽍	jì	0
𣽎	gāo	0
𣽒	xiè	0
𣽕	òu	0
𣽖	jiān	0
𣽚	zhí	0
𣽛	zhá	0
𣽝	hǒng	0
𣽟	kuǎn	0
𣽡	bó	0
𣽤	sè	0
𣽥	àn	0
𣽦	jiàn	0
𣽨	téng	0
𣽫	sōng	0
𣽭	mèng	0
𣽮	yín	0
𣽯	tān	0
𣽰	guō	0
𣽳	ruán	0
𣽴	wèi	0
𣽷	sì	0
𣾍	lián	0
𣾤	qì	0
𣾦	zhǎng	0
𣿅	dǒng	0
𣿆	fú	0
𣿇	shěn	0
𣿈	sù	0
𣿉	yì	0
𣿊	liàn	0
𣿌	hé	0
𣿎	zhēn	0
𣿐	zé	0
𣿒	cuǐ	0
𣿓	cuǐ	0
𣿝	fèng	0
𣿞	lǐ	0
𣿟	kòu	0
𣿣	xiào	0
𣿤	yǒu	0
𤀃	háo	0
𤀉	hàn	0
𤀊	kěn	0
𤀝	yù	0
𤀣	huǎn	0
𤀤	suō	0
𤀦	là	0
𤀨	dòu	0
𤀩	jiàn	0
𤀪	pō	0
𤀫	biǎn	0
𤀰	xuè	0
𤀲	biàn	0
𤀷	wèi	0
𤁡	dàn	0
𤁢	jié	0
𤁣	bài	0
𤁥	niǎn	0
𤁦	xiàn	0
𤁧	sè	0
𤁪	huá	0
𤁫	chuā	0
𤁮	òu	0
𤁯	liè	0
𤁰	dí	0
𤁱	cài	0
𤁳	zhá	0
𤁵	lǘ	0
𤁹	huò	0
𤁼	lì	0
𤁽	yǐng	0
𤁿	wěi	0
𤂀	bì	0
𤂁	guó	0
𤂃	pì	0
𤂆	biāo	0
𤂠	yǎn	0
𤂤	zhuàn	0
𤂲	hóng	0
𤂶	lìn	0
𤂷	è	0
𤂹	yǐn	0
𤂺	làn	0
𤂼	yào	0
𤂿	xuàn	0
𤃀	lì	0
𤃨	làn	0
𤃩	líng	0
𤃪	xī	0
𤃫	hōng	0
𤃭	jiǎo	0
𤃮	zhuó	0
𤃲	zhí	0
𤃵	bó	0
𤃶	tēng	0
𤃷	ǎn	0
𤃺	xún	0
𤃻	lěi	0
𤃼	zāng	0
𤃽	huǐ	0
𤄎	xì	0
𤄏	hóng	0
𤄑	fàn	0
𤄒	jiǎn	0
𤄓	cóng	0
𤄔	zá	0
𤄖	cā	0
𤄘	yōu	0
𤄛	duì	0
𤄜	pān	0
𤄥	tà	0
𤄧	pàn	0
𤄫	fān	0
𤄬	xī	0
𤄶	yào	0
𤄷	luó	0
𤄺	biān	0
𤄼	jìn	0
𤄽	lì	0
𤅊	yàn	0
𤅋	dòu	0
𤅎	màn	0
𤅐	gōng	0
𤅑	rǎng	0
𤅒	càn	0
𤅣	mén	0
𤅱	gǔ	0
𤅲	shuàn	0
𤅸	yán	0
𤅹	bì	0
𤆀	biāo	0
𤆁	chéng	0
𤆂	kuì	0
𤆄	huǒ	0
𤆍	chì	0
𤆏	wò	0
𤆑	còu	0
𤆒	zhì	0
𤆙	shuǐ	0
𤆜	guà	0
𤆝	pū	0
𤆞	xù	0
𤆟	sī	0
𤆡	wǔ	0
𤆢	lún	0
𤆮	fū	0
𤆰	shì	0
𤆳	huì	0
𤆴	huāng	0
𤆵	pā	0
𤆼	zhǔ	0
𤆾	yí	0
𤇃	lì	0
𤇄	shǎn	0
𤇜	mín	0
𤇞	gē	0
𤇠	hū	0
𤇭	lóng	0
𤇯	ēn	0
𤇰	fá	0
𤇳	xù	0
𤇴	yí	0
𤇾	yíng	0
𤈔	chí	0
𤈙	yí	0
𤈥	dí	0
𤈦	huǐ	0
𤈧	hé	0
𤈩	zhǎ	0
𤈶	yún	0
𤈷	xiān	0
𤉌	xián	0
𤉍	lào	0
𤉎	shào	0
𤉏	shì	0
𤉐	zhuó	0
𤉤	biē	0
𤉥	jiǔ	0
𤉦	wō	0
𤉧	jiǎo	0
𤉨	fú	0
𤉪	xiāng	0
𤉫	kài	0
𤊲	nǎo	0
𤊴	huò	0
𤊵	jí	0
𤊶	là	0
𤊻	fōu	0
𤊼	shǎn	0
𤊽	liào	0
𤊾	miè	0
𤊿	chè	0
𤋂	mó	0
𤋏	lóu	0
𤋨	duò	0
𤋫	nǎo	0
𤋭	jī	0
𤋰	zhù	0
𤌂	sù	0
𤌃	duò	0
𤌇	jiǒng	0
𤌊	zǎi	0
𤌋	huǐ	0
𤌌	yǐng	0
𤌍	hú	0
𤌎	lìn	0
𤌏	wěng	0
𤌐	hàn	0
𤌔	nán	0
𤌷	xì	0
𤌹	gàn	0
𤌾	hè	0
𤌿	jī	0
𤍀	xiǎng	0
𤍁	shā	0
𤍐	tuì	0
𤍒	zhāo	0
𤍓	shù	0
𤍕	yǒu	0
𤍖	jiān	0
𤍜	zào	0
𤍠	rè	0
𤍤	zhāng	0
𤍽	ruò	0
𤎄	yān	0
𤎋	cuì	0
𤎗	jí	0
𤎘	shāng	0
𤎣	è	0
𤎤	láo	0
𤎥	tǎn	0
𤎧	zhù	0
𤎭	lǐn	0
𤎯	zēng	0
𤎱	juǎn	0
𤎲	hū	0
𤎻	xiāo	0
𤏗	shěn	0
𤏘	huò	0
𤏜	kuì	0
𤏱	chù	0
𤏲	zhòu	0
𤏶	āo	0
𤏸	zhuó	0
𤏽	xīng	0
𤏿	miè	0
𤐀	hū	0
𤐔	tán	0
𤐙	bì	0
𤐣	dǐng	0
𤐩	kài	0
𤐫	biāo	0
𤐰	huò	0
𤐱	liè	0
𤐲	cuàn	0
𤑃	xiàn	0
𤑄	rè	0
𤑓	yuè	0
𤑕	xūn	0
𤑗	liǎo	0
𤑣	shā	0
𤑦	shì	0
𤑪	xiè	0
𤑳	xiāo	0
𤑷	yé	0
𤑸	lǎn	0
𤑹	yì	0
𤑿	liǎn	0
𤒔	bó	0
𤒕	cāo	0
𤒝	yào	0
𤒦	liàn	0
𤒻	tà	0
𤓑	jì	0
𤓔	xī	0
𤓕	zhì	0
𤓚	xī	0
𤓝	yuè	0
𤓤	xiǎn	0
𤓦	zhuò	0
𤓯	zhǎng	0
𤓵	zǔ	0
𤓷	ná	0
𤓾	dào	0
𤓿	liè	0
𤔀	ná	0
𤔉	páo	0
𤔋	jù	0
𤔔	luàn	0
𤔖	luǒ	0
𤔙	shuǎ	0
𤔚	shàng	0
𤔝	luǒ	0
𤔟	fēn	0
𤔣	bào	0
𤔨	lì	0
𤔫	xiòng	0
𤔶	dāng	0
𤕀	chèng	0
𤕄	zhǎng	0
𤕇	sǒu	0
𤕊	shén	0
𤕒	gě	0
𤕘	yū	0
𤕚	huī	0
𤕛	chè	0
𤕝	jiào	0
𤕞	zhù	0
𤕟	shū	0
𤕢	xiáo	0
𤕦	níng	0
𤕭	jiāng	0
𤕯	jiāng	0
𤕷	diào	0
𤕽	qiáng	0
𤕾	qiú	0
𤖀	fēng	0
𤖆	zhàn	0
𤖇	kē	0
𤖒	dié	0
𤖓	zé	0
𤖖	guāng	0
𤖗	sè	0
𤖘	fèn	0
𤖛	jiǎng	0
𤖝	yán	0
𤖞	zhì	0
𤖢	lì	0
𤖦	líng	0
𤖪	yí	0
𤖬	qǔ	0
𤖭	pán	0
𤖮	gōu	0
𤖰	jiǎ	0
𤖱	hé	0
𤖳	pèng	0
𤖵	jù	0
𤖷	chè	0
𤖺	liè	0
𤖻	shì	0
𤖼	pò	0
𤖽	xiàng	0
𤖿	pì	0
𤗀	luǒ	0
𤗁	cù	0
𤗃	yǔ	0
𤗇	kòng	0
𤗈	xiè	0
𤗍	wǎn	0
𤗎	yǎn	0
𤗏	péi	0
𤗓	chéng	0
𤗘	tí	0
𤗙	chè	0
𤗚	bì	0
𤗛	liàn	0
𤗜	jiǎ	0
𤗞	tíng	0
𤗢	tī	0
𤗨	dié	0
𤗪	shù	0
𤗫	lí	0
𤗬	lǘ	0
𤗭	xià	0
𤗯	cuī	0
𤗳	bō	0
𤗴	tuí	0
𤗵	pú	0
𤗷	lìn	0
𤗸	fèn	0
𤗺	bó	0
𤗻	chàn	0
𤗾	dāng	0
𤗿	tǎi	0
𤘀	dào	0
𤘃	lì	0
𤘅	yá	0
𤘆	yá	0
𤘇	zhān	0
𤘊	yí	0
𤘌	qī	0
𤘔	hù	0
𤘖	tīng	0
𤘘	kǒu	0
𤘛	chún	0
𤘜	yóu	0
𤘝	fèn	0
𤘟	nuó	0
𤘠	tiàn	0
𤘡	jìn	0
𤘢	pí	0
𤘣	chén	0
𤘤	pì	0
𤘦	jiè	0
𤘧	guǐ	0
𤘲	zhuàng	0
𤘵	hú	0
𤘶	chǒu	0
𤘷	shù	0
𤘸	tāo	0
𤘹	pí	0
𤘺	rǒng	0
𤘻	rǒng	0
𤘽	hǒu	0
𤘾	pēng	0
𤙅	bài	0
𤙇	xiá	0
𤙋	qǐn	0
𤙌	nǐ	0
𤙎	tāo	0
𤙏	qù	0
𤙒	xié	0
𤙔	zhào	0
𤙕	huā	0
𤙖	xīn	0
𤙘	shōu	0
𤙛	tú	0
𤙝	liáng	0
𤙞	bì	0
𤙟	chū	0
𤙡	xīng	0
𤙣	xīn	0
𤙤	fū	0
𤙩	jiè	0
𤙭	fǔ	0
𤙯	láo	0
𤙰	tè	0
𤙱	shè	0
𤙴	chāo	0
𤙵	chuī	0
𤙼	rán	0
𤙽	hǒu	0
𤙾	bēng	0
𤚀	cǎi	0
𤚅	mú	0
𤚉	xū	0
𤚊	dié	0
𤚍	chǎn	0
𤚎	yú	0
𤚏	zhòng	0
𤚓	lí	0
𤚔	shōu	0
𤚚	dú	0
𤚜	māo	0
𤚝	huáng	0
𤚟	táo	0
𤚡	dù	0
𤚢	tí	0
𤚣	shēng	0
𤚤	méi	0
𤚨	zhēn	0
𤚩	qín	0
𤚪	pì	0
𤚫	táng	0
𤚬	cāng	0
𤚭	yáo	0
𤚯	xiù	0
𤚰	bāng	0
𤚱	gǔ	0
𤚵	bù	0
𤚼	gòu	0
𤚽	bó	0
𤛁	wèn	0
𤛄	jì	0
𤛊	lā	0
𤛍	cuī	0
𤛎	mǐn	0
𤛏	cǔ	0
𤛐	ōu	0
𤛑	yōng	0
𤛖	máo	0
𤛗	kè	0
𤛘	māng	0
𤛙	dǐng	0
𤛚	huān	0
𤛛	duǒ	0
𤛜	jiāng	0
𤛝	sù	0
𤛢	céng	0
𤛣	tà	0
𤛥	huáng	0
𤛦	jué	0
𤛧	xún	0
𤛪	xiòng	0
𤛬	mì	0
𤛭	qún	0
𤛮	láo	0
𤛱	zhì	0
𤛲	wěi	0
𤛷	sè	0
𤛻	zāng	0
𤜁	ǎn	0
𤜂	wèi	0
𤜄	huái	0
𤜇	zhàn	0
𤜉	yīng	0
𤜊	gē	0
𤜋	huì	0
𤜍	quán	0
𤜓	liè	0
𤜔	jú	0
𤜕	bà	0
𤜖	léi	0
𤜘	mán	0
𤜙	líng	0
𤜜	lì	0
𤜝	jǐ	0
𤜡	huí	0
𤜢	xìn	0
𤜣	shì	0
𤜤	zhé	0
𤜧	bō	0
𤜫	chā	0
𤜯	chā	0
𤜰	jīng	0
𤜱	bā	0
𤜲	bèi	0
𤜵	yàn	0
𤜷	hù	0
𤜹	yú	0
𤜻	bì	0
𤜼	chuán	0
𤜾	jǐ	0
𤝂	mù	0
𤝄	máo	0
𤝅	zhōng	0
𤝇	yè	0
𤝈	dōu	0
𤝉	yě	0
𤝍	rì	0
𤝎	yīn	0
𤝐	hào	0
𤝒	nà	0
𤝓	tiè	0
𤝔	fù	0
𤝕	mǔ	0
𤝖	zǎi	0
𤝘	hú	0
𤝚	chēn	0
𤝛	tuó	0
𤝞	chù	0
𤝟	fú	0
𤝢	zé	0
𤝧	bào	0
𤝬	dǐ	0
𤝭	cǎi	0
𤝮	lù	0
𤝯	pǒ	0
𤝰	dá	0
𤝱	yè	0
𤝳	yǐ	0
𤝷	xiáng	0
𤝸	bī	0
𤝹	zhū	0
𤝻	yí	0
𤝽	lǜ	0
𤝿	kuāng	0
𤞂	zhì	0
𤞃	huì	0
𤞇	wá	0
𤞈	dī	0
𤞉	shù	0
𤞊	liè	0
𤞋	zǎo	0
𤞌	zhì	0
𤞍	náo	0
𤞗	chái	0
𤞚	xiāo	0
𤞛	zàng	0
𤞞	yù	0
𤞟	dòu	0
𤞠	chà	0
𤞡	xié	0
𤞢	yáng	0
𤞤	xiǎn	0
𤞥	bǎo	0
𤞮	zhài	0
𤞰	qiú	0
𤞲	hú	0
𤞳	zài	0
𤞴	jué	0
𤞶	hān	0
𤞿	àn	0
𤟀	zào	0
𤟃	shà	0
𤟅	xiàn	0
𤟆	chǐ	0
𤟇	yǎn	0
𤟉	àn	0
𤟍	zhé	0
𤟎	jué	0
𤟑	lì	0
𤟓	lè	0
𤟖	cǎi	0
𤟘	lù	0
𤟚	jiā	0
𤟝	xià	0
𤟞	xiào	0
𤟟	yān	0
𤟠	xū	0
𤟢	dùn	0
𤟣	yíng	0
𤟤	huī	0
𤟥	tí	0
𤟦	nóu	0
𤟧	xǐ	0
𤟪	tú	0
𤟷	wāi	0
𤟸	chēn	0
𤟼	hōng	0
𤟾	tí	0
𤟿	xuān	0
𤠀	zá	0
𤠇	gé	0
𤠋	lóu	0
𤠌	chái	0
𤠍	pán	0
𤠎	jí	0
𤠐	tà	0
𤠓	xī	0
𤠖	xiāo	0
𤠘	sāo	0
𤠙	jiā	0
𤠚	sù	0
𤠛	huāng	0
𤠝	cuō	0
𤠟	tà	0
𤠠	shuāi	0
𤠪	fú	0
𤠫	lì	0
𤠭	shè	0
𤠯	táng	0
𤠶	diān	0
𤠺	bì	0
𤠼	gòu	0
𤠽	cù	0
𤠿	qiān	0
𤡂	léi	0
𤡃	sù	0
𤡆	zòng	0
𤡇	hāo	0
𤡏	chì	0
𤡐	cáo	0
𤡓	wò	0
𤡔	xiāo	0
𤡕	liè	0
𤡖	yán	0
𤡝	bì	0
𤡟	huàn	0
𤡡	xī	0
𤡢	chī	0
𤡣	xū	0
𤡤	náo	0
𤡥	yán	0
𤡧	xiè	0
𤡨	zhá	0
𤡪	suì	0
𤡬	xì	0
𤡭	bēng	0
𤡮	rán	0
𤡯	shuò	0
𤡰	bān	0
𤡱	guì	0
𤡲	kāi	0
𤡳	chēn	0
𤡶	xù	0
𤡾	è	0
𤡿	lì	0
𤢀	xī	0
𤢁	huàn	0
𤢂	sù	0
𤢄	chǎng	0
𤢊	lù	0
𤢋	yán	0
𤢎	dāng	0
𤢏	dǎn	0
𤢐	yāng	0
𤢒	zhǎi	0
𤢓	jù	0
𤢕	duó	0
𤢖	sāo	0
𤢗	lái	0
𤢘	sù	0
𤢟	zé	0
𤢣	bì	0
𤢦	yìn	0
𤢨	hāo	0
𤢪	liè	0
𤢭	háo	0
𤢮	yáng	0
𤢴	shuò	0
𤢵	lài	0
𤢶	qióng	0
𤢹	lěi	0
𤢺	xié	0
𤢼	shì	0
𤣃	lǔ	0
𤣅	què	0
𤣆	lián	0
𤣌	xiào	0
𤣎	yīng	0
𤣑	xié	0
𤣘	líng	0
𤣙	yōu	0
𤣞	dǎng	0
𤣟	lǎn	0
𤣠	xiāo	0
𤣨	yì	0
𤣬	wū	0
𤣮	yì	0
𤣯	tuō	0
𤣰	bǔ	0
𤣲	xìn	0
𤣵	sī	0
𤣶	jīn	0
𤣸	bā	0
𤣹	fǎ	0
𤣻	mò	0
𤣼	ruò	0
𤤊	dà	0
𤤋	jì	0
𤤐	sù	0
𤤑	qióng	0
𤤒	bā	0
𤤦	tián	0
𤤧	yóu	0
𤤩	tuó	0
𤤫	wài	0
𤤬	yòu	0
𤤮	dōng	0
𤤱	xǐ	0
𤤲	kǒng	0
𤤶	qióng	0
𤤷	duī	0
𤤸	duò	0
𤤺	yì	0
𤥒	xī	0
𤥓	qīn	0
𤥔	sù	0
𤥗	liú	0
𤥙	wán	0
𤥭	chē	0
𤥮	zhū	0
𤥰	mào	0
𤥷	quán	0
𤥽	yū	0
𤥿	yì	0
𤦀	mí	0
𤦃	lái	0
𤦄	zhì	0
𤦤	ní	0
𤦦	bān	0
𤦪	dōng	0
𤦮	zhì	0
𤧕	yì	0
𤧘	líng	0
𤧙	yú	0
𤧚	cōng	0
𤧛	dì	0
𤧜	zhì	0
𤧠	ruǎn	0
𤧣	jiàn	0
𤧩	wàn	0
𤧫	jīn	0
𤧭	páng	0
𤨍	lù	0
𤨎	qú	0
𤨐	xǐ	0
𤨑	dá	0
𤨖	hù	0
𤨗	luǒ	0
𤨙	lè	0
𤨶	gǒng	0
𤨻	lìng	0
𤩂	láo	0
𤩄	zhuàn	0
𤩨	zǎo	0
𤩩	hào	0
𤩪	xiàng	0
𤩭	hào	0
𤩮	lì	0
𤩱	diàn	0
𤩲	gé	0
𤩽	huán	0
𤪄	è	0
𤪆	xiá	0
𤪋	jiān	0
𤪌	qí	0
𤪍	xiá	0
𤪎	yǒu	0
𤪡	zhēng	0
𤪪	zhuàn	0
𤪮	chàn	0
𤫉	xiè	0
𤫕	náo	0
𤫝	jì	0
𤫞	tián	0
𤫣	yǎn	0
𤫧	hǎo	0
𤫨	xín	0
𤫩	líng	0
𤫫	bān	0
𤫬	běng	0
𤫱	gōu	0
𤫲	líng	0
𤫵	kuò	0
𤫶	qià	0
𤫷	jiào	0
𤫹	ēn	0
𤫺	yáo	0
𤫻	dū	0
𤬁	huǒ	0
𤬂	dǔ	0
𤬃	pēi	0
𤬌	yuán	0
𤬏	lóu	0
𤬐	xíng	0
𤬓	lián	0
𤬔	yáo	0
𤬕	xī	0
𤬖	yáo	0
𤬘	xī	0
𤬛	lú	0
𤬝	yàn	0
𤬠	quán	0
𤬥	ráng	0
𤬦	wà	0
𤬧	zú	0
𤬨	fàn	0
𤬩	yì	0
𤬪	dù	0
𤬫	suì	0
𤬭	pī	0
𤬯	hán	0
𤬱	xù	0
𤬳	gǒng	0
𤬵	dì	0
𤬷	nà	0
𤬾	duò	0
𤬿	wā	0
𤭂	niè	0
𤭈	diào	0
𤭉	huāng	0
𤭌	tí	0
𤭍	fàn	0
𤭑	wú	0
𤭒	áng	0
𤭔	píng	0
𤭙	hán	0
𤭛	gāng	0
𤭜	lí	0
𤭞	dūn	0
𤭟	fù	0
𤭠	nà	0
𤭢	cèi	0
𤭧	jiē	0
𤭩	qìng	0
𤭫	yīng	0
𤭬	xiáng	0
𤭱	hú	0
𤭴	sù	0
𤭻	gē	0
𤭼	è	0
𤭽	xù	0
𤮆	xī	0
𤮊	kāng	0
𤮋	guó	0
𤮌	jiē	0
𤮍	chuán	0
𤮎	léi	0
𤮏	héng	0
𤮐	zūn	0
𤮕	piè	0
𤮘	dēng	0
𤮙	xī	0
𤮚	léi	0
𤮜	shàn	0
𤮧	lú	0
𤮩	duì	0
𤮪	jùn	0
𤮭	chàn	0
𤮯	xié	0
𤮰	wā	0
𤮱	zhé	0
𤮳	zhuān	0
𤮷	liù	0
𤮸	léi	0
𤮼	dài	0
𤮽	gān	0
𤯄	shì	0
𤯇	yǎn	0
𤯌	gān	0
𤯐	yán	0
𤯖	suī	0
𤯚	zhōng	0
𤯜	shì	0
𤯡	shèng	0
𤯥	chǎn	0
𤯷	huáng	0
𤯸	yìn	0
𤯻	měng	0
𤰂	ráng	0
𤰅	xiáng	0
𤰈	bèi	0
𤰌	chuán	0
𤰑	pú	0
𤰙	kē	0
𤰚	lā	0
𤰝	quǎn	0
𤰟	hàng	0
𤰠	chì	0
𤰡	máng	0
𤰦	zhà	0
𤰪	fèn	0
𤰬	chào	0
𤰳	jǐng	0
𤱃	liè	0
𤱅	nà	0
𤱆	nà	0
𤱇	tóng	0
𤱋	rán	0
𤱌	zǔ	0
𤱍	pī	0
𤱎	yǒu	0
𤱐	shū	0
𤱛	liè	0
𤱜	shōu	0
𤱝	tuǎn	0
𤱟	gǎo	0
𤱠	sháo	0
𤱡	tuó	0
𤱣	nán	0
𤱧	tuǒ	0
𤱨	gōng	0
𤱩	diào	0
𤱴	měng	0
𤱵	bāng	0
𤱷	xié	0
𤱸	sì	0
𤱹	tǐng	0
𤱺	guì	0
𤱽	fú	0
𤱾	guì	0
𤲉	guì	0
𤲑	zhǔ	0
𤲓	lái	0
𤲕	lǔn	0
𤲖	tiǎn	0
𤲗	rǎn	0
𤲚	dōng	0
𤲨	juàn	0
𤲩	yán	0
𤲬	ruán	0
𤲭	dǎn	0
𤲰	mào	0
𤲶	luán	0
𤲸	xù	0
𤲺	xī	0
𤳂	má	0
𤳃	qī	0
𤳅	chà	0
𤳈	shāng	0
𤳉	hàn	0
𤳊	píng	0
𤳎	jī	0
𤳓	lì	0
𤳕	yù	0
𤳖	bān	0
𤳘	tēng	0
𤳝	chóu	0
𤳠	chóu	0
𤳤	qī	0
𤳥	xī	0
𤳦	bèi	0
𤳪	yè	0
𤳭	guǎng	0
𤳯	zhù	0
𤳳	léi	0
𤳴	léi	0
𤳵	chā	0
𤴀	guǎng	0
𤴍	dié	0
𤴓	yǎ	0
𤴘	niè	0
𤴙	shū	0
𤴛	zhì	0
𤴟	zhì	0
𤴢	zhì	0
𤴣	pǐ	0
𤴥	jiū	0
𤴦	jiū	0
𤴧	yì	0
𤴨	yòu	0
𤴪	jiū	0
𤴯	huàn	0
𤴱	dù	0
𤴻	táo	0
𤴼	qiè	0
𤴽	qín	0
𤴾	xìn	0
𤴿	chān	0
𤵀	jì	0
𤵂	qìn	0
𤵊	dù	0
𤵋	zhī	0
𤵎	ǒu	0
𤵐	wù	0
𤵒	wén	0
𤵘	bì	0
𤵛	bēi	0
𤵝	mǔ	0
𤵞	jìn	0
𤵟	táo	0
𤵠	liáo	0
𤵥	cáo	0
𤵦	zhá	0
𤵬	chǐ	0
𤵭	yā	0
𤵮	kuí	0
𤵯	yìn	0
𤵸	lóng	0
𤵹	qià	0
𤵻	hāng	0
𤵼	shàng	0
𤵽	hài	0
𤵾	chā	0
𤶀	jiǎo	0
𤶁	lǎo	0
𤶈	xī	0
𤶊	guì	0
𤶋	bó	0
𤶓	zhǐ	0
𤶕	tùn	0
𤶖	fú	0
𤶘	hū	0
𤶚	niè	0
𤶛	yì	0
𤶜	zhuàng	0
𤶠	chá	0
𤶤	suān	0
𤶧	yùn	0
𤶮	dù	0
𤶰	xī	0
𤶱	chuàn	0
𤶲	xíng	0
𤶳	jiǎo	0
𤶴	shēn	0
𤷀	wāng	0
𤷁	bēi	0
𤷂	féi	0
𤷃	jiàn	0
𤷄	quán	0
𤷅	yì	0
𤷆	dōng	0
𤷇	xù	0
𤷈	nà	0
𤷉	jí	0
𤷌	zhěn	0
𤷍	qí	0
𤷎	duī	0
𤷏	yín	0
𤷑	jiù	0
𤷒	pí	0
𤷓	xìn	0
𤷔	lún	0
𤷕	cǎi	0
𤷖	lìng	0
𤷗	biē	0
𤷘	dào	0
𤷙	dé	0
𤷟	la	0
𤷡	xī	0
𤷢	jù	0
𤷤	xiáo	0
𤷦	jīng	0
𤷹	wài	0
𤷻	nǎo	0
𤷼	xiāng	0
𤷽	què	0
𤷾	qiè	0
𤷿	tū	0
𤸀	xǔ	0
𤸁	huì	0
𤸅	mín	0
𤸆	wěi	0
𤸈	yóu	0
𤸉	tuí	0
𤸊	dài	0
𤸎	kě	0
𤸏	nà	0
𤸑	fù	0
𤸒	yù	0
𤸓	zhǐ	0
𤸕	hān	0
𤸖	āi	0
𤸗	fù	0
𤸡	yāng	0
𤸤	shí	0
𤸦	chán	0
𤸪	chì	0
𤸫	yùn	0
𤸬	shuāi	0
𤸮	sù	0
𤸯	sǎng	0
𤸱	è	0
𤸲	zhěng	0
𤸳	ái	0
𤸴	suǒ	0
𤸵	bù	0
𤸷	qún	0
𤸸	yì	0
𤸹	yǎn	0
𤸻	nà	0
𤸼	wǔ	0
𤹇	lì	0
𤹈	lì	0
𤹊	xī	0
𤹋	jué	0
𤹌	shī	0
𤹎	yǎ	0
𤹛	chén	0
𤹜	yíng	0
𤹝	bì	0
𤹞	chè	0
𤹡	zhā	0
𤹢	tuǒ	0
𤹣	hù	0
𤹤	téng	0
𤹥	yìng	0
𤹦	bǐ	0
𤹧	níng	0
𤹨	liàn	0
𤹩	xìn	0
𤹪	yǔ	0
𤹲	bèi	0
𤹴	mó	0
𤹵	duī	0
𤹷	dǎo	0
𤹸	qí	0
𤹺	è	0
𤺀	shuāi	0
𤺃	xiāo	0
𤺄	zhǒng	0
𤺅	zhuì	0
𤺇	biàn	0
𤺉	wěi	0
𤺊	xī	0
𤺌	dēng	0
𤺎	xiē	0
𤺏	pān	0
𤺐	niè	0
𤺓	bié	0
𤺔	shè	0
𤺕	fèi	0
𤺖	mǐn	0
𤺗	qì	0
𤺪	shàn	0
𤺫	suǒ	0
𤺷	jí	0
𤺺	dǎn	0
𤺻	juàn	0
𤺼	lù	0
𤺾	ào	0
𤻂	yì	0
𤻃	shǔ	0
𤻄	suì	0
𤻅	wèi	0
𤻆	wán	0
𤻇	chǔ	0
𤻊	tuí	0
𤻌	wò	0
𤻖	bì	0
𤻘	yǐn	0
𤻙	huó	0
𤻜	kài	0
𤻝	níng	0
𤻢	ài	0
𤻤	lì	0
𤻦	zhāi	0
𤻱	lù	0
𤻶	biàn	0
𤻷	pán	0
𤻿	guì	0
𤼀	sū	0
𤼁	méng	0
𤼂	xiǎn	0
𤼃	lòng	0
𤼅	qì	0
𤼋	chàn	0
𤼌	yì	0
𤼍	háng	0
𤼏	liǎn	0
𤼐	guàn	0
𤼒	wěi	0
𤼗	jué	0
𤼘	léi	0
𤼙	luán	0
𤼚	lì	0
𤼜	pí	0
𤼢	huǎn	0
𤼮	guī	0
𤼳	jú	0
𤼶	dēng	0
𤼺	fèi	0
𤽁	zhī	0
𤽃	mèi	0
𤽅	huàn	0
𤽉	pā	0
𤽊	bǐ	0
𤽌	pō	0
𤽓	ér	0
𤽕	huàn	0
𤽣	chàng	0
𤽥	luò	0
𤽦	fǒu	0
𤽯	chóu	0
𤽱	zú	0
𤽲	nán	0
𤽳	xiǎo	0
𤽹	bài	0
𤽺	lù	0
𤽼	luò	0
𤽿	niàn	0
𤾀	zé	0
𤾄	zhù	0
𤾅	hú	0
𤾈	huī	0
𤾉	tǎng	0
𤾊	chóu	0
𤾑	huáng	0
𤾒	dōu	0
𤾛	miào	0
𤾝	bó	0
𤾠	dì	0
𤾢	děng	0
𤾣	pū	0
𤾥	sōng	0
𤾦	chóu	0
𤾫	yào	0
𤾬	měng	0
𤾭	lóng	0
𤾲	lián	0
𤾵	bié	0
𤾺	lǚ	0
𤾿	sè	0
𤿀	zuó	0
𤿄	cún	0
𤿅	líng	0
𤿆	zhěng	0
𤿇	pǐ	0
𤿈	báo	0
𤿋	què	0
𤿎	pī	0
𤿏	nàn	0
𤿐	pī	0
𤿑	bǒ	0
𤿒	bèi	0
𤿓	fā	0
𤿕	mǐn	0
𤿖	mò	0
𤿗	wà	0
𤿘	zhāo	0
𤿙	zhì	0
𤿚	cū	0
𤿟	xún	0
𤿠	jí	0
𤿡	guì	0
𤿣	chéng	0
𤿧	hàn	0
𤿨	xiào	0
𤿩	què	0
𤿫	chuò	0
𤿭	fǔ	0
𤿲	fū	0
𤿳	qǐn	0
𤿴	lù	0
𤿵	què	0
𤿶	diǎn	0
𤿷	qiān	0
𤿼	chǎng	0
𤿽	tà	0
𤿾	bēi	0
𥀁	dù	0
𥀂	běng	0
𥀃	hòu	0
𥀈	zhǎ	0
𥀉	zhǎ	0
𥀎	què	0
𥀏	má	0
𥀐	hán	0
𥀓	liú	0
𥀔	lù	0
𥀖	zī	0
𥀘	pǐ	0
𥀙	zhòu	0
𥀛	zāo	0
𥀝	niǔ	0
𥀠	huì	0
𥀣	xué	0
𥀥	là	0
𥀫	nóu	0
𥀬	yǎn	0
𥀭	rǎn	0
𥀮	nǎo	0
𥀰	là	0
𥀱	guǎng	0
𥀲	dú	0
𥀵	lú	0
𥀹	jiǎn	0
𥀺	xiè	0
𥀻	qì	0
𥀾	xiàng	0
𥁁	guǒ	0
𥁂	jié	0
𥁃	màng	0
𥁆	xiā	0
𥁇	kuī	0
𥁎	yòng	0
𥁐	hǎi	0
𥁑	mì	0
𥁒	yào	0
𥁕	wēn	0
𥁟	lì	0
𥁠	juàn	0
𥁡	wū	0
𥁢	qiáo	0
𥁮	diào	0
𥁯	chù	0
𥁲	suō	0
𥁵	chōng	0
𥁸	quān	0
𥁹	shè	0
𥂁	yán	0
𥂂	měng	0
𥂃	jù	0
𥂋	tú	0
𥂒	nóng	0
𥂓	mó	0
𥂙	fèn	0
𥂢	áo	0
𥂣	guō	0
𥂤	hú	0
𥂥	cán	0
𥂦	dūn	0
𥂧	hǎi	0
𥂨	jiǎo	0
𥂰	gū	0
𥂵	jīn	0
𥂸	yáng	0
𥃀	chà	0
𥃌	huī	0
𥃔	qú	0
𥃕	kē	0
𥃟	qīng	0
𥃠	yì	0
𥃣	kǎi	0
𥃤	jiǎo	0
𥃧	chōu	0
𥃨	bǔ	0
𥃩	gèn	0
𥃪	jiāo	0
𥃫	zhī	0
𥃮	wèn	0
𥃰	bīn	0
𥃴	xiòng	0
𥃵	fàn	0
𥃸	yí	0
𥃹	chuàn	0
𥃺	yào	0
𥃽	yāng	0
𥃾	dù	0
𥃿	yǎn	0
𥄁	méng	0
𥄇	chī	0
𥄈	mù	0
𥄉	jiāo	0
𥄋	nǜ	0
𥄍	guó	0
𥄎	xuè	0
𥄑	fú	0
𥄒	xuē	0
𥄓	fū	0
𥄔	pèi	0
𥄕	mò	0
𥄖	xī	0
𥄗	wò	0
𥄘	shǎn	0
𥄛	xī	0
𥄜	qì	0
𥄝	miàn	0
𥄦	dǎn	0
𥄨	chǒu	0
𥄱	fèi	0
𥄲	mié	0
𥄴	xuè	0
𥄵	xù	0
𥄶	sī	0
𥄷	jǔ	0
𥄸	mǎo	0
𥄹	bào	0
𥄻	yí	0
𥄼	guā	0
𥄽	nì	0
𥄿	yí	0
𥅁	zuò	0
𥅄	nǔ	0
𥅑	diàn	0
𥅒	fàn	0
𥅓	yì	0
𥅔	shì	0
𥅗	cū	0
𥅘	zhěn	0
𥅞	shì	0
𥅟	jiǎo	0
𥅠	hòu	0
𥅡	ér	0
𥅦	lèi	0
𥅧	xuè	0
𥅨	gèng	0
𥅪	shōu	0
𥅬	juān	0
𥅴	jié	0
𥅵	wéi	0
𥅷	shǒu	0
𥅸	jìng	0
𥅺	xú	0
𥅻	chòng	0
𥆅	jiāng	0
𥆆	mòu	0
𥆉	yù	0
𥆌	jué	0
𥆑	tìng	0
𥆔	xiāo	0
𥆖	dōu	0
𥆘	guó	0
𥆙	máng	0
𥆚	wāng	0
𥆛	xù	0
𥆜	wàng	0
𥆝	suō	0
𥆞	juàn	0
𥆟	yuè	0
𥆡	hán	0
𥆣	shēn	0
𥆥	xié	0
𥆦	liú	0
𥆧	rún	0
𥆯	bì	0
𥆲	nào	0
𥆶	wàn	0
𥆷	jiù	0
𥆸	quē	0
𥇄	nì	0
𥇆	mí	0
𥇇	suō	0
𥇉	qiǎng	0
𥇌	hàn	0
𥇍	zhuó	0
𥇎	mí	0
𥇏	xù	0
𥇑	lǎng	0
𥇒	jié	0
𥇓	dìng	0
𥇔	chàng	0
𥇕	zhì	0
𥇖	fēi	0
𥇗	jiá	0
𥇘	jùn	0
𥇙	huò	0
𥇚	qī	0
𥇛	jū	0
𥇜	zhūn	0
𥇞	diàn	0
𥇟	jiǎo	0
𥇠	yā	0
𥇢	zhǎn	0
𥇭	zhī	0
𥇯	mài	0
𥇰	hū	0
𥇱	xiè	0
𥇲	shí	0
𥇳	guī	0
𥇿	xù	0
𥈂	jí	0
𥈄	chuàng	0
𥈆	mào	0
𥈇	ruán	0
𥈈	xū	0
𥈉	huàn	0
𥈊	shà	0
𥈋	jǔ	0
𥈏	kuàng	0
𥈑	hóu	0
𥈒	guān	0
𥈓	guā	0
𥈕	mí	0
𥈖	dié	0
𥈗	bì	0
𥈘	liǎng	0
𥈙	là	0
𥈚	shǎn	0
𥈛	lù	0
𥈜	xì	0
𥈟	sǒu	0
𥈬	ōu	0
𥈮	léng	0
𥈷	kū	0
𥈸	guī	0
𥈻	xī	0
𥈼	pán	0
𥈽	sè	0
𥈾	juè	0
𥈿	hòng	0
𥉀	guàn	0
𥉁	jù	0
𥉃	nài	0
𥉄	huá	0
𥉅	gé	0
𥉆	lì	0
𥉇	gòu	0
𥉈	tì	0
𥉊	mà	0
𥉋	téng	0
𥉌	dá	0
𥉐	qī	0
𥉑	yù	0
𥉒	jiǎo	0
𥉓	miè	0
𥉔	gěng	0
𥉕	mèng	0
𥉖	wèi	0
𥉘	tí	0
𥉙	qí	0
𥉜	chén	0
𥉝	dōu	0
𥉟	pán	0
𥉰	hàn	0
𥉴	mì	0
𥉵	má	0
𥉶	lù	0
𥉷	qī	0
𥉸	kēng	0
𥉺	dié	0
𥉻	qì	0
𥉼	jiāo	0
𥉽	kāng	0
𥉾	qiāo	0
𥉿	mì	0
𥊀	shān	0
𥊇	jiān	0
𥊈	lí	0
𥊉	kè	0
𥊊	xù	0
𥊑	mán	0
𥊒	fèng	0
𥊓	chàn	0
𥊔	huǐ	0
𥊧	kòu	0
𥊪	wěi	0
𥊫	guàn	0
𥊬	jí	0
𥊭	zùn	0
𥊮	huò	0
𥊯	xié	0
𥊴	suì	0
𥊶	ruǎn	0
𥊸	tè	0
𥊼	zhèng	0
𥊽	kūn	0
𥊾	xiǎng	0
𥊿	mián	0
𥋁	xì	0
𥋌	sā	0
𥋙	è	0
𥋚	miè	0
𥋛	zhǔ	0
𥋜	zōu	0
𥋝	měng	0
𥋟	xī	0
𥋡	táng	0
𥋣	jià	0
𥋤	cháng	0
𥋥	jí	0
𥋮	zhuó	0
𥋿	hè	0
𥌀	chá	0
𥌁	qì	0
𥌂	mián	0
𥌃	zhěn	0
𥌄	kū	0
𥌅	yè	0
𥌆	zhōu	0
𥌈	jiān	0
𥌊	pàn	0
𥌍	huī	0
𥌏	míng	0
𥌐	liù	0
𥌘	shuì	0
𥌚	mài	0
𥌛	lí	0
𥌞	shuò	0
𥌟	yí	0
𥌤	lì	0
𥌨	xiē	0
𥌩	tè	0
𥌪	xiū	0
𥌭	xuàn	0
𥌮	lì	0
𥌯	méng	0
𥌰	wéi	0
𥌱	méng	0
𥌺	yào	0
𥌻	lán	0
𥌼	líng	0
𥌽	yīng	0
𥌾	yīng	0
𥌿	lì	0
𥍀	jiǎn	0
𥍁	guī	0
𥍅	guān	0
𥍆	xiè	0
𥍉	shè	0
𥍋	zuī	0
𥍓	kàn	0
𥍔	léi	0
𥍚	biàn	0
𥍝	shǔ	0
𥍞	nǜ	0
𥍟	xù	0
𥍣	hào	0
𥍨	guǐ	0
𥍪	zhài	0
𥍫	láng	0
𥍬	cuān	0
𥍭	zhì	0
𥍮	féng	0
𥍯	qīn	0
𥍱	zé	0
𥍲	nà	0
𥍳	niǔ	0
𥍴	yì	0
𥍷	cōng	0
𥍸	shī	0
𥍹	jiǎn	0
𥍺	zōng	0
𥍻	yǎn	0
𥍼	yīng	0
𥎀	ruǎn	0
𥎂	róng	0
𥎃	xì	0
𥎅	guān	0
𥎆	kài	0
𥎈	wù	0
𥎊	qín	0
𥎋	cōng	0
𥎍	zé	0
𥎎	xiè	0
𥎐	yù	0
𥎑	zàn	0
𥎒	chuāng	0
𥎓	lǐ	0
𥎔	lǐ	0
𥎕	xù	0
𥎖	mí	0
𥎗	xù	0
𥎘	ruǎn	0
𥎛	guì	0
𥎜	rǒng	0
𥎝	zuǎn	0
𥎟	máo	0
𥎡	qín	0
𥎢	cuàn	0
𥎣	cuàn	0
𥎤	cuàn	0
𥎮	wū	0
𥎰	fǎ	0
𥎱	bá	0
𥎸	qià	0
𥎹	zhì	0
𥎺	tiào	0
𥏄	zhì	0
𥏅	zhí	0
𥏇	huàn	0
𥏈	chóu	0
𥏊	zhì	0
𥏎	yǐng	0
𥏒	wù	0
𥏓	bēi	0
𥏕	hóng	0
𥏖	shěn	0
𥏘	jué	0
𥏙	kuì	0
𥏜	yǐ	0
𥏝	yà	0
𥏠	bī	0
𥏤	kuà	0
𥏥	qiān	0
𥏨	zhāo	0
𥏪	kǎi	0
𥏫	shāng	0
𥏮	àn	0
𥏯	zhé	0
𥏰	zhì	0
𥏷	zhì	0
𥏹	jiǎo	0
𥐀	sī	0
𥐁	pú	0
𥐂	ǒu	0
𥐊	zhuó	0
𥐑	yīng	0
𥐓	huān	0
𥐕	yà	0
𥐘	shí	0
𥐙	pā	0
𥐚	pǔ	0
𥐞	máng	0
𥐟	chāi	0
𥐩	yún	0
𥐬	gǔ	0
𥐹	dǎn	0
𥐻	náo	0
𥐽	zhé	0
𥐿	hú	0
𥑅	kēng	0
𥑇	dié	0
𥑈	tīng	0
𥑋	guài	0
𥑎	qiōng	0
𥑏	shǐ	0
𥑐	jiǎ	0
𥑑	ào	0
𥑒	nǎ	0
𥑓	pǐn	0
𥑔	jiá	0
𥑡	zhè	0
𥑢	bù	0
𥑣	wǒ	0
𥑥	chǎ	0
𥑪	náo	0
𥑫	kān	0
𥑯	dú	0
𥑰	guài	0
𥑱	qióng	0
𥑳	róng	0
𥑴	yǐ	0
𥑵	duī	0
𥑶	lěi	0
𥑸	zhōu	0
𥑹	kuā	0
𥑺	ē	0
𥑻	xiān	0
𥑼	diàn	0
𥑽	nuò	0
𥑾	è	0
𥑿	yōng	0
𥒀	wù	0
𥒁	kēng	0
𥒓	zhì	0
𥒗	zhǐ	0
𥒘	xún	0
𥒛	zhèng	0
𥒞	yáng	0
𥒠	huò	0
𥒡	jí	0
𥒢	nǎo	0
𥒧	yà	0
𥒨	lù	0
𥒫	fū	0
𥒬	sǎn	0
𥒭	chù	0
𥒮	wěi	0
𥒰	fǔ	0
𥒱	kēng	0
𥒲	sì	0
𥒳	kàng	0
𥒵	yì	0
𥒶	huà	0
𥒾	yǔ	0
𥓃	lì	0
𥓆	lǐn	0
𥓇	dǔ	0
𥓈	è	0
𥓌	qiǎng	0
𥓍	dú	0
𥓐	jié	0
𥓑	chuò	0
𥓒	xiàn	0
𥓖	gǎo	0
𥓬	dào	0
𥓰	hōng	0
𥓻	zōng	0
𥓾	qì	0
𥓿	tuó	0
𥔀	hōng	0
𥔁	pǐ	0
𥔂	gèng	0
𥔄	niè	0
𥔇	kōng	0
𥔊	zhǐ	0
𥔑	xiǎo	0
𥔡	shè	0
𥔢	yú	0
𥔣	jiāng	0
𥔩	qǐ	0
𥔪	chěn	0
𥔫	sǎng	0
𥔭	suǒ	0
𥔮	qián	0
𥔯	huì	0
𥔱	shàn	0
𥔲	è	0
𥔻	qiū	0
𥔽	kè	0
𥕀	wēng	0
𥕁	zī	0
𥕂	jí	0
𥕇	dǎ	0
𥕉	cuò	0
𥕍	lǒu	0
𥕎	kāng	0
𥕏	kuò	0
𥕐	dí	0
𥕑	qiē	0
𥕓	mò	0
𥕖	guǒ	0
𥕗	hōng	0
𥕘	cháo	0
𥕙	hēi	0
𥕢	cáo	0
𥕣	zhé	0
𥕤	kē	0
𥕦	gǔn	0
𥕰	xū	0
𥕱	péng	0
𥕲	jué	0
𥕵	gǎn	0
𥕶	sī	0
𥕸	suì	0
𥕹	què	0
𥕻	wú	0
𥕼	yán	0
𥕽	pèng	0
𥕾	xiǎo	0
𥕿	pān	0
𥖍	là	0
𥖗	bèng	0
𥖘	zhěn	0
𥖙	jí	0
𥖜	jǐn	0
𥖝	lián	0
𥖞	kěn	0
𥖠	zhóu	0
𥖨	zào	0
𥖪	lè	0
𥖫	qī	0
𥖬	bìng	0
𥖵	yǐn	0
𥖶	pīn	0
𥖻	sǒu	0
𥖼	lǜ	0
𥖾	dí	0
𥖿	dú	0
𥗀	liǎo	0
𥗁	zhuó	0
𥗊	chǎng	0
𥗒	chèn	0
𥗓	tà	0
𥗙	què	0
𥗚	dào	0
𥗝	rǎng	0
𥗟	pò	0
𥗦	zhōng	0
𥗧	xiē	0
𥗪	jiāng	0
𥗫	qú	0
𥗬	lěi	0
𥗭	cà	0
𥗮	quē	0
𥗵	xiàng	0
𥗶	lèi	0
𥗺	làn	0
𥗽	lán	0
𥗿	lǎ	0
𥘁	lǎ	0
𥘄	yù	0
𥘊	jiào	0
𥘋	qín	0
𥘌	jī	0
𥘏	gǎn	0
𥘒	yì	0
𥘠	yì	0
𥘡	zhī	0
𥘤	biǎo	0
𥘥	shēng	0
𥘦	jiù	0
𥘫	hē	0
𥘬	fú	0
𥘮	jū	0
𥙀	zuǒ	0
𥙁	yí	0
𥙆	xiàn	0
𥙇	yí	0
𥙉	sì	0
𥙋	chuì	0
𥙎	mò	0
𥙡	zhān	0
𥙣	xún	0
𥙦	rú	0
𥙨	huò	0
𥙬	shāo	0
𥙰	shòu	0
𥙾	yòu	0
𥙿	yù	0
𥚂	jùn	0
𥚉	zī	0
𥚊	lù	0
𥚚	chǐ	0
𥚛	kūn	0
𥚠	zhùn	0
𥚦	hóu	0
𥚩	xǔ	0
𥚾	zōng	0
𥚿	yìng	0
𥛂	zhū	0
𥛅	liù	0
𥛑	nù	0
𥛘	bì	0
𥛚	chì	0
𥛜	zǔ	0
𥛝	féng	0
𥛞	lù	0
𥛟	pǔ	0
𥛥	zhuàn	0
𥛧	zhé	0
𥛨	shī	0
𥛩	yǔ	0
𥛪	lù	0
𥛫	liáng	0
𥛯	jué	0
𥛰	liào	0
𥛱	bēng	0
𥜃	yì	0
𥜄	guān	0
𥜌	ǎo	0
𥜏	guì	0
𥜐	mǐn	0
𥜒	yǎn	0
𥜓	lán	0
𥜖	bó	0
𥜙	zàn	0
𥜚	yǒu	0
𥜥	yì	0
𥜦	nǐ	0
𥜬	nǐ	0
𥜭	guǒ	0
𥜮	jùn	0
𥜰	shī	0
𥜲	xiǎn	0
𥜴	qiān	0
𥜵	què	0
𥜶	kuí	0
𥝀	shé	0
𥝂	huò	0
𥝄	wàn	0
𥝊	fèi	0
𥝋	fèi	0
𥝌	jī	0
𥝍	yù	0
𥝑	zhī	0
𥝒	guà	0
𥝔	jié	0
𥝕	máng	0
𥝖	hé	0
𥝘	yǒu	0
𥝟	dù	0
𥝠	sī	0
𥝢	lì	0
𥝥	jié	0
𥝦	niǔ	0
𥝧	bà	0
𥝨	yú	0
𥝮	zhī	0
𥝸	hé	0
𥝹	kē	0
𥝾	dù	0
𥝿	jiā	0
𥞁	chēn	0
𥞃	chuì	0
𥞄	hé	0
𥞅	zhǎi	0
𥞊	mèi	0
𥞍	hé	0
𥞎	zǐ	0
𥞏	zhú	0
𥞒	tuó	0
𥞘	zùn	0
𥞚	rú	0
𥞛	duò	0
𥞜	jiàng	0
𥞦	jiá	0
𥞧	héng	0
𥞩	bēng	0
𥞪	mò	0
𥞯	zú	0
𥞲	biē	0
𥞴	kù	0
𥞵	jiá	0
𥞺	zhuō	0
𥞼	xiū	0
𥟂	lái	0
𥟃	hé	0
𥟅	qiāo	0
𥟍	fěi	0
𥟎	shēng	0
𥟒	zhuì	0
𥟓	kuǎn	0
𥟔	zè	0
𥟕	xiān	0
𥟗	bì	0
𥟘	yì	0
𥟚	chàng	0
𥟪	mào	0
𥟶	wǎn	0
𥟽	wū	0
𥟾	kū	0
𥟿	wǒ	0
𥠀	xīng	0
𥠁	kē	0
𥠃	jiū	0
𥠄	duān	0
𥠅	huàn	0
𥠈	zhì	0
𥠉	cè	0
𥠊	róu	0
𥠋	jí	0
𥠍	yè	0
𥠛	jīng	0
𥠜	yàng	0
𥠡	zǒng	0
𥠩	cǎn	0
𥠱	sī	0
𥠲	lì	0
𥠳	gǔ	0
𥠴	chàng	0
𥠶	fěi	0
𥠷	liú	0
𥠹	jié	0
𥠺	yūn	0
𥠽	zhì	0
𥡀	chóu	0
𥡁	biē	0
𥡒	jī	0
𥡜	luó	0
𥡝	jiān	0
𥡟	chuāng	0
𥡠	shuǎng	0
𥡢	lǜ	0
𥡣	jùn	0
𥡤	jiào	0
𥡦	tì	0
𥡧	zhā	0
𥡪	yì	0
𥡬	cōng	0
𥡭	něi	0
𥡮	jiā	0
𥡴	jì	0
𥡽	ài	0
𥢇	jiǎn	0
𥢊	bèn	0
𥢌	fán	0
𥢍	hù	0
𥢎	zùn	0
𥢏	diàn	0
𥢐	gāo	0
𥢑	gǎo	0
𥢒	láo	0
𥢔	zhuó	0
𥢟	hù	0
𥢢	tuí	0
𥢦	bì	0
𥢧	jú	0
𥢮	huá	0
𥢲	chéng	0
𥢶	kuài	0
𥢷	dāng	0
𥢸	gé	0
𥢹	xié	0
𥢻	jié	0
𥢽	cān	0
𥣆	zú	0
𥣈	pú	0
𥣋	shǔ	0
𥣌	bǔ	0
𥣗	níng	0
𥣘	yǎn	0
𥣙	zhòu	0
𥣛	méng	0
𥣝	biǎn	0
𥣟	xiàng	0
𥣤	lù	0
𥣥	lí	0
𥣩	jì	0
𥣫	miè	0
𥣬	lèi	0
𥣮	zhì	0
𥣯	yōu	0
𥣰	biǎn	0
𥣸	mù	0
𥣹	ràn	0
𥣺	ràn	0
𥤂	niǎo	0
𥤊	quán	0
𥤋	zhé	0
𥤐	lèi	0
𥤗	dǎng	0
𥤘	jué	0
𥤜	líng	0
𥤞	líng	0
𥤟	yán	0
𥤣	yǎo	0
𥤤	zhèn	0
𥤥	qī	0
𥤦	ài	0
𥤨	nú	0
𥤩	mǎng	0
𥤱	kǎn	0
𥤳	jiū	0
𥤴	yǎn	0
𥤵	miàn	0
𥤷	yín	0
𥤸	wán	0
𥤹	yào	0
𥤺	wā	0
𥤻	pí	0
𥤼	suì	0
𥥅	kǒng	0
𥥈	hóng	0
𥥊	mǐng	0
𥥋	líng	0
𥥌	yì	0
𥥍	shēn	0
𥥏	zuò	0
𥥛	tū	0
𥥝	yòng	0
𥥟	wà	0
𥥠	guǐ	0
𥥡	hòng	0
𥥥	shì	0
𥥧	xiòng	0
𥥩	ā	0
𥥱	chéng	0
𥥳	kēng	0
𥥴	yì	0
𥥵	yàng	0
𥥶	tíng	0
𥥷	dòu	0
𥥸	chá	0
𥥹	liù	0
𥥽	qiú	0
𥥾	xuǎn	0
𥥿	shēn	0
𥦀	kuān	0
𥦁	tòng	0
𥦃	qiǎn	0
𥦅	chòu	0
𥦊	wěn	0
𥦌	lòng	0
𥦍	ǎn	0
𥦔	kǎn	0
𥦖	yǎo	0
𥦘	fú	0
𥦜	bèng	0
𥦝	lǎn	0
𥦞	qià	0
𥦟	diàn	0
𥦢	jiào	0
𥦣	guī	0
𥦥	xiòng	0
𥦨	kè	0
𥦶	xiàn	0
𥦷	wòng	0
𥧂	gǒng	0
𥧆	ǒu	0
𥧇	kē	0
𥧋	kū	0
𥧑	tián	0
𥧒	gòu	0
𥧓	mǎ	0
𥧕	liù	0
𥧙	wèi	0
𥧚	wěn	0
𥧡	gòng	0
𥧣	tú	0
𥧤	níng	0
𥧧	mì	0
𥧫	láng	0
𥧬	qiǎn	0
𥧭	mán	0
𥧮	zhé	0
𥧰	huà	0
𥧱	yōng	0
𥧲	jìn	0
𥧴	mèi	0
𥧷	fú	0
𥧻	qú	0
𥨌	liù	0
𥨍	fù	0
𥨎	dàn	0
𥨐	gǒng	0
𥨒	cuì	0
𥨕	xǐng	0
𥨜	tū	0
𥨝	shòu	0
𥨪	qióng	0
𥨳	róng	0
𥨻	lì	0
𥨿	jī	0
𥩀	tuò	0
𥩌	tóng	0
𥩒	tán	0
𥩔	líng	0
𥩖	yì	0
𥩗	ruǎn	0
𥩙	pǎ	0
𥩝	cà	0
𥩡	yuè	0
𥩢	què	0
𥩣	zhù	0
𥩤	hài	0
𥩱	fá	0
𥩲	hài	0
𥩺	liè	0
𥪀	bū	0
𥪁	pīng	0
𥪂	liè	0
𥪊	kuǐ	0
𥪋	fú	0
𥪌	tiǎn	0
𥪍	wò	0
𥪏	jū	0
𥪘	zhēn	0
𥪚	fú	0
𥪢	lóng	0
𥪦	xì	0
𥪧	tián	0
𥪫	jì	0
𥪯	yào	0
𥪱	cù	0
𥪴	pàng	0
𥪵	qiè	0
𥪻	lóng	0
𥪼	jǐ	0
𥫂	tóng	0
𥫃	yí	0
𥫅	chāng	0
𥫋	gōng	0
𥫎	dòng	0
𥫖	xiāng	0
𥫙	tǐng	0
𥫛	zhuān	0
𥫜	yǐ	0
𥫝	yì	0
𥫞	zǐ	0
𥫟	qǐ	0
𥫢	chǎ	0
𥫬	dùn	0
𥫯	chōng	0
𥫰	lù	0
𥫱	dùn	0
𥫳	fāng	0
𥫴	shì	0
𥫵	tì	0
𥫶	jī	0
𥫷	qiū	0
𥫸	shuǐ	0
𥫹	chén	0
𥫼	huàng	0
𥫽	shi	0
𥬀	yún	0
𥬆	lóng	0
𥬈	mǎn	0
𥬉	gōu	0
𥬍	xiān	0
𥬎	mò	0
𥬐	shěn	0
𥬒	pō	0
𥬓	yào	0
𥬔	qū	0
𥬕	rǎn	0
𥬙	jù	0
𥬜	yǐn	0
𥬝	bái	0
𥬞	niè	0
𥬠	chōu	0
𥬪	róng	0
𥬫	chuǎn	0
𥬬	niè	0
𥬭	lì	0
𥬮	jiāng	0
𥬯	kǎo	0
𥬰	cè	0
𥬱	chòng	0
𥬲	zhuā	0
𥬳	zǐ	0
𥬴	yáng	0
𥬼	wěn	0
𥭋	jì	0
𥭌	jì	0
𥭐	lǜ	0
𥭑	qiú	0
𥭒	dùn	0
𥭓	báo	0
𥭔	chān	0
𥭖	bó	0
𥭘	chī	0
𥭙	zhè	0
𥭚	màng	0
𥭜	jì	0
𥭝	miào	0
𥭞	yuàn	0
𥭠	wú	0
𥭡	zhì	0
𥭢	pīng	0
𥭥	chōng	0
𥭫	mí	0
𥭬	féi	0
𥭭	cuō	0
𥭮	méng	0
𥮍	yín	0
𥮎	mǎng	0
𥮏	diǎn	0
𥮐	diāo	0
𥮒	qián	0
𥮕	hàng	0
𥮖	zhí	0
𥮗	jú	0
𥮘	niàn	0
𥮜	mí	0
𥮝	gǔ	0
𥮣	zhuā	0
𥮤	niè	0
𥮥	zhuó	0
𥮧	yè	0
𥮨	còng	0
𥮪	xū	0
𥮬	xì	0
𥮯	bō	0
𥮾	cǎn	0
𥯃	yǎn	0
𥯑	jǐn	0
𥯔	jǔ	0
𥯕	dàng	0
𥯖	dù	0
𥯘	yé	0
𥯙	jìng	0
𥯚	kè	0
𥯛	luò	0
𥯜	wěi	0
𥯝	tū	0
𥯞	yóu	0
𥯟	pài	0
𥯡	pí	0
𥯢	dìng	0
𥯤	wěi	0
𥯥	chè	0
𥯦	jiàn	0
𥯨	sī	0
𥯩	zhuó	0
𥯪	sòu	0
𥯬	ruǎn	0
𥯮	yú	0
𥯳	è	0
𥯶	kǔ	0
𥯸	zhù	0
𥯾	xiá	0
𥰛	fú	0
𥰜	táo	0
𥰝	xī	0
𥰞	chōu	0
𥰟	yuán	0
𥰠	lǘ	0
𥰡	cè	0
𥰢	shàn	0
𥰣	liú	0
𥰥	xì	0
𥰦	jī	0
𥰧	yǐ	0
𥰨	tán	0
𥰪	hú	0
𥰭	cuō	0
𥰮	gě	0
𥰰	shì	0
𥰱	sāo	0
𥰲	hòng	0
𥰳	xiàn	0
𥰶	xiá	0
𥰻	mù	0
𥰼	suǒ	0
𥰾	zhài	0
𥱀	fū	0
𥱁	sè	0
𥱂	nú	0
𥱃	yì	0
𥱧	qín	0
𥱨	qìng	0
𥱵	huì	0
𥱶	shuǎng	0
𥱷	dǎn	0
𥱸	ōu	0
𥱹	mò	0
𥱺	qiān	0
𥱻	chì	0
𥱼	pái	0
𥱽	juàn	0
𥲀	cháo	0
𥲁	liè	0
𥲂	bīng	0
𥲃	kòu	0
𥲄	dàn	0
𥲅	chóu	0
𥲆	tōng	0
𥲇	dàn	0
𥲈	mǎn	0
𥲉	hù	0
𥲊	liáo	0
𥲋	xián	0
𥲍	cáo	0
𥲎	lù	0
𥲏	chuàn	0
𥲐	wú	0
𥲑	mán	0
𥲕	zǐ	0
𥲗	dù	0
𥲚	shuàng	0
𥲛	fù	0
𥲜	jù	0
𥲝	zhòu	0
𥲟	diào	0
𥲠	wàng	0
𥲡	chuāng	0
𥲢	qiān	0
𥲣	tuì	0
𥲥	lián	0
𥲦	biāo	0
𥲧	lí	0
𥲪	lí	0
𥳆	bì	0
𥳇	fù	0
𥳈	cuì	0
𥳉	dū	0
𥳋	zàn	0
𥳌	lóng	0
𥳍	xún	0
𥳎	qióng	0
𥳏	jī	0
𥳐	qiǎn	0
𥳒	jiǎn	0
𥳓	shāo	0
𥳔	duò	0
𥳕	shū	0
𥳖	bù	0
𥳗	xū	0
𥳘	dǒng	0
𥳚	rán	0
𥳜	yáng	0
𥳝	ruǐ	0
𥳞	lìn	0
𥳟	jiǎn	0
𥳠	dì	0
𥳡	fén	0
𥳢	diàn	0
𥳣	zuì	0
𥳥	nǐng	0
𥳪	suàn	0
𥳫	tiǎn	0
𥳬	àn	0
𥳯	cè	0
𥳰	dìng	0
𥳱	shēn	0
𥳲	dù	0
𥳳	tí	0
𥳴	jiǎo	0
𥳵	zuì	0
𥳶	zhǎng	0
𥳷	jiǎn	0
𥳸	dàn	0
𥳹	dǎn	0
𥳺	sǒng	0
𥴐	zhǎn	0
𥴑	tíng	0
𥴒	zhì	0
𥴕	yóu	0
𥴖	pái	0
𥴡	lǐ	0
𥴤	qián	0
𥴦	suì	0
𥴧	jǔ	0
𥴨	ài	0
𥴩	gé	0
𥴪	jù	0
𥴫	tún	0
𥴬	bì	0
𥴭	qià	0
𥴮	bó	0
𥴯	huì	0
𥴱	jiàn	0
𥴴	gōu	0
𥴵	suàn	0
𥴺	cí	0
𥴻	qiàng	0
𥴿	yán	0
𥵏	diàn	0
𥵒	miè	0
𥵜	pò	0
𥵝	lǐng	0
𥵞	jié	0
𥵟	zhù	0
𥵠	gǔ	0
𥵣	duān	0
𥵤	zhào	0
𥵦	shǎo	0
𥵧	qǐn	0
𥵨	mí	0
𥵪	píng	0
𥵫	cóng	0
𥵬	chōu	0
𥵯	sà	0
𥵶	tiǎn	0
𥶅	liú	0
𥶆	lǘ	0
𥶇	lǔ	0
𥶈	zōu	0
𥶌	lǜ	0
𥶍	huǎn	0
𥶏	tiáo	0
𥶐	tuí	0
𥶑	qiǎng	0
𥶒	lìn	0
𥶓	bēi	0
𥶔	páo	0
𥶕	zhān	0
𥶗	lì	0
𥶛	tí	0
𥶜	hú	0
𥶢	liè	0
𥶵	huǐ	0
𥶶	qū	0
𥶷	xuǎn	0
𥶹	jìng	0
𥶺	dié	0
𥶻	suí	0
𥶽	wèi	0
𥶿	yán	0
𥷀	yān	0
𥷁	bàn	0
𥷃	jiǎng	0
𥷄	nǐ	0
𥷅	lì	0
𥷆	hú	0
𥷇	qì	0
𥷈	zhōng	0
𥷑	bì	0
𥷔	yú	0
𥷕	dié	0
𥷖	lìn	0
𥷗	lì	0
𥷘	zhuó	0
𥷙	jì	0
𥷚	jū	0
𥷜	fēng	0
𥷞	yù	0
𥷨	liè	0
𥷩	zá	0
𥷪	qián	0
𥷫	jiē	0
𥷬	guān	0
𥷮	zhuó	0
𥷱	fù	0
𥷹	sè	0
𥷼	cù	0
𥸃	huǐ	0
𥸈	dàng	0
𥸉	lóng	0
𥸊	yì	0
𥸗	sǎ	0
𥸘	yuè	0
𥸚	dí	0
𥸡	gǎn	0
𥸢	zān	0
𥸣	shàn	0
𥸤	yù	0
𥸥	bǒ	0
𥸧	dìng	0
𥸨	fán	0
𥸪	yù	0
𥸬	shēn	0
𥸲	gōng	0
𥸴	miè	0
𥸵	tún	0
𥸸	liè	0
𥹁	zhā	0
𥹂	pēi	0
𥹄	mí	0
𥹆	míng	0
𥹇	fàn	0
𥹉	nà	0
𥹊	sì	0
𥹋	yí	0
𥹌	jiā	0
𥹍	zhù	0
𥹓	bān	0
𥹔	yù	0
𥹖	pǒ	0
𥹚	huān	0
𥹛	càn	0
𥹜	jiāo	0
𥹠	tán	0
𥹩	zhì	0
𥹫	mǐ	0
𥹬	kǎo	0
𥹱	yāo	0
𥹲	duì	0
𥹳	quǎn	0
𥹴	bù	0
𥹵	chù	0
𥹶	qiǎo	0
𥹷	liú	0
𥹸	bó	0
𥹺	kāng	0
𥹻	fèn	0
𥺅	dào	0
𥺉	dòu	0
𥺊	gé	0
𥺙	líng	0
𥺚	xí	0
𥺜	nì	0
𥺝	zhōu	0
𥺞	zhōu	0
𥺣	chōu	0
𥺴	niān	0
𥺵	jī	0
𥺷	qū	0
𥻄	kāi	0
𥻇	xiàn	0
𥻉	hé	0
𥻋	lín	0
𥻍	zī	0
𥻑	ǒu	0
𥻒	cù	0
𥻗	chá	0
𥻝	zhòng	0
𥻞	bú	0
𥻤	chōu	0
𥻥	xì	0
𥻦	sà	0
𥻧	xián	0
𥻨	sè	0
𥻩	miàn	0
𥻫	fán	0
𥻬	zhī	0
𥻮	cuì	0
𥻴	xià	0
𥻾	nuò	0
𥻿	lí	0
𥼀	zú	0
𥼂	cuī	0
𥼃	zé	0
𥼅	lí	0
𥼘	qí	0
𥼚	zhuō	0
𥼛	cuì	0
𥼜	pū	0
𥼞	fán	0
𥼟	tán	0
𥼩	zī	0
𥼪	zǔ	0
𥼫	zhōu	0
𥼬	róng	0
𥼭	lín	0
𥼮	tán	0
𥼶	shì	0
𥼺	cuǐ	0
𥼻	zī	0
𥼼	fū	0
𥽁	xiào	0
𥽈	fēng	0
𥽏	xiàn	0
𥽐	jiàn	0
𥽒	fèn	0
𥽗	lì	0
𥽘	mò	0
𥽟	yōu	0
𥽥	huò	0
𥽧	qū	0
𥽬	niàng	0
𥽰	mí	0
𥽳	qì	0
𥽶	hé	0
𥽸	liàn	0
𥽿	zuò	0
𥾂	líng	0
𥾅	zhú	0
𥾇	niǎo	0
𥾊	jǐ	0
𥾋	réng	0
𥾌	jié	0
𥾍	gǎn	0
𥾐	yì	0
𥾓	zhóu	0
𥾕	wù	0
𥾚	gěng	0
𥾛	cù	0
𥾝	miè	0
𥾡	xún	0
𥾣	zhī	0
𥾤	xiáo	0
𥾧	fú	0
𥾨	hú	0
𥾬	dī	0
𥾮	jué	0
𥾯	diào	0
𥾹	shǒu	0
𥾼	wǎng	0
𥿃	nà	0
𥿄	dī	0
𥿅	shì	0
𥿆	cí	0
𥿇	shū	0
𥿉	wà	0
𥿊	chè	0
𥿋	fán	0
𥿍	gū	0
𥿎	yuān	0
𥿑	guān	0
𥿚	qiè	0
𥿜	zhǎn	0
𥿝	dài	0
𥿞	shē	0
𥿦	zhōu	0
𥿧	xiǎng	0
𥿨	míng	0
𥿩	zì	0
𥿪	huāng	0
𥿫	mí	0
𥿭	xì	0
𥿮	zhì	0
𥿯	pài	0
𥿰	duǒ	0
𥿴	cì	0
𥿵	móu	0
𥿷	chào	0
𥿹	yì	0
𥿺	gōu	0
𦀇	jīng	0
𦀓	zēng	0
𦀔	pīng	0
𦀕	yè	0
𦀖	jié	0
𦀘	pī	0
𦀛	shā	0
𦀜	zhuàng	0
𦀝	jiǒng	0
𦀠	liú	0
𦀡	yǔ	0
𦀣	jū	0
𦀨	nuò	0
𦀸	mào	0
𦁄	chēn	0
𦁆	zhuàn	0
𦁇	niàn	0
𦁈	kòng	0
𦁉	jiē	0
𦁊	huà	0
𦁍	xīn	0
𦁎	zuó	0
𦁏	yàn	0
𦁐	jué	0
𦁕	hū	0
𦁖	zhòu	0
𦁗	shè	0
𦁙	yǎn	0
𦁛	xiè	0
𦁜	dié	0
𦁟	chēn	0
𦁲	jiǎn	0
𦁳	jì	0
𦁶	chuò	0
𦁷	hóng	0
𦂀	dá	0
𦂄	kāi	0
𦂅	xīng	0
𦂆	huì	0
𦂇	jiǎn	0
𦂈	zhòu	0
𦂉	zhǎ	0
𦂊	fù	0
𦂋	chì	0
𦂌	běng	0
𦂍	nuò	0
𦂑	jì	0
𦂒	qián	0
𦂔	wàn	0
𦂕	óu	0
𦂖	bì	0
𦂗	shuò	0
𦂠	jīng	0
𦂡	yè	0
𦃄	fěi	0
𦃇	lí	0
𦃊	lì	0
𦃋	pí	0
𦃒	suì	0
𦃓	liú	0
𦃔	hé	0
𦃕	hǔn	0
𦃖	tǎn	0
𦃗	shuò	0
𦃘	zhì	0
𦃙	bó	0
𦃝	xì	0
𦃡	pó	0
𦃢	qǔn	0
𦃤	mù	0
𦃽	yōng	0
𦄂	dài	0
𦄊	qǐ	0
𦄋	diǎo	0
𦄌	niè	0
𦄍	shuǎng	0
𦄏	shāo	0
𦄐	kǔn	0
𦄑	suì	0
𦄓	dōu	0
𦄔	dié	0
𦄜	gōng	0
𦄯	zhuǎn	0
𦄰	guó	0
𦄼	xū	0
𦄽	qú	0
𦅀	xún	0
𦅃	jiāo	0
𦅄	zhé	0
𦅆	diàn	0
𦅇	sāng	0
𦅈	bēng	0
𦅊	suǒ	0
𦅋	qiǎn	0
𦅏	xū	0
𦅑	xún	0
𦅔	mò	0
𦅵	suì	0
𦅶	là	0
𦅷	zhǔ	0
𦅸	zhòu	0
𦅺	lì	0
𦅼	dān	0
𦅽	jú	0
𦅿	yùn	0
𦆀	chǎn	0
𦆁	luó	0
𦆄	sè	0
𦆆	lián	0
𦆈	zuǎn	0
𦆋	lài	0
𦆌	shuǎng	0
𦆍	qiè	0
𦆘	dōu	0
𦆞	wù	0
𦆟	méng	0
𦆡	jì	0
𦆤	chī	0
𦆦	nǐ	0
𦆸	yáo	0
𦆻	là	0
𦆾	lǜ	0
𦇀	suì	0
𦇁	fū	0
𦇄	lěi	0
𦇅	wěi	0
𦇎	cōng	0
𦇔	lì	0
𦇖	pín	0
𦇘	jūn	0
𦇙	jǔ	0
𦇛	là	0
𦇧	jì	0
𦇪	miè	0
𦇬	yào	0
𦇭	biān	0
𦇱	cóng	0
𦇲	sī	0
𦇵	sī	0
𦇸	hé	0
𦈃	nàng	0
𦈅	dié	0
𦈈	chè	0
𦈉	yùn	0
𦈋	xiǔ	0
𦈌	shū	0
𦈎	chǎn	0
𦈏	mín	0
𦈐	lián	0
𦈑	yīn	0
𦈒	xīng	0
𦈓	wēi	0
𦈔	gǔ	0
𦈕	tóu	0
𦈖	tā	0
𦈗	fěi	0
𦈘	dā	0
𦈙	niè	0
𦈚	cù	0
𦈛	zuǒ	0
𦈜	jié	0
𦈝	xuàn	0
𦈞	bó	0
𦈟	jīn	0
𦈠	yǐn	0
𦈡	xū	0
𦈣	yú	0
𦈤	xiòng	0
𦈦	qì	0
𦈧	bēi	0
𦈨	xíng	0
𦈩	gǒng	0
𦈬	zuǐ	0
𦈰	jiē	0
𦈲	kāi	0
𦈵	xíng	0
𦈶	bēi	0
𦈷	shū	0
𦈸	yù	0
𦈺	zhǒu	0
𦈻	zhǎn	0
𦉂	zhōng	0
𦉆	chá	0
𦉈	chuí	0
𦉉	liù	0
𦉎	suī	0
𦉐	zhǔ	0
𦉙	biàn	0
𦉝	xìn	0
𦉟	yà	0
𦉢	líng	0
𦉧	yà	0
𦉬	tīng	0
𦉹	dí	0
𦊁	pí	0
𦊂	hù	0
𦊃	cén	0
𦊊	tiān	0
𦊋	mǒu	0
𦊌	juǎn	0
𦊎	mǒu	0
𦊐	jù	0
𦊑	liǔ	0
𦊓	lǐng	0
𦊗	liǔ	0
𦊘	hù	0
𦊦	fú	0
𦊧	hú	0
𦊪	è	0
𦊫	gōng	0
𦊬	gū	0
𦊱	guà	0
𦊹	lüè	0
𦊻	fán	0
𦊼	lǜ	0
𦊽	méng	0
𦊾	fú	0
𦊿	liú	0
𦋅	xié	0
𦋆	gū	0
𦋈	xiàn	0
𦋉	bó	0
𦋋	jì	0
𦋓	quān	0
𦋔	lù	0
𦋞	shuò	0
𦋡	mǒu	0
𦋢	yù	0
𦋣	hàn	0
𦋩	yuè	0
𦋪	dàn	0
𦋯	yú	0
𦋰	jiān	0
𦋳	gāng	0
𦋿	cáo	0
𦌀	shèn	0
𦌁	liǔ	0
𦌆	jiāo	0
𦌉	sù	0
𦌊	sù	0
𦌋	zhòng	0
𦌒	liào	0
𦌔	xuǎn	0
𦌕	lù	0
𦌗	jì	0
𦌚	yán	0
𦌟	lù	0
𦌡	mǐn	0
𦌢	tí	0
𦌦	huàn	0
𦌩	yì	0
𦌪	tǎn	0
𦌬	wǔ	0
𦌰	jī	0
𦌷	dú	0
𦌸	kūn	0
𦌺	jūn	0
𦌿	shī	0
𦍀	nàn	0
𦍁	pò	0
𦍄	shū	0
𦍅	quàn	0
𦍌	rèn	0
𦍏	fén	0
𦍒	tà	0
𦍓	tún	0
𦍕	yáng	0
𦍠	lì	0
𦍦	duō	0
𦍧	cī	0
𦍩	gǔ	0
𦍪	fén	0
𦍭	róu	0
𦍱	gāo	0
𦍲	xiáng	0
𦍴	xiáng	0
𦍵	hǒu	0
𦍷	tāo	0
𦍸	shàn	0
𦍹	yáng	0
𦍺	zì	0
𦍼	yuán	0
𦎄	sú	0
𦎇	chuàn	0
𦎈	xiáng	0
𦎊	bān	0
𦎌	mǎn	0
𦎎	fǔ	0
𦎏	lǎ	0
𦎐	lǐ	0
𦎒	jié	0
𦎓	yōu	0
𦎘	yù	0
𦎚	chì	0
𦎜	chuàn	0
𦎝	yì	0
𦎞	shān	0
𦎢	jí	0
𦎣	yān	0
𦎦	wù	0
𦎧	chún	0
𦎨	máng	0
𦎭	fú	0
𦎮	jiā	0
𦎯	gòu	0
𦎰	gú	0
𦎱	jiá	0
𦎵	xián	0
𦎷	jìn	0
𦎸	zì	0
𦎹	lóu	0
𦎼	gòu	0
𦏀	rén	0
𦏂	shān	0
𦏅	jué	0
𦏆	tóng	0
𦏇	yǒu	0
𦏔	jiān	0
𦏕	dú	0
𦏗	hú	0
𦏛	sāo	0
𦏜	yù	0
𦏢	mài	0
𦏤	zhī	0
𦏥	yān	0
𦏦	gāo	0
𦏨	huài	0
𦏮	quán	0
𦏱	yǎng	0
𦏳	zuǐ	0
𦏷	xiāo	0
𦏸	yì	0
𦏹	yǎn	0
𦏺	hóng	0
𦏻	yú	0
𦏿	chì	0
𦐁	chí	0
𦐄	háng	0
𦐅	sè	0
𦐆	pā	0
𦐇	tà	0
𦐈	fēn	0
𦐉	chī	0
𦐌	hóng	0
𦐍	xuè	0
𦐖	zhǐ	0
𦐛	qú	0
𦐠	xī	0
𦐡	fú	0
𦐣	shū	0
𦐤	hài	0
𦐦	pò	0
𦐨	cǐ	0
𦐰	chài	0
𦐳	hōng	0
𦐸	pǎo	0
𦐹	shēn	0
𦐺	xiāo	0
𦐽	xuān	0
𦐾	cǐ	0
𦐿	tíng	0
𦑀	pò	0
𦑇	tà	0
𦑈	chā	0
𦑋	zú	0
𦑌	huò	0
𦑍	xù	0
𦑎	yàn	0
𦑏	chài	0
𦑑	tuó	0
𦑘	xián	0
𦑙	xuān	0
𦑚	hóu	0
𦑛	huǎn	0
𦑜	gé	0
𦑝	chǒng	0
𦑞	bì	0
𦑟	hōng	0
𦑠	hōng	0
𦑡	chí	0
𦑣	chá	0
𦑯	zhǎ	0
𦑱	zhái	0
𦑲	tà	0
𦑵	pò	0
𦑶	tà	0
𦑸	yóu	0
𦑹	fú	0
𦑺	cī	0
𦑻	dá	0
𦑼	tǎ	0
𦑾	liú	0
𦒁	cī	0
𦒃	hōng	0
𦒅	hàn	0
𦒆	lā	0
𦒈	shī	0
𦒍	tóng	0
𦒎	huì	0
𦒏	hé	0
𦒐	piē	0
𦒑	yù	0
𦒜	xiān	0
𦒝	hǎn	0
𦒟	pò	0
𦒦	là	0
𦒧	huò	0
𦒰	tài	0
𦒴	lǎo	0
𦒶	shù	0
𦒺	dào	0
𦒻	diǎn	0
𦓈	xiòng	0
𦓋	wàng	0
𦓍	chě	0
𦓎	nài	0
𦓐	jué	0
𦓓	ér	0
𦓔	ér	0
𦓕	nǘ	0
𦓖	nǜ	0
𦓝	zhuǎn	0
𦓢	nuò	0
𦓤	liè	0
𦓥	lěi	0
𦓧	bā	0
𦓬	chēng	0
𦓯	guī	0
𦓰	quán	0
𦓱	gè	0
𦓳	gǒng	0
𦓴	shào	0
𦓹	lái	0
𦓺	zhēng	0
𦓻	yì	0
𦓼	gǔn	0
𦓽	wēi	0
𦓾	lǔn	0
𦔂	shí	0
𦔃	yīng	0
𦔄	shěng	0
𦔅	tú	0
𦔆	bì	0
𦔈	zé	0
𦔉	zhòng	0
𦔋	rǒng	0
𦔌	qí	0
𦔍	fù	0
𦔎	cè	0
𦔓	lí	0
𦔔	mán	0
𦔖	lián	0
𦔗	biāo	0
𦔛	chuáng	0
𦔜	yì	0
𦔠	pài	0
𦔥	yì	0
𦔦	kuài	0
𦔩	biāo	0
𦔫	chì	0
𦔬	qú	0
𦔭	mò	0
𦔮	zhé	0
𦔯	shà	0
𦔰	shà	0
𦔷	yāo	0
𦔸	gōng	0
𦔹	nài	0
𦔼	xiè	0
𦔿	tiàn	0
𦕆	yé	0
𦕉	shā	0
𦕏	sào	0
𦕒	diān	0
𦕓	xù	0
𦕙	qú	0
𦕠	hōng	0
𦕡	shèng	0
𦕢	tìng	0
𦕰	duo	0
𦕵	liáo	0
𦕷	hòng	0
𦕸	lǐ	0
𦕺	xiǎng	0
𦕽	shèn	0
𦖀	fū	0
𦖈	yǎn	0
𦖉	wǎng	0
𦖊	qī	0
𦖋	duǒ	0
𦖍	huà	0
𦖎	qiān	0
𦖐	xiè	0
𦖝	cì	0
𦖞	shēng	0
𦖢	èr	0
𦖤	xīng	0
𦖦	tuì	0
𦖧	yàn	0
𦖩	liè	0
𦖬	mí	0
𦖸	zòng	0
𦖺	zī	0
𦖼	hú	0
𦖽	yíng	0
𦖾	lián	0
𦖿	dā	0
𦗀	tián	0
𦗁	tiàn	0
𦗋	róng	0
𦗍	ài	0
𦗐	ài	0
𦗑	zhé	0
𦗒	guō	0
𦗓	lù	0
𦗔	zhāo	0
𦗕	mí	0
𦗖	liáo	0
𦗗	zhé	0
𦗛	qǔ	0
𦗜	cōng	0
𦗟	tīng	0
𦗡	tán	0
𦗢	zhǎn	0
𦗣	hú	0
𦗥	piē	0
𦗧	dā	0
𦗨	róng	0
𦗮	nǎo	0
𦗳	náng	0
𦗴	dāng	0
𦗵	jiǎo	0
𦗻	jù	0
𦗼	ěr	0
𦘊	lì	0
𦘌	guō	0
𦘍	wài	0
𦘒	niè	0
𦘔	jīn	0
𦘩	pǐ	0
𦘪	chì	0
𦘲	pǐ	0
𦘳	yì	0
𦘴	dū	0
𦘵	wǎ	0
𦘶	xūn	0
𦘸	qì	0
𦘹	shàn	0
𦘼	xū	0
𦘿	hē	0
𦙀	pàn	0
𦙂	pēi	0
𦙄	xiōng	0
𦙆	chǐ	0
𦙇	tān	0
𦙈	zuì	0
𦙉	zuǎn	0
𦙊	qì	0
𦙋	dū	0
𦙙	shuǐ	0
𦙜	nǎ	0
𦙝	xī	0
𦙧	chǎo	0
𦙨	yì	0
𦙫	zhēng	0
𦙮	jú	0
𦙯	dài	0
𦙱	sān	0
𦙴	zhù	0
𦙵	wàn	0
𦙶	gǔ	0
𦙸	sān	0
𦙹	bàn	0
𦙺	jià	0
𦙻	mài	0
𦚈	tuò	0
𦚊	qì	0
𦚏	zhuāng	0
𦚐	tuó	0
𦚓	píng	0
𦚝	pēng	0
𦚞	kuāng	0
𦚟	yí	0
𦚡	xiè	0
𦚢	yuē	0
𦚣	hén	0
𦚥	hóu	0
𦚦	zhēng	0
𦚧	chǔn	0
𦚨	shì	0
𦚩	wǎ	0
𦚫	xié	0
𦚸	gèng	0
𦛅	è	0
𦛏	kú	0
𦛐	nà	0
𦛓	jū	0
𦛔	xuàn	0
𦛕	qū	0
𦛖	chè	0
𦛗	lǚ	0
𦛘	hé	0
𦛙	shèng	0
𦛚	nàn	0
𦛜	hé	0
𦛝	chá	0
𦛞	yān	0
𦛟	gěng	0
𦛠	niè	0
𦛢	guó	0
𦛣	yán	0
𦛤	guǎn	0
𦛧	zhì	0
𦛨	láo	0
𦛯	dǔ	0
𦛰	qì	0
𦛱	qū	0
𦛲	jué	0
𦜁	fēng	0
𦜃	xù	0
𦜄	tuì	0
𦜆	hán	0
𦜇	kū	0
𦜊	shēn	0
𦜋	zhì	0
𦜍	pàng	0
𦜎	zhēng	0
𦜏	lì	0
𦜐	wǎn	0
𦜒	fǎn	0
𦜓	xìn	0
𦜖	yà	0
𦜛	jū	0
𦜜	shèn	0
𦜭	mǎng	0
𦜯	tǔn	0
𦜰	zhuó	0
𦜱	xī	0
𦜲	yìn	0
𦜳	jīng	0
𦜴	tún	0
𦜷	gèng	0
𦜸	jì	0
𦝏	zhuǎn	0
𦝒	tiē	0
𦝔	zhī	0
𦝖	jí	0
𦝚	yíng	0
𦝛	wèi	0
𦝝	huàn	0
𦝞	tíng	0
𦝟	chán	0
𦝢	kuí	0
𦝣	qià	0
𦝤	bàn	0
𦝥	chā	0
𦝦	tuǒ	0
𦝧	nǎn	0
𦝨	jiē	0
𦝪	yān	0
𦝬	tú	0
𦝮	wěn	0
𦝰	cōng	0
𦝳	xù	0
𦝴	yìn	0
𦝷	bèng	0
𦝼	lǘ	0
𦞁	zāi	0
𦞂	dā	0
𦞆	niè	0
𦞇	jǔ	0
𦞈	hóu	0
𦞌	gèng	0
𦞕	hóu	0
𦞖	kān	0
𦞗	gōng	0
𦞙	huǐ	0
𦞚	xiè	0
𦞝	xì	0
𦞞	hán	0
𦞟	mí	0
𦞡	wěng	0
𦞢	hùn	0
𦞣	sāo	0
𦞤	xìn	0
𦞥	zhé	0
𦞦	huò	0
𦞨	gōng	0
𦞫	sài	0
𦞬	jīn	0
𦞭	wā	0
𦞱	duǐ	0
𦞲	chī	0
𦞽	xī	0
𦟂	mí	0
𦟃	zāng	0
𦟄	sǎng	0
𦟓	tún	0
𦟔	zhì	0
𦟕	wěn	0
𦟘	yín	0
𦟙	tǔn	0
𦟛	chōng	0
𦟜	zé	0
𦟞	xiāo	0
𦟟	mó	0
𦟠	cù	0
𦟣	biǎn	0
𦟤	xiū	0
𦟧	yí	0
𦟮	huǎng	0
𦟰	zhā	0
𦟱	suō	0
𦟲	hún	0
𦟳	jù	0
𦠁	cù	0
𦠄	jī	0
𦠅	xún	0
𦠆	sǔn	0
𦠇	céng	0
𦠉	yì	0
𦠎	biāo	0
𦠒	jué	0
𦠓	lì	0
𦠖	pào	0
𦠛	zā	0
𦠜	yè	0
𦠞	bì	0
𦠟	zhè	0
𦠠	zhè	0
𦠢	jiù	0
𦠣	zhé	0
𦠦	shù	0
𦠪	xī	0
𦠷	xǔ	0
𦠸	nǎi	0
𦠹	xián	0
𦠺	gǔn	0
𦠻	wèi	0
𦠾	jí	0
𦠿	sà	0
𦡂	dǒng	0
𦡃	nuó	0
𦡄	dù	0
𦡅	zhēng	0
𦡆	kū	0
𦡉	míng	0
𦡕	báo	0
𦡖	huì	0
𦡙	zōng	0
𦡨	sàn	0
𦡪	tēng	0
𦡫	yí	0
𦡭	yù	0
𦡱	yào	0
𦡲	nǐng	0
𦡴	chóu	0
𦡵	hùn	0
𦡷	duì	0
𦡹	qì	0
𦡺	yǐng	0
𦡻	bìng	0
𦡼	níng	0
𦡽	huáng	0
𦢆	yǐng	0
𦢊	báo	0
𦢎	guàng	0
𦢏	lěi	0
𦢐	zǔn	0
𦢙	chǎn	0
𦢣	jiǎn	0
𦢧	méng	0
𦢩	xiào	0
𦢯	xìn	0
𦢱	lí	0
𦢺	qiǎo	0
𦢿	wěi	0
𦣀	nà	0
𦣂	pāng	0
𦣄	léi	0
𦣇	luó	0
𦣋	luán	0
𦣍	gēng	0
𦣏	luán	0
𦣒	qú	0
𦣖	luó	0
𦣘	náng	0
𦣛	luó	0
𦣜	yuè	0
𦣢	shuì	0
𦣥	mì	0
𦣦	wáng	0
𦣧	cè	0
𦣨	jiān	0
𦣩	wǎng	0
𦣯	jiā	0
𦣴	huán	0
𦣸	liàn	0
𦣹	zì	0
𦣺	bái	0
𦣻	shǒu	0
𦣾	wǎn	0
𦤂	shū	0
𦤇	guī	0
𦤈	xī	0
𦤊	rú	0
𦤋	yào	0
𦤎	gāo	0
𦤕	yuè	0
𦤘	yōng	0
𦤙	wà	0
𦤚	bó	0
𦤟	xìn	0
𦤢	pì	0
𦤣	bó	0
𦤦	hài	0
𦤧	zhài	0
𦤨	wò	0
𦤪	yè	0
𦤫	bì	0
𦤬	hài	0
𦤸	chì	0
𦤻	zhì	0
𦤽	ní	0
𦥁	wú	0
𦥂	ǎi	0
𦥈	ǎi	0
𦥉	yǔ	0
𦥊	chì	0
𦥍	jìng	0
𦥎	zhì	0
𦥏	zhì	0
𦥐	zhì	0
𦥑	jú	0
𦥖	hán	0
𦥚	pīng	0
𦥝	yǎo	0
𦥣	yóu	0
𦥤	pīng	0
𦥦	mò	0
𦥬	zuò	0
𦥭	pò	0
𦥯	xué	0
𦥰	kuáng	0
𦥱	yì	0
𦥲	pò	0
𦥻	zhuì	0
𦦃	ní	0
𦦄	qiǔ	0
𦦅	còu	0
𦦌	yǎo	0
𦦑	fén	0
𦦕	xiá	0
𦦗	jiāng	0
𦦘	chā	0
𦦛	xiào	0
𦦜	chā	0
𦦢	chéng	0
𦦣	cuì	0
𦦧	qióng	0
𦦩	yù	0
𦦫	yú	0
𦦯	wèn	0
𦦱	chā	0
𦦲	yǔ	0
𦦹	zuó	0
𦦺	dǎo	0
𦦽	juàn	0
𦦾	dǎo	0
𦦿	yīng	0
𦧁	fěng	0
𦧅	wèng	0
𦧈	jìn	0
𦧉	qì	0
𦧋	qìn	0
𦧍	kuò	0
𦧏	tān	0
𦧐	xiān	0
𦧒	tiān	0
𦧔	kuò	0
𦧖	tiàn	0
𦧘	hú	0
𦧙	zhū	0
𦧚	zhān	0
𦧛	tà	0
𦧝	tiān	0
𦧞	tà	0
𦧟	tà	0
𦧠	huá	0
𦧡	yǎn	0
𦧢	tiè	0
𦧤	tiè	0
𦧥	tà	0
𦧬	huài	0
𦧮	jiá	0
𦧯	qì	0
𦧱	tà	0
𦧴	tān	0
𦧵	huà	0
𦧸	zhuàn	0
𦧹	huā	0
𦧼	lán	0
𦨆	zūn	0
𦨇	yì	0
𦨈	fú	0
𦨉	wù	0
𦨋	fú	0
𦨍	dīng	0
𦨎	tà	0
𦨖	chào	0
𦨙	rì	0
𦨚	quǎn	0
𦨜	gē	0
𦨡	fú	0
𦨢	dì	0
𦨣	diāo	0
𦨤	yǒng	0
𦨦	jià	0
𦨩	lóng	0
𦨬	yǒng	0
𦨭	pí	0
𦨯	huó	0
𦨰	qióng	0
𦨲	fán	0
𦨳	wú	0
𦨴	tóng	0
𦨵	háng	0
𦨸	tān	0
𦨾	hēng	0
𦩄	tiāo	0
𦩈	zhōu	0
𦩋	bài	0
𦩌	xiè	0
𦩍	dāo	0
𦩏	jīn	0
𦩕	hū	0
𦩖	bēi	0
𦩘	dìng	0
𦩜	nuó	0
𦩝	wèi	0
𦩞	yú	0
𦩠	xīng	0
𦩡	fú	0
𦩢	xiàn	0
𦩣	qì	0
𦩤	tū	0
𦩧	jí	0
𦩩	yìng	0
𦩫	dèng	0
𦩬	wēi	0
𦩭	xī	0
𦩯	pái	0
𦩱	shéng	0
𦩲	yǒu	0
𦩴	ái	0
𦩵	jiàn	0
𦩷	gōu	0
𦩸	ruò	0
𦩼	gòng	0
𦩿	shà	0
𦪀	táng	0
𦪇	lù	0
𦪈	áo	0
𦪊	qì	0
𦪋	xiū	0
𦪍	dāi	0
𦪑	fá	0
𦪒	wèi	0
𦪔	dùn	0
𦪕	liáo	0
𦪖	fān	0
𦪗	huáng	0
𦪘	jué	0
𦪙	tà	0
𦪚	zùn	0
𦪛	ráo	0
𦪜	cān	0
𦪝	téng	0
𦪠	huà	0
𦪡	xū	0
𦪣	zhān	0
𦪧	gǎn	0
𦪪	péng	0
𦪫	cān	0
𦪬	xiē	0
𦪭	dá	0
𦪱	jì	0
𦪶	lǐ	0
𦪹	pán	0
𦪽	lóng	0
𦪾	lì	0
𦪿	xí	0
𦫀	téng	0
𦫃	líng	0
𦫈	lǐ	0
𦫉	rán	0
𦫊	líng	0
𦫎	gǔn	0
𦫔	pō	0
𦫕	mò	0
𦫖	pāi	0
𦫙	bà	0
𦫡	qí	0
𦫤	yán	0
𦫪	wà	0
𦫫	ǎng	0
𦫭	mìng	0
𦫮	mǐn	0
𦫯	xùn	0
𦫰	méng	0
𦫳	guǎi	0
𦫶	jiāo	0
𦫻	gǎi	0
𦬁	cái	0
𦬂	wù	0
𦬃	zhé	0
𦬄	rěn	0
𦬅	kōu	0
𦬔	zhǎo	0
𦬕	zhōng	0
𦬖	qiú	0
𦬗	guō	0
𦬘	gōng	0
𦬙	pū	0
𦬚	hù	0
𦬛	miǎn	0
𦬞	tiān	0
𦬣	wǎng	0
𦬸	zhú	0
𦬹	dá	0
𦬺	xiòng	0
𦬻	ná	0
𦬾	juān	0
𦭁	niǎn	0
𦭈	hù	0
𦭉	shā	0
𦭜	zhī	0
𦭟	tā	0
𦭡	sī	0
𦭥	yì	0
𦭭	qióng	0
𦭮	zhì	0
𦭯	lǚ	0
𦭰	rú	0
𦭲	qí	0
𦭳	yǔ	0
𦭴	zhōu	0
𦭵	yáng	0
𦭶	xiǎn	0
𦭷	móu	0
𦭸	chóu	0
𦭹	huī	0
𦭺	jiū	0
𦭻	jiù	0
𦭼	piǎo	0
𦮁	jiào	0
𦮃	guāi	0
𦮅	mò	0
𦮐	xī	0
𦮑	pú	0
𦮯	jì	0
𦮶	wěn	0
𦮷	bèi	0
𦮸	yǐ	0
𦮹	fú	0
𦮺	sī	0
𦮻	juān	0
𦮼	jì	0
𦮾	nì	0
𦯀	bèn	0
𦯅	xù	0
𦯈	qǐn	0
𦯉	bó	0
𦯌	wáng	0
𦯍	zhè	0
𦯏	wò	0
𦯐	sháo	0
𦯑	zào	0
𦯒	yǎng	0
𦯕	sòng	0
𦯖	niè	0
𦯛	bì	0
𦯣	cú	0
𦯤	qiāng	0
𦯪	xiào	0
𦯫	zhī	0
𦯬	shé	0
𦯯	zhì	0
𦯰	pēng	0
𦰏	diào	0
𦰖	wò	0
𦰘	zhǐ	0
𦰙	bì	0
𦰛	fén	0
𦰡	nà	0
𦰥	bāng	0
𦰪	qiú	0
𦰫	nǐ	0
𦰬	bó	0
𦰭	dùn	0
𦰯	shǐ	0
𦰰	xū	0
𦰱	cháng	0
𦰲	xū	0
𦰳	yé	0
𦰴	mí	0
𦰸	xīn	0
𦰹	zhuó	0
𦰺	fù	0
𦰽	pǐ	0
𦰾	xuè	0
𦱀	yù	0
𦱁	xián	0
𦱂	yù	0
𦱃	yú	0
𦱅	jū	0
𦱆	tā	0
𦱇	kōng	0
𦱊	zhēng	0
𦱋	méng	0
𦱌	gāng	0
𦱒	mù	0
𦱓	xǐ	0
𦱔	bì	0
𦱖	fù	0
𦱜	xiào	0
𦱠	jiū	0
𦱣	gǒu	0
𦱰	chí	0
𦱱	jiū	0
𦱲	jiū	0
𦱵	shā	0
𦱷	fēi	0
𦲫	fú	0
𦲯	wàn	0
𦲰	xū	0
𦲱	bō	0
𦳁	hào	0
𦳃	xié	0
𦳄	pián	0
𦳅	yǔ	0
𦳇	tián	0
𦳈	pí	0
𦳊	shǐ	0
𦳋	kuǎi	0
𦳌	jī	0
𦳏	zhā	0
𦳐	nài	0
𦳑	mǒu	0
𦳓	fú	0
𦳔	dù	0
𦳗	shěng	0
𦳘	chá	0
𦳚	chí	0
𦳛	guǐ	0
𦳜	mín	0
𦳝	tāng	0
𦳞	bài	0
𦳟	qiāng	0
𦳡	zhuó	0
𦳢	wèi	0
𦳣	xún	0
𦳥	miǎo	0
𦳦	zāi	0
𦳧	yóu	0
𦳩	yòu	0
𦳫	shān	0
𦳬	hé	0
𦳭	lǚ	0
𦳮	zhí	0
𦳲	jìng	0
𦳳	zhēn	0
𦳶	méng	0
𦳷	yóu	0
𦳹	wò	0
𦳺	bá	0
𦳽	juàn	0
𦳾	rú	0
𦳿	còu	0
𦴀	zhī	0
𦴇	qióng	0
𦴉	hú	0
𦴊	yāng	0
𦴌	jùn	0
𦴍	shé	0
𦴎	kòu	0
𦴑	qián	0
𦴔	méng	0
𦴚	tiáo	0
𦵐	niè	0
𦵟	chí	0
𦵡	xiōng	0
𦵣	hùn	0
𦵦	dí	0
𦵧	láng	0
𦵩	zāo	0
𦵪	cè	0
𦵫	suǒ	0
𦵬	zù	0
𦵭	suī	0
𦵯	xiá	0
𦵱	xiè	0
𦵴	jié	0
𦵵	yóu	0
𦵷	gòu	0
𦵸	gěng	0
𦵼	jùn	0
𦵽	huǎng	0
𦵾	jí	0
𦵿	pōu	0
𦶀	wū	0
𦶂	yì	0
𦶅	nǎi	0
𦶇	rǒng	0
𦶈	nán	0
𦶊	píng	0
𦶋	shàn	0
𦶌	diāo	0
𦶍	jí	0
𦶎	huā	0
𦶏	duì	0
𦶐	kǒng	0
𦶑	tà	0
𦶓	hòng	0
𦶕	shū	0
𦶙	héng	0
𦶚	fěn	0
𦶲	kòu	0
𦷙	nián	0
𦷝	chú	0
𦷦	qiàng	0
𦷲	xì	0
𦷳	hú	0
𦷴	sòng	0
𦷵	wò	0
𦷷	hài	0
𦷸	rú	0
𦷹	méng	0
𦷻	sǎn	0
𦷽	wú	0
𦷿	yóu	0
𦸁	tān	0
𦸂	shēn	0
𦸆	qǐ	0
𦸈	guó	0
𦸉	qià	0
𦸊	xiān	0
𦸏	suī	0
𦸐	lù	0
𦸓	qī	0
𦸔	diāo	0
𦸗	qí	0
𦸘	jiá	0
𦸙	yóu	0
𦸚	xí	0
𦸛	cháo	0
𦸡	mì	0
𦸢	lòu	0
𦸣	bǐ	0
𦸪	péi	0
𦸮	zhēn	0
𦸯	shēn	0
𦸰	chǎn	0
𦸱	fù	0
𦸶	qū	0
𦸷	sī	0
𦸺	zuī	0
𦹫	zhào	0
𦹽	pí	0
𦺀	còu	0
𦺆	gāo	0
𦺇	dú	0
𦺉	fū	0
𦺊	guān	0
𦺋	sǎo	0
𦺌	sǒu	0
𦺍	jiǎn	0
𦺎	póu	0
𦺐	cán	0
𦺑	bèng	0
𦺒	mòu	0
𦺓	zhāo	0
𦺔	xiáo	0
𦺖	jú	0
𦺗	shū	0
𦺘	jiǎn	0
𦺙	lí	0
𦺛	chuàn	0
𦺜	lào	0
𦺞	hè	0
𦺟	hú	0
𦺠	gū	0
𦺡	zhǎng	0
𦺢	jié	0
𦺣	xiàng	0
𦺥	dū	0
𦺦	hán	0
𦺧	jiá	0
𦺨	xiàng	0
𦺩	jí	0
𦺪	shǔ	0
𦺫	làng	0
𦺬	jī	0
𦺭	shān	0
𦺰	tāo	0
𦺱	zī	0
𦺲	shuàn	0
𦺴	jí	0
𦺵	chù	0
𦺶	jì	0
𦺷	shēn	0
𦺸	lìn	0
𦺹	liáo	0
𦺻	sǎn	0
𦺽	ǎn	0
𦺾	ruǎn	0
𦻀	tí	0
𦻁	dàn	0
𦻃	huán	0
𦻅	sà	0
𦻕	yǐn	0
𦼆	ruí	0
𦼇	wū	0
𦼈	jù	0
𦼉	huán	0
𦼊	léng	0
𦼋	lù	0
𦼎	tān	0
𦼏	zēng	0
𦼓	qián	0
𦼗	xī	0
𦼡	cǐ	0
𦼢	shé	0
𦼧	sà	0
𦼪	mào	0
𦼫	qú	0
𦼭	bó	0
𦼮	gǎn	0
𦼰	qiè	0
𦼱	juàn	0
𦼲	dāng	0
𦼳	cháng	0
𦼴	yáng	0
𦼵	hé	0
𦼷	jī	0
𦼹	bǐng	0
𦼻	méi	0
𦼿	dūn	0
𦽀	ǎo	0
𦽁	jīng	0
𦽂	lù	0
𦽃	miàn	0
𦽄	diàn	0
𦽅	hè	0
𦽇	jiān	0
𦽊	huá	0
𦽋	gōu	0
𦽎	lù	0
𦽏	fú	0
𦽐	huǐ	0
𦽒	zéi	0
𦽔	jìn	0
𦽕	sī	0
𦽖	qūn	0
𦽜	dàn	0
𦽞	wàn	0
𦽟	biǎn	0
𦽤	jiá	0
𦽫	dǎn	0
𦽬	jiū	0
𦽭	xián	0
𦽮	bó	0
𦾏	xiá	0
𦾑	biāo	0
𦾕	pò	0
𦾘	sǎo	0
𦾙	bèi	0
𦾚	shà	0
𦾛	wěi	0
𦾝	cāng	0
𦾞	lù	0
𦾩	dàn	0
𦾫	gǔ	0
𦾬	zā	0
𦾭	bǎng	0
𦾮	gàn	0
𦾱	chāo	0
𦾲	jì	0
𦾳	liē	0
𦾵	qióng	0
𦾶	jiàn	0
𦾷	lù	0
𦾸	duān	0
𦾹	suān	0
𦾺	yáo	0
𦾻	yǐn	0
𦾽	tà	0
𦾾	yáo	0
𦾿	jīng	0
𦿀	chú	0
𦿁	fú	0
𦿂	yuán	0
𦿃	shǎo	0
𦿅	bìng	0
𦿆	dàng	0
𦿇	shì	0
𦿊	lú	0
𦿋	qiè	0
𦿌	luó	0
𦿍	pò	0
𦿏	méng	0
𦿐	jié	0
𦿓	jī	0
𦿖	lù	0
𧀄	chàng	0
𧀅	miè	0
𧀆	méng	0
𧀇	jiǎn	0
𧀊	cǎi	0
𧀌	sù	0
𧀔	hè	0
𧀕	sà	0
𧀗	zī	0
𧀘	kēng	0
𧀙	gěng	0
𧀚	sī	0
𧀠	tí	0
𧀡	zhàn	0
𧀢	xiè	0
𧀣	shuí	0
𧀤	chǐ	0
𧀥	yōu	0
𧀦	lǔ	0
𧀧	mèng	0
𧀨	liè	0
𧀩	sì	0
𧀬	xī	0
𧀭	fán	0
𧀮	fū	0
𧀯	shěn	0
𧀰	tí	0
𧀱	chài	0
𧀲	yuè	0
𧀴	fū	0
𧀵	jiàn	0
𧀶	dì	0
𧀹	zhè	0
𧀺	xié	0
𧀻	dān	0
𧀿	zhí	0
𧁃	xù	0
𧁈	niè	0
𧁉	fàn	0
𧁊	méng	0
𧁋	mǐn	0
𧁾	lóu	0
𧁿	dú	0
𧂁	zhàn	0
𧂂	jiàn	0
𧂃	hàn	0
𧂄	dàn	0
𧂅	sēn	0
𧂆	jiàn	0
𧂇	tán	0
𧂈	jiǎo	0
𧂉	pó	0
𧂋	píng	0
𧂍	zhuàn	0
𧂏	liáo	0
𧂐	zì	0
𧂒	zhuó	0
𧂔	hù	0
𧂙	xì	0
𧂛	méng	0
𧂜	jù	0
𧂝	miè	0
𧂞	xián	0
𧂠	kuì	0
𧂡	méng	0
𧂢	jiān	0
𧂦	nóu	0
𧂨	dì	0
𧂩	sāo	0
𧃏	chù	0
𧃐	zhí	0
𧃑	qián	0
𧃒	lǚ	0
𧃔	zhuó	0
𧃘	zuò	0
𧃙	hán	0
𧃚	suǐ	0
𧃛	gòu	0
𧃝	chǒu	0
𧃞	jì	0
𧃟	yì	0
𧃠	yú	0
𧃨	nóu	0
𧃩	nǐ	0
𧃪	ruò	0
𧃮	lín	0
𧃱	níng	0
𧄍	qiáo	0
𧄎	yáo	0
𧄏	fù	0
𧄐	shuāng	0
𧄑	kuì	0
𧄒	qú	0
𧄓	dǒng	0
𧄔	shǔ	0
𧄚	lí	0
𧄛	jú	0
𧄜	ruǐ	0
𧄠	zhá	0
𧄤	xiāo	0
𧄸	mén	0
𧄹	shí	0
𧄺	diān	0
𧄻	lì	0
𧄼	dèng	0
𧄽	zàn	0
𧄿	luó	0
𧅀	cán	0
𧅃	āo	0
𧅆	jiǎn	0
𧅈	diào	0
𧅋	yíng	0
𧅖	yì	0
𧅗	dǎng	0
𧅘	nóu	0
𧅚	yuè	0
𧅮	lǐ	0
𧅯	lí	0
𧅰	hù	0
𧅲	yòu	0
𧅺	nàng	0
𧆂	chèn	0
𧆉	fēng	0
𧆊	biē	0
𧆏	mǎn	0
𧆐	gàn	0
𧆑	huò	0
𧆓	cū	0
𧆕	yǒu	0
𧆘	yòu	0
𧆜	xū	0
𧆡	xù	0
𧆢	hǔ	0
𧆣	lú	0
𧆥	xiá	0
𧆦	yì	0
𧆮	hǔ	0
𧆯	hù	0
𧆰	zǐ	0
𧆷	gōng	0
𧆸	tuī	0
𧆹	wū	0
𧆺	líng	0
𧆻	gū	0
𧆼	zhōng	0
𧇄	lú	0
𧇈	zù	0
𧇌	tóng	0
𧇍	xiā	0
𧇎	hé	0
𧇓	yuè	0
𧇙	nán	0
𧇚	bó	0
𧇛	hū	0
𧇜	qì	0
𧇝	shú	0
𧇞	qiāng	0
𧇟	zhōu	0
𧇠	yào	0
𧇡	gū	0
𧇥	bān	0
𧇦	kǎn	0
𧇮	hé	0
𧇯	jì	0
𧇰	hú	0
𧇱	yán	0
𧇶	chūn	0
𧇷	dǐng	0
𧇸	qiū	0
𧇹	hóu	0
𧇼	hào	0
𧇿	zù	0
𧈁	xián	0
𧈄	xià	0
𧈅	xì	0
𧈈	sè	0
𧈌	gé	0
𧈍	xì	0
𧈑	gé	0
𧈔	lǚ	0
𧈖	gé	0
𧈗	kè	0
𧈙	shòu	0
𧈚	zhù	0
𧈜	téng	0
𧈝	yà	0
𧈞	nì	0
𧈦	luò	0
𧈧	suī	0
𧈪	chǎn	0
𧈭	wù	0
𧈯	yū	0
𧈹	zǎo	0
𧈻	yì	0
𧈼	xī	0
𧈽	hóng	0
𧈾	quán	0
𧈿	wǎng	0
𧉀	chǐ	0
𧉁	xì	0
𧉂	tiǎn	0
𧉃	yǔn	0
𧉅	yī	0
𧉆	jí	0
𧉇	huī	0
𧉈	fóu	0
𧉊	fǔ	0
𧉍	jí	0
𧉎	xuán	0
𧉐	shuāng	0
𧉑	tài	0
𧉓	dù	0
𧉗	yuán	0
𧉛	dì	0
𧉞	zhǔ	0
𧉟	tāi	0
𧉡	rǒng	0
𧉢	xué	0
𧉣	yù	0
𧉤	fàn	0
𧉥	běi	0
𧉧	qǔ	0
𧉩	bù	0
𧉪	jiā	0
𧉫	zhá	0
𧉭	nǔ	0
𧉮	shé	0
𧉲	lì	0
𧊄	guǐ	0
𧊅	guǎi	0
𧊇	dài	0
𧊏	gāi	0
𧊒	cì	0
𧊔	yǎn	0
𧊕	sōng	0
𧊖	shì	0
𧊘	kù	0
𧊙	zhǐ	0
𧊚	tóng	0
𧊛	qú	0
𧊜	è	0
𧊞	xíng	0
𧊟	rú	0
𧊠	yú	0
𧊣	yì	0
𧊤	yì	0
𧊥	xù	0
𧊦	fǒu	0
𧊧	gé	0
𧊬	hé	0
𧊭	yīn	0
𧊯	hòng	0
𧊱	duǒ	0
𧊽	xíng	0
𧊾	fán	0
𧋉	qī	0
𧋊	shā	0
𧋌	dù	0
𧋍	dì	0
𧋎	lí	0
𧋏	yì	0
𧋐	xí	0
𧋑	gěng	0
𧋒	tóng	0
𧋓	kào	0
𧋔	hòng	0
𧋕	kùn	0
𧋖	niè	0
𧋗	chí	0
𧋘	tí	0
𧋚	tóng	0
𧋠	lí	0
𧋡	nà	0
𧋱	zhān	0
𧋲	běi	0
𧌁	tiáo	0
𧌃	zā	0
𧌄	è	0
𧌅	shòu	0
𧌆	kōng	0
𧌇	péng	0
𧌈	fù	0
𧌉	lù	0
𧌊	xiè	0
𧌋	xiè	0
𧌌	xiū	0
𧌍	lù	0
𧌎	tiǎn	0
𧌏	tà	0
𧌐	cì	0
𧌑	qū	0
𧌓	fù	0
𧌔	zhī	0
𧌖	xiè	0
𧌗	zǒu	0
𧌘	fèi	0
𧌙	mín	0
𧌚	xīng	0
𧌝	tóng	0
𧌞	qí	0
𧌠	piāo	0
𧌢	suì	0
𧌣	ěr	0
𧌧	hǔ	0
𧌻	sōng	0
𧌽	biē	0
𧌾	dīng	0
𧌿	bǎn	0
𧍀	shī	0
𧍁	xiè	0
𧍂	xiáo	0
𧍃	fěi	0
𧍒	chuǎn	0
𧍓	shuài	0
𧍔	yāo	0
𧍕	jué	0
𧍖	shěng	0
𧍘	yōu	0
𧍙	fàn	0
𧍜	kuí	0
𧍝	dì	0
𧍟	máo	0
𧍠	jié	0
𧍢	yán	0
𧍥	wēi	0
𧍨	sāng	0
𧍩	jié	0
𧍪	yú	0
𧍫	wèi	0
𧍬	è	0
𧍭	quán	0
𧍮	jiǒng	0
𧍯	féng	0
𧍰	lóng	0
𧍱	dié	0
𧍲	pián	0
𧍴	liàn	0
𧍵	hú	0
𧍶	lǜ	0
𧍿	diàn	0
𧎃	cuì	0
𧎄	móu	0
𧎕	wáng	0
𧎖	juān	0
𧎗	kē	0
𧎘	yán	0
𧎙	jiǎo	0
𧎡	gōng	0
𧎣	róng	0
𧎤	sūn	0
𧎥	shàn	0
𧎨	chí	0
𧎪	qí	0
𧎫	suǒ	0
𧎭	yè	0
𧎮	zǎo	0
𧎯	quē	0
𧎰	zhǎn	0
𧎱	bā	0
𧎲	zú	0
𧎳	suǒ	0
𧎴	zhé	0
𧎵	xì	0
𧎷	chǔ	0
𧎸	jiǎo	0
𧎹	zuì	0
𧎺	gē	0
𧎻	wù	0
𧎾	lüè	0
𧎿	jí	0
𧏂	xié	0
𧏃	xié	0
𧏆	dǒu	0
𧏋	qiū	0
𧏑	píng	0
𧏓	liú	0
𧏖	pín	0
𧏗	cī	0
𧏥	jié	0
𧏧	huì	0
𧏫	shà	0
𧏸	zhí	0
𧏹	ài	0
𧏺	xù	0
𧏻	bì	0
𧏽	yē	0
𧏾	nì	0
𧏿	zhú	0
𧐁	sù	0
𧐃	xié	0
𧐄	yù	0
𧐅	qū	0
𧐈	zú	0
𧐉	zhī	0
𧐊	zhāng	0
𧐋	lüè	0
𧐌	wěi	0
𧐍	chōng	0
𧐎	mì	0
𧐐	jī	0
𧐒	sù	0
𧐓	yě	0
𧐔	xí	0
𧐕	tuán	0
𧐖	lián	0
𧐗	xuán	0
𧐙	wù	0
𧐟	máo	0
𧐬	hóng	0
𧐯	lüè	0
𧐰	dú	0
𧐱	cóng	0
𧐲	chán	0
𧐳	lù	0
𧐴	sù	0
𧑀	lüè	0
𧑆	zhōng	0
𧑇	lí	0
𧑈	fèi	0
𧑊	jǐng	0
𧑋	kuì	0
𧑌	yì	0
𧑍	huá	0
𧑎	cuì	0
𧑏	zhú	0
𧑐	yù	0
𧑑	běng	0
𧑒	tūn	0
𧑓	shǔ	0
𧑔	dài	0
𧑕	wū	0
𧑖	cì	0
𧑗	nìng	0
𧑘	dàng	0
𧑙	zú	0
𧑚	hán	0
𧑜	pí	0
𧑝	chuàn	0
𧑠	dù	0
𧑡	pá	0
𧑤	zhū	0
𧑦	xié	0
𧑧	zhé	0
𧑨	qiè	0
𧑩	xuān	0
𧑫	sào	0
𧒀	bì	0
𧒂	fù	0
𧒈	lì	0
𧒎	é	0
𧒐	yē	0
𧒑	shǔ	0
𧒓	sè	0
𧒕	qī	0
𧒖	guò	0
𧒗	sè	0
𧒙	fù	0
𧒚	máo	0
𧒜	léi	0
𧒝	zhān	0
𧒨	chài	0
𧒭	wèi	0
𧒽	léi	0
𧒿	zéi	0
𧓀	yīng	0
𧓁	ài	0
𧓂	xiē	0
𧓄	bì	0
𧓋	chán	0
𧓎	pí	0
𧓏	cóng	0
𧓐	liè	0
𧓑	qí	0
𧓓	jì	0
𧓔	jīng	0
𧓕	dōng	0
𧓖	féi	0
𧓗	yí	0
𧓘	tuán	0
𧓨	měng	0
𧓩	cán	0
𧓪	yá	0
𧓲	yǎng	0
𧓴	tíng	0
𧓸	zhí	0
𧓺	xiè	0
𧓻	lǜ	0
𧓽	lì	0
𧓿	máo	0
𧔂	xiá	0
𧔅	sòu	0
𧔖	sū	0
𧔗	xuè	0
𧔝	lì	0
𧔞	yuán	0
𧔡	zhǎn	0
𧔣	tà	0
𧔤	xuán	0
𧔥	wèi	0
𧔦	yè	0
𧔧	páng	0
𧔨	máo	0
𧔩	tí	0
𧔪	pín	0
𧔬	dù	0
𧔭	qiú	0
𧔮	yǐ	0
𧔳	tuó	0
𧔴	chài	0
𧔷	jìn	0
𧔼	é	0
𧕃	chán	0
𧕄	yīng	0
𧕅	líng	0
𧕇	xiǎn	0
𧕉	qī	0
𧕋	yuè	0
𧕌	lüè	0
𧕍	yíng	0
𧕎	qú	0
𧕒	fěi	0
𧕓	zī	0
𧕙	qīng	0
𧕝	níng	0
𧕞	wèi	0
𧕟	shuāng	0
𧕡	fù	0
𧕤	mò	0
𧕥	mò	0
𧕦	tuó	0
𧕧	chài	0
𧕨	zàng	0
𧕮	lí	0
𧕯	lí	0
𧕱	xiá	0
𧕲	juǎn	0
𧕴	nán	0
𧕵	mì	0
𧕸	huáng	0
𧕺	shuāng	0
𧕼	xǔ	0
𧕿	fěi	0
𧖁	xiè	0
𧖆	tà	0
𧖇	yǒng	0
𧖉	zhǎn	0
𧖑	qiáng	0
𧖒	náng	0
𧖔	lìn	0
𧖘	luán	0
𧖙	xiǎn	0
𧖚	fú	0
𧖜	líng	0
𧖠	sāo	0
𧖢	huì	0
𧖨	tíng	0
𧖪	qíng	0
𧖬	huāng	0
𧖮	àn	0
𧖵	mǎn	0
𧖷	nì	0
𧖻	guó	0
𧖼	ǒu	0
𧖿	xiàng	0
𧗁	jīn	0
𧗆	zhēng	0
𧗈	nú	0
𧗋	sàn	0
𧗌	hù	0
𧗎	zú	0
𧗏	huǐ	0
𧗒	jī	0
𧗖	yè	0
𧗦	xíng	0
𧗩	là	0
𧗪	yù	0
𧗫	jué	0
𧗱	shù	0
𧗲	zhēng	0
𧗴	yǒng	0
𧗶	gē	0
𧗸	jiàn	0
𧗹	xìn	0
𧗼	huī	0
𧗿	shuài	0
𧘂	chōng	0
𧘃	háng	0
𧘈	liǎo	0
𧘍	jiāng	0
𧘏	gōng	0
𧘑	zhuó	0
𧘗	qǐ	0
𧘜	qiān	0
𧘞	dǒu	0
𧘟	pō	0
𧘢	hù	0
𧘥	niǔ	0
𧘧	qì	0
𧘨	diāo	0
𧘩	diāo	0
𧘫	lì	0
𧘮	xiōng	0
𧘽	ná	0
𧘿	zhēng	0
𧙀	là	0
𧙁	zhì	0
𧙃	ě	0
𧙄	bō	0
𧙅	pō	0
𧙆	xū	0
𧙇	yòng	0
𧙈	cí	0
𧙉	lì	0
𧙌	páo	0
𧙏	xiù	0
𧙛	pù	0
𧙝	ché	0
𧙞	qì	0
𧙡	yì	0
𧙣	tí	0
𧙤	duǒ	0
𧙥	lóng	0
𧙧	jiàn	0
𧙭	zhàn	0
𧙮	yuàn	0
𧙶	yú	0
𧙸	gēng	0
𧙺	hòu	0
𧙾	qǐ	0
𧚀	mù	0
𧚁	huàn	0
𧚂	lòng	0
𧚃	xì	0
𧚄	é	0
𧚅	lǎng	0
𧚆	fèi	0
𧚇	wǎn	0
𧚉	cūn	0
𧚋	péng	0
𧚏	cuò	0
𧚐	wēng	0
𧚡	gǎo	0
𧚥	cuì	0
𧚨	qì	0
𧚩	lí	0
𧚪	qiè	0
𧚫	qiàn	0
𧚬	kōng	0
𧚭	běng	0
𧚯	shòu	0
𧚷	wēi	0
𧛄	shān	0
𧛏	zī	0
𧛒	tì	0
𧛓	qiān	0
𧛔	dú	0
𧛗	tú	0
𧛚	wēi	0
𧛞	hú	0
𧛟	xīng	0
𧛡	shān	0
𧛢	zhǐ	0
𧛧	chǐ	0
𧛸	zhòu	0
𧛹	wēng	0
𧛺	chí	0
𧛻	suǒ	0
𧛼	xiè	0
𧛾	kè	0
𧜁	shài	0
𧜂	shī	0
𧜃	shòu	0
𧜅	jiè	0
𧜉	gǎo	0
𧜊	lǚ	0
𧜔	xiè	0
𧜚	zhǐ	0
𧜞	mán	0
𧜠	shuài	0
𧜡	kè	0
𧜣	diǎo	0
𧜤	yī	0
𧜦	sù	0
𧜧	chuāng	0
𧜭	shǔ	0
𧜱	cuì	0
𧜲	tuò	0
𧜵	xiè	0
𧜽	xuán	0
𧝂	hè	0
𧝃	jué	0
𧝆	tì	0
𧝇	fèi	0
𧝉	zhǐ	0
𧝊	shì	0
𧝋	tuí	0
𧝎	chōng	0
𧝐	tì	0
𧝑	zhàn	0
𧝒	héng	0
𧝔	qú	0
𧝕	wéi	0
𧝗	dūn	0
𧝘	bào	0
𧝜	liáo	0
𧝝	lǎi	0
𧝤	sī	0
𧝪	biǎo	0
𧝫	xiè	0
𧝬	bié	0
𧝮	cǒng	0
𧝲	jù	0
𧝳	hé	0
𧝷	kuì	0
𧝸	yōng	0
𧞀	shù	0
𧞍	niè	0
𧞏	yú	0
𧞐	zhuó	0
𧞑	méng	0
𧞒	hú	0
𧞔	jiè	0
𧞕	liè	0
𧞝	jiē	0
𧞞	xióng	0
𧞣	yǎn	0
𧞩	jié	0
𧞪	là	0
𧞫	shù	0
𧞬	jié	0
𧞭	léi	0
𧞰	zú	0
𧞲	shì	0
𧞸	wéi	0
𧞹	dū	0
𧞺	sù	0
𧟃	xié	0
𧟄	ráng	0
𧟌	luò	0
𧟑	qiān	0
𧟘	nàng	0
𧟙	líng	0
𧟜	jì	0
𧟠	mìng	0
𧟣	gǔ	0
𧟨	xuán	0
𧟬	xū	0
𧟱	bó	0
𧟼	wēi	0
𧠂	kū	0
𧠆	wǎn	0
𧠈	chà	0
𧠊	mào	0
𧠋	kè	0
𧠎	cì	0
𧠒	xiàn	0
𧠓	mò	0
𧠚	hūn	0
𧠛	chàn	0
𧠜	shī	0
𧠝	zhěn	0
𧠞	è	0
𧠟	mí	0
𧠡	shī	0
𧠢	qū	0
𧠣	shū	0
𧠥	cī	0
𧠦	yǎn	0
𧠩	hū	0
𧠪	qī	0
𧠫	zhì	0
𧠬	huāng	0
𧠴	zhǐ	0
𧠶	yǒu	0
𧠼	gào	0
𧠽	yǎo	0
𧠾	pōu	0
𧡇	yí	0
𧡈	chèng	0
𧡉	jì	0
𧡋	ǎi	0
𧡍	dòng	0
𧡏	suì	0
𧡑	jiù	0
𧡘	qì	0
𧡙	lián	0
𧡚	xuǎn	0
𧡜	liǎo	0
𧡡	yùn	0
𧡢	xuǎn	0
𧡣	cóu	0
𧡤	piān	0
𧡦	kuí	0
𧡨	tí	0
𧡩	huǎn	0
𧡪	dān	0
𧡫	guì	0
𧡬	chēn	0
𧡮	shǎng	0
𧡯	jì	0
𧡴	liàn	0
𧡵	kān	0
𧡶	shèng	0
𧡸	dōu	0
𧡹	yóu	0
𧡺	qí	0
𧡼	xiǎo	0
𧢂	yì	0
𧢃	lóu	0
𧢆	chuāng	0
𧢋	lào	0
𧢌	gāo	0
𧢐	zēng	0
𧢒	wéi	0
𧢖	jiān	0
𧢛	yīng	0
𧢜	fán	0
𧢝	lì	0
𧢞	qiān	0
𧢢	yào	0
𧢦	kuī	0
𧢧	wéi	0
𧢩	què	0
𧢬	xiǎo	0
𧢭	què	0
𧢰	hū	0
𧢵	duō	0
𧢶	chù	0
𧢹	shēn	0
𧢼	zhuó	0
𧢽	é	0
𧢾	jì	0
𧣁	tán	0
𧣃	pā	0
𧣋	jiè	0
𧣌	qiào	0
𧣑	qián	0
𧣒	jù	0
𧣕	qiú	0
𧣖	tuó	0
𧣚	nuò	0
𧣛	sì	0
𧣟	yí	0
𧣡	gǔ	0
𧣢	hùn	0
𧣣	pá	0
𧣤	zī	0
𧣦	jiāo	0
𧣩	xǐ	0
𧣪	shǎo	0
𧣬	yí	0
𧣭	zhì	0
𧣵	lùn	0
𧣷	zhōu	0
𧣸	jué	0
𧣹	tán	0
𧣺	nuò	0
𧣻	jù	0
𧣼	hú	0
𧣾	zhì	0
𧤃	bī	0
𧤍	chì	0
𧤎	xuān	0
𧤏	jí	0
𧤐	guǎ	0
𧤑	jú	0
𧤒	wò	0
𧤓	tuó	0
𧤕	qiú	0
𧤖	wēi	0
𧤗	duān	0
𧤙	shòu	0
𧤛	zhěn	0
𧤜	nè	0
𧤟	xì	0
𧤠	zhé	0
𧤡	zhì	0
𧤣	ná	0
𧤤	xī	0
𧤨	jiān	0
𧤮	yáo	0
𧤯	guó	0
𧤲	dǐ	0
𧤴	huò	0
𧤵	jīng	0
𧤼	jué	0
𧤽	yuè	0
𧥄	jí	0
𧥅	xī	0
𧥆	sù	0
𧥈	jiān	0
𧥊	kūn	0
𧥋	wò	0
𧥌	kuàng	0
𧥍	biāo	0
𧥎	jué	0
𧥑	bì	0
𧥓	chán	0
𧥕	zī	0
𧥖	lí	0
𧥚	fó	0
𧥛	qiǎn	0
𧥜	yǎn	0
𧥞	tàn	0
𧥟	mò	0
𧥣	kòu	0
𧥤	xī	0
𧥮	hù	0
𧥯	hù	0
𧥱	fú	0
𧥴	yàng	0
𧥵	guò	0
𧥷	rén	0
𧥸	yìn	0
𧥹	fēng	0
𧥺	jùn	0
𧥼	yún	0
𧥿	xùn	0
𧦁	xì	0
𧦎	xiā	0
𧦑	háng	0
𧦚	hù	0
𧦝	hū	0
𧦞	pù	0
𧦟	fān	0
𧦤	jiā	0
𧦧	yí	0
𧦭	tuō	0
𧦮	ná	0
𧦸	yín	0
𧦹	yìn	0
𧧃	jì	0
𧧄	wàng	0
𧧅	shì	0
𧧆	duī	0
𧧇	duò	0
𧧉	tuó	0
𧧊	wā	0
𧧋	lì	0
𧧏	rè	0
𧧒	cì	0
𧧓	xù	0
𧧔	zhōu	0
𧧕	zì	0
𧧜	wǎng	0
𧧝	yǎ	0
𧧟	jì	0
𧧠	chǎo	0
𧧩	jí	0
𧧵	shǎn	0
𧧶	tú	0
𧧸	bié	0
𧧹	xì	0
𧧺	pī	0
𧧻	zhà	0
𧧾	huì	0
𧨀	suō	0
𧨂	hè	0
𧨄	yuē	0
𧨆	wū	0
𧨈	líng	0
𧨊	zhà	0
𧨋	huá	0
𧨗	chán	0
𧨟	è	0
𧨡	chén	0
𧨧	suì	0
𧨩	tiǎn	0
𧨰	zhì	0
𧨱	tì	0
𧨲	āo	0
𧨳	zhuó	0
𧨴	zì	0
𧨵	kē	0
𧨷	sè	0
𧨸	tián	0
𧨹	lù	0
𧨾	shán	0
𧨿	zhǎ	0
𧩃	chōng	0
𧩅	yàn	0
𧩒	mǔ	0
𧩓	hū	0
𧩚	chī	0
𧩝	sù	0
𧩣	nǎo	0
𧩦	jí	0
𧩧	duó	0
𧩨	hòu	0
𧩪	còng	0
𧩫	zhā	0
𧩬	yín	0
𧩮	xiǎo	0
𧩰	biàn	0
𧩱	bèng	0
𧩲	là	0
𧩴	chī	0
𧩶	qià	0
𧩸	ān	0
𧩹	shī	0
𧩼	chì	0
𧪅	nù	0
𧪇	jì	0
𧪓	ǒu	0
𧪕	xiā	0
𧪘	chài	0
𧪚	ái	0
𧪝	shèng	0
𧪞	hé	0
𧪠	jí	0
𧪡	chī	0
𧪢	xì	0
𧪣	zhēng	0
𧪦	tā	0
𧪨	mà	0
𧪫	pī	0
𧪮	xū	0
𧪯	qiǎn	0
𧪹	xià	0
𧫊	yù	0
𧫑	jié	0
𧫒	xià	0
𧫓	lǔ	0
𧫕	qiè	0
𧫗	chà	0
𧫛	yàng	0
𧫜	jì	0
𧫝	shǎ	0
𧫞	lòu	0
𧫠	jī	0
𧫡	zhì	0
𧫢	wàng	0
𧫤	bì	0
𧫥	ān	0
𧫦	yī	0
𧫧	ān	0
𧫬	lí	0
𧫹	xiān	0
𧫾	jiù	0
𧫿	tǎn	0
𧬁	hào	0
𧬂	hè	0
𧬅	zhā	0
𧬆	zhǎn	0
𧬇	yì	0
𧬈	xì	0
𧬊	xì	0
𧬋	fà	0
𧬌	yán	0
𧬏	mǔ	0
𧬕	gū	0
𧬞	yún	0
𧬤	zhòng	0
𧬦	chǎn	0
𧬧	chuáng	0
𧬨	huì	0
𧬩	zá	0
𧬪	gùn	0
𧬫	jiǎn	0
𧬬	yá	0
𧬰	xiàng	0
𧬱	hè	0
𧭃	dàn	0
𧭇	mián	0
𧭈	níng	0
𧭊	méng	0
𧭌	liè	0
𧭍	zhòu	0
𧭎	pū	0
𧭏	tāi	0
𧭓	yíng	0
𧭔	téng	0
𧭕	guó	0
𧭚	qiáng	0
𧭜	lǜ	0
𧭝	sà	0
𧭞	liè	0
𧭟	chí	0
𧭠	xiě	0
𧭣	guó	0
𧭤	bào	0
𧭥	luò	0
𧭦	juàn	0
𧭪	è	0
𧭳	hé	0
𧭵	mèi	0
𧭸	xiè	0
𧭹	pín	0
𧭻	hān	0
𧭼	chèn	0
𧭽	shàn	0
𧭾	huì	0
𧮆	yīng	0
𧮈	jiǎn	0
𧮍	ān	0
𧮑	tà	0
𧮒	yī	0
𧮓	tuí	0
𧮗	liú	0
𧮙	zuó	0
𧮛	lí	0
𧮝	pín	0
𧮞	xuè	0
𧮠	nèn	0
𧮡	dòu	0
𧮤	lǎn	0
𧮪	zhān	0
𧮫	jué	0
𧮬	zhēn	0
𧮭	jí	0
𧮮	qiān	0
𧮰	hān	0
𧮱	fén	0
𧮳	hān	0
𧮴	hóng	0
𧮵	hé	0
𧮶	hóu	0
𧮺	zhàn	0
𧮻	chóu	0
𧮼	tài	0
𧮽	qiàn	0
𧮿	shè	0
𧯀	yīng	0
𧯃	qīn	0
𧯆	huò	0
𧯈	xì	0
𧯉	hè	0
𧯊	xì	0
𧯋	xiā	0
𧯌	hāo	0
𧯍	lào	0
𧯏	lì	0
𧯒	chēng	0
𧯖	jùn	0
𧯗	xī	0
𧯘	hǎn	0
𧯞	dòu	0
𧯠	dōu	0
𧯡	wān	0
𧯤	dōu	0
𧯥	zài	0
𧯦	juàn	0
𧯨	lǒu	0
𧯩	chù	0
𧯫	zhēng	0
𧯯	qí	0
𧯰	kàn	0
𧯱	huò	0
𧯲	lái	0
𧯺	gāi	0
𧯼	shòu	0
𧯾	dōng	0
𧰃	lóu	0
𧰄	tuān	0
𧰇	yú	0
𧰈	wù	0
𧰊	tián	0
𧰎	láo	0
𧰒	guó	0
𧰘	tán	0
𧰙	qí	0
𧰠	liè	0
𧰡	lì	0
𧰣	xūn	0
𧰨	gèng	0
𧰩	tīng	0
𧰪	hàn	0
𧰫	chù	0
𧰭	tún	0
𧰯	xióng	0
𧰰	yóu	0
𧰱	mò	0
𧰲	chǐ	0
𧰴	hǔ	0
𧰵	dū	0
𧰷	mǔ	0
𧰹	nà	0
𧰻	líng	0
𧰿	ài	0
𧱀	xiān	0
𧱄	kǎn	0
𧱅	sì	0
𧱆	sān	0
𧱊	yì	0
𧱏	yì	0
𧱐	xiào	0
𧱒	zhī	0
𧱓	dòu	0
𧱘	mài	0
𧱜	lún	0
𧱝	jué	0
𧱡	qiāng	0
𧱢	líng	0
𧱩	pián	0
𧱪	còu	0
𧱫	duò	0
𧱬	yǔ	0
𧱰	zhuō	0
𧱲	xì	0
𧱳	huài	0
𧱴	míng	0
𧱵	táng	0
𧱹	pū	0
𧱻	mì	0
𧱼	mán	0
𧱾	guāi	0
𧲀	qiān	0
𧲂	lín	0
𧲃	mǐn	0
𧲄	wěi	0
𧲅	céng	0
𧲇	hù	0
𧲈	suí	0
𧲋	jù	0
𧲌	shà	0
𧲍	méng	0
𧲗	wéi	0
𧲘	xī	0
𧲙	lìng	0
𧲜	bì	0
𧲝	wèi	0
𧲡	lì	0
𧲢	zhé	0
𧲤	yóng	0
𧲥	hú	0
𧲦	wán	0
𧲧	bā	0
𧲨	jiān	0
𧲭	zuǒ	0
𧲮	zhǎn	0
𧲯	bō	0
𧲰	qiū	0
𧲱	yāng	0
𧲴	dōng	0
𧲵	qú	0
𧲺	pí	0
𧲻	zhǎi	0
𧲾	shān	0
𧲿	gòu	0
𧳀	biào	0
𧳁	yí	0
𧳂	fú	0
𧳄	xìn	0
𧳅	shì	0
𧳆	tōng	0
𧳉	dīng	0
𧳌	tū	0
𧳍	xiāo	0
𧳎	wú	0
𧳏	péi	0
𧳐	huī	0
𧳕	lái	0
𧳙	sì	0
𧳚	cuǐ	0
𧳛	shà	0
𧳜	zhǒu	0
𧳝	zhào	0
𧳞	wéi	0
𧳟	lái	0
𧳠	bì	0
𧳣	dǒng	0
𧳦	nǎo	0
𧳧	xiē	0
𧳨	rǎo	0
𧳩	tuàn	0
𧳪	wèi	0
𧳫	yóu	0
𧳬	méi	0
𧳭	yuán	0
𧳮	zhòng	0
𧳶	sōu	0
𧳸	gú	0
𧳹	shào	0
𧳻	zhǎo	0
𧳼	pí	0
𧳿	tōng	0
𧴁	chī	0
𧴂	péng	0
𧴃	chán	0
𧴄	yōng	0
𧴅	shuǎng	0
𧴇	wǔ	0
𧴉	pí	0
𧴊	huàn	0
𧴌	fú	0
𧴎	biào	0
𧴓	náo	0
𧴕	biào	0
𧴖	wèi	0
𧴗	yōng	0
𧴙	nǎo	0
𧴚	guài	0
𧴠	lì	0
𧴢	xìn	0
𧴣	yán	0
𧴤	pò	0
𧴥	péi	0
𧴪	suǒ	0
𧴬	rèn	0
𧴭	shǎn	0
𧴲	suǒ	0
𧴸	dān	0
𧴺	mèn	0
𧵃	shǒu	0
𧵈	gòu	0
𧵊	hān	0
𧵋	shì	0
𧵌	yǎng	0
𧵎	gǔ	0
𧵛	kē	0
𧵞	jū	0
𧵠	pài	0
𧵡	cè	0
𧵢	bāo	0
𧵣	xiōng	0
𧵤	cái	0
𧵧	lǐn	0
𧵨	ài	0
𧵬	mì	0
𧵭	lǎi	0
𧵱	xiāo	0
𧵳	shé	0
𧵻	huó	0
𧵼	nì	0
𧶄	zhèng	0
𧶆	lìn	0
𧶇	zhá	0
𧶊	yún	0
𧶍	xù	0
𧶔	chéng	0
𧶕	wǒ	0
𧶖	xī	0
𧶙	bèi	0
𧶜	shāng	0
𧶠	yù	0
𧶡	mì	0
𧶲	duǎn	0
𧶵	chà	0
𧶶	fàn	0
𧶷	zé	0
𧶸	chèng	0
𧶺	tíng	0
𧷅	yí	0
𧷋	yāo	0
𧷎	kū	0
𧷐	fén	0
𧷑	xié	0
𧷒	chèng	0
𧷛	kuì	0
𧷟	bīn	0
𧷡	lóu	0
𧷥	yì	0
𧷦	mì	0
𧷧	xiè	0
𧷱	guī	0
𧷳	luó	0
𧷶	shàn	0
𧷾	jú	0
𧷿	dū	0
𧸂	xiān	0
𧸅	zhǐ	0
𧸈	bìn	0
𧸕	zhǐ	0
𧸖	zhuàn	0
𧸗	xué	0
𧸘	liàn	0
𧸙	suì	0
𧸦	làn	0
𧸧	jù	0
𧸨	mián	0
𧸩	xùn	0
𧸪	zhàn	0
𧸫	gùn	0
𧸲	zhì	0
𧸽	wèi	0
𧸾	quǎn	0
𧸿	chài	0
𧹈	réng	0
𧹊	yuè	0
𧹌	zī	0
𧹐	luò	0
𧹑	guì	0
𧹒	mǎi	0
𧹓	chéng	0
𧹔	zhàng	0
𧹕	jū	0
𧹖	tiǎn	0
𧹗	wàn	0
𧹛	zhī	0
𧹞	nǎn	0
𧹣	hān	0
𧹨	xī	0
𧹩	lín	0
𧹬	yān	0
𧹭	xù	0
𧹲	hù	0
𧹳	gàn	0
𧹴	xù	0
𧹶	xì	0
𧹺	cuì	0
𧹽	xì	0
𧹾	hú	0
𧺅	yān	0
𧺎	yì	0
𧺏	chí	0
𧺐	jué	0
𧺒	zú	0
𧺜	jiào	0
𧺝	yì	0
𧺟	tǎn	0
𧺠	chì	0
𧺡	bá	0
𧺢	tòu	0
𧺣	zōng	0
𧺤	qiú	0
𧺧	chì	0
𧺨	xǐ	0
𧺰	nì	0
𧺲	cū	0
𧺴	wǔ	0
𧺶	chù	0
𧺷	sū	0
𧺸	yóng	0
𧺹	jǔ	0
𧺺	bá	0
𧺼	cǐ	0
𧺽	dì	0
𧺾	pǎn	0
𧺿	chì	0
𧻁	qiǔ	0
𧻃	yán	0
𧻍	zhǎi	0
𧻒	xiàn	0
𧻓	bèng	0
𧻔	kuāng	0
𧻕	qì	0
𧻖	zhōu	0
𧻗	jú	0
𧻘	qiè	0
𧻙	mò	0
𧻚	yuán	0
𧻜	guì	0
𧻝	zuī	0
𧻧	qiè	0
𧻰	hú	0
𧻱	qiú	0
𧻲	hái	0
𧻳	fù	0
𧻴	làng	0
𧻵	shà	0
𧻶	xī	0
𧻷	bū	0
𧻸	shì	0
𧻹	yǒng	0
𧻺	guāng	0
𧻼	niè	0
𧻿	hǒu	0
𧼊	mì	0
𧼎	è	0
𧼏	xián	0
𧼐	yǔn	0
𧼑	xù	0
𧼒	qǐn	0
𧼓	dōng	0
𧼔	léng	0
𧼕	qì	0
𧼖	lán	0
𧼗	fú	0
𧼘	qǐ	0
𧼙	chǒng	0
𧼜	cù	0
𧼟	mò	0
𧼠	bēi	0
𧼤	dào	0
𧼨	jié	0
𧼩	chòng	0
𧼪	chì	0
𧼫	yù	0
𧼬	cuī	0
𧼭	sù	0
𧼮	tì	0
𧼯	shù	0
𧼰	zhá	0
𧼱	fú	0
𧼳	chè	0
𧼴	fó	0
𧼵	hóu	0
𧼶	zhá	0
𧽄	jié	0
𧽅	zhá	0
𧽆	zhān	0
𧽉	yǎn	0
𧽊	hái	0
𧽋	wǔ	0
𧽌	huá	0
𧽍	diān	0
𧽎	yáo	0
𧽏	sōu	0
𧽐	qiān	0
𧽑	jí	0
𧽒	xiòng	0
𧽓	qì	0
𧽔	jūn	0
𧽖	hái	0
𧽞	yǎn	0
𧽟	jié	0
𧽠	cuī	0
𧽢	tuán	0
𧽣	zhāng	0
𧽤	piāo	0
𧽥	lù	0
𧽦	zhī	0
𧽧	chù	0
𧽨	mì	0
𧽩	qiāng	0
𧽫	liàn	0
𧽲	lì	0
𧽵	zōng	0
𧽶	é	0
𧽷	sù	0
𧽸	jué	0
𧽻	jú	0
𧽼	tán	0
𧽽	liáo	0
𧽾	sān	0
𧽿	dòng	0
𧾁	zá	0
𧾂	zhí	0
𧾆	xuàn	0
𧾇	líng	0
𧾊	dēng	0
𧾍	zhān	0
𧾎	xuān	0
𧾏	qǐn	0
𧾐	jiào	0
𧾑	pì	0
𧾔	hǎn	0
𧾚	yú	0
𧾛	guó	0
𧾝	xún	0
𧾠	xún	0
𧾡	chán	0
𧾢	jié	0
𧾣	jú	0
𧾤	yǎn	0
𧾥	dú	0
𧾧	hòng	0
𧾨	xiàn	0
𧾩	xún	0
𧾮	líng	0
𧾯	jié	0
𧾰	yì	0
𧾱	qú	0
𧾲	gān	0
𧾳	fēng	0
𧾵	jué	0
𧾶	qū	0
𧾻	jiù	0
𧾽	jì	0
𧾾	jǐ	0
𧿅	xí	0
𧿆	pāng	0
𧿈	kuàng	0
𧿉	kù	0
𧿋	kù	0
𧿌	zhà	0
𧿏	bà	0
𧿒	chěn	0
𧿓	hù	0
𧿔	nù	0
𧿕	é	0
𧿖	xiōng	0
𧿗	dǔn	0
𧿘	shēng	0
𧿙	wán	0
𧿚	fēn	0
𧿛	zōng	0
𧿝	xī	0
𧿞	zī	0
𧿠	hù	0
𧿥	bié	0
𧿧	tuò	0
𧿨	bǎn	0
𧿩	gé	0
𧿫	kē	0
𧿲	zhuì	0
𧿳	fú	0
𧿴	mò	0
𧿵	jiá	0
𧿶	tuó	0
𧿷	yù	0
𧿹	mǔ	0
𧿺	jué	0
𧿻	jú	0
𧿼	guā	0
𧿽	pǒ	0
𨀀	nǐ	0
𨀁	lóng	0
𨀄	wǎ	0
𨀅	yǎn	0
𨀔	chǒu	0
𨀕	kuāng	0
𨀖	hài	0
𨀘	xiáng	0
𨀙	xī	0
𨀛	cún	0
𨀜	tōng	0
𨀝	ruò	0
𨀟	duó	0
𨀠	chè	0
𨀤	lèi	0
𨀥	zī	0
𨀧	zhěng	0
𨀨	zuǒ	0
𨀫	kāng	0
𨀬	zài	0
𨀮	yuān	0
𨀯	qióng	0
𨀳	fá	0
𨀴	xún	0
𨀶	jì	0
𨀸	chā	0
𨁀	shū	0
𨁁	xuàn	0
𨁂	xié	0
𨁃	tī	0
𨁄	hàn	0
𨁅	xiān	0
𨁆	shān	0
𨁇	tùn	0
𨁈	háng	0
𨁉	kǔn	0
𨁊	cén	0
𨁋	dōu	0
𨁌	nuó	0
𨁍	yàn	0
𨁎	chéng	0
𨁏	pū	0
𨁐	qì	0
𨁑	yuè	0
𨁒	fū	0
𨁗	tǐng	0
𨁟	wǒ	0
𨁠	shēng	0
𨁡	tuǒ	0
𨁴	tǎn	0
𨁶	yǎ	0
𨁷	zhì	0
𨁸	lù	0
𨁹	yǎn	0
𨁺	jū	0
𨁽	dé	0
𨁿	chù	0
𨂀	zǔ	0
𨂁	è	0
𨂂	zhí	0
𨂃	péng	0
𨂅	biē	0
𨂇	dǐ	0
𨂐	lái	0
𨂒	yè	0
𨂜	háo	0
𨂝	pán	0
𨂞	tàn	0
𨂟	kāng	0
𨂠	xū	0
𨂡	zòu	0
𨂢	jí	0
𨂣	wù	0
𨂦	chuàn	0
𨂩	pò	0
𨂪	yǎn	0
𨂫	tuò	0
𨂭	dú	0
𨂯	pián	0
𨂰	chì	0
𨂱	hùn	0
𨂲	pīng	0
𨂴	cōng	0
𨂵	zhǎ	0
𨂺	wān	0
𨂿	wǎi	0
𨃃	è	0
𨃄	wèi	0
𨃅	bāi	0
𨃇	jiāng	0
𨃓	chá	0
𨃕	chù	0
𨃖	kuà	0
𨃗	téng	0
𨃘	zōu	0
𨃙	lì	0
𨃚	tà	0
𨃛	sà	0
𨃞	pán	0
𨃟	pán	0
𨃣	sào	0
𨃤	qiāo	0
𨃭	zú	0
𨃯	zhì	0
𨃰	yǎn	0
𨃲	jié	0
𨃳	néng	0
𨄄	luán	0
𨄅	qū	0
𨄇	dèng	0
𨄈	liáng	0
𨄉	chǎn	0
𨄊	qiè	0
𨄋	lòu	0
𨄌	dié	0
𨄍	cuī	0
𨄐	jǐ	0
𨄓	cháo	0
𨄔	shuàn	0
𨄕	zú	0
𨄗	kāng	0
𨄚	qiāng	0
𨄛	lí	0
𨄮	shuāi	0
𨄯	yù	0
𨄰	zhāng	0
𨄱	lěi	0
𨅅	pó	0
𨅊	zhé	0
𨅋	xiào	0
𨅍	tǎn	0
𨅎	cuì	0
𨅏	lán	0
𨅑	xū	0
𨅒	shù	0
𨅓	zhǎ	0
𨅔	cán	0
𨅗	bǐ	0
𨅘	pèng	0
𨅛	zhú	0
𨅝	chéng	0
𨅣	qiáo	0
𨅤	jī	0
𨅪	zhāi	0
𨅬	lán	0
𨆁	tiǎn	0
𨆂	sà	0
𨆃	jīn	0
𨆄	zhù	0
𨆅	duò	0
𨆇	chà	0
𨆈	juàn	0
𨆉	táng	0
𨆊	bèng	0
𨆌	fán	0
𨆍	liè	0
𨆎	zéi	0
𨆏	suì	0
𨆙	sè	0
𨆧	zhì	0
𨆨	tuí	0
𨆪	qīng	0
𨆬	chuò	0
𨆰	tà	0
𨆱	bìng	0
𨆲	wěn	0
𨆵	pǒ	0
𨆽	mó	0
𨆾	cā	0
𨇁	kuàng	0
𨇃	cuó	0
𨇄	rǎo	0
𨇅	bào	0
𨇆	lài	0
𨇍	niǎn	0
𨇎	lí	0
𨇕	jiǎo	0
𨇖	lú	0
𨇗	lì	0
𨇘	lóng	0
𨇙	guì	0
𨇝	chǎn	0
𨇤	xiān	0
𨇦	chàn	0
𨇨	xiè	0
𨇩	zhàn	0
𨇯	shuāng	0
𨇻	mǐ	0
𨇼	luán	0
𨇽	luò	0
𨈀	diān	0
𨈈	dié	0
𨈊	wān	0
𨈋	yuè	0
𨈌	luán	0
𨈎	luán	0
𨈓	léng	0
𨈕	wǎi	0
𨈖	dìn	0
𨈗	nèn	0
𨈘	shǎo	0
𨈙	xiè	0
𨈚	pí	0
𨈥	máo	0
𨈧	yǐn	0
𨈩	bó	0
𨈫	zhù	0
𨈮	chōng	0
𨈶	mǔ	0
𨈷	tuó	0
𨈹	tǒng	0
𨈺	yé	0
𨉁	huàng	0
𨉃	rèn	0
𨉅	yè	0
𨉋	tuō	0
𨉖	zuān	0
𨉗	yù	0
𨉚	ā	0
𨉜	zhōu	0
𨉝	wān	0
𨉡	duǒ	0
𨉢	zhòng	0
𨉣	hā	0
𨉤	huáng	0
𨉥	miàn	0
𨉩	chūn	0
𨉪	qiè	0
𨉫	gōng	0
𨉬	tíng	0
𨉭	méi	0
𨉱	tàng	0
𨉴	róng	0
𨉷	róng	0
𨉸	qí	0
𨉹	guó	0
𨉽	xiàng	0
𨉾	tián	0
𨊅	xiāo	0
𨊈	zhān	0
𨊉	cuì	0
𨊔	lán	0
𨊘	shēn	0
𨊚	lěi	0
𨊛	lì	0
𨊝	chān	0
𨊞	niè	0
𨊟	luán	0
𨊡	tīng	0
𨊢	huì	0
𨊧	gōng	0
𨊰	qì	0
𨊱	yú	0
𨊳	xīn	0
𨊸	yuè	0
𨊹	bā	0
𨊺	dài	0
𨊻	jī	0
𨊼	xuàn	0
𨊿	jué	0
𨋀	niǔ	0
𨋈	dù	0
𨋉	jí	0
𨋐	pā	0
𨋑	gǒng	0
𨋒	bèn	0
𨋔	kēng	0
𨋕	yàng	0
𨋖	liǔ	0
𨋗	ní	0
𨋘	zhà	0
𨋙	yìn	0
𨋚	niǎn	0
𨋛	pào	0
𨋝	gōng	0
𨋞	bù	0
𨋟	hé	0
𨋠	rǒng	0
𨋡	guì	0
𨋥	bì	0
𨋦	xī	0
𨋧	jú	0
𨋨	hún	0
𨋩	bì	0
𨋫	tiāo	0
𨋬	zhěng	0
𨋮	hōng	0
𨋯	yì	0
𨋰	cì	0
𨋲	bìng	0
𨋷	gōng	0
𨋺	fá	0
𨋽	yáng	0
𨋾	xǔ	0
𨌁	hōng	0
𨌄	zàng	0
𨌅	chái	0
𨌆	hóng	0
𨌈	tián	0
𨌌	zhī	0
𨌍	xīng	0
𨌎	xú	0
𨌑	zhèn	0
𨌔	wǎn	0
𨌘	jùn	0
𨌝	wò	0
𨌠	lù	0
𨌢	zhēng	0
𨌣	rǒng	0
𨌤	chéng	0
𨌥	fú	0
𨌧	è	0
𨌨	tāo	0
𨌩	táng	0
𨌫	juān	0
𨌬	chào	0
𨌭	tà	0
𨌮	dǐ	0
𨌰	zōng	0
𨌳	kēng	0
𨌴	tuī	0
𨌶	kēng	0
𨍅	rǒng	0
𨍆	yūn	0
𨍇	hé	0
𨍈	zǒng	0
𨍉	cōng	0
𨍊	qiū	0
𨍎	mù	0
𨍏	duó	0
𨍐	xǔ	0
𨍑	kēng	0
𨍒	xiàn	0
𨍛	dú	0
𨍜	kǎn	0
𨍞	yīng	0
𨍢	zī	0
𨍧	huáng	0
𨍩	péng	0
𨍫	lì	0
𨍭	bó	0
𨍮	gé	0
𨍯	jú	0
𨍰	kē	0
𨍲	hú	0
𨍳	yáo	0
𨍴	táng	0
𨍶	qióng	0
𨍷	rǒng	0
𨍸	liǔ	0
𨍹	huì	0
𨍺	jī	0
𨎉	zhì	0
𨎋	táng	0
𨎌	zhǐ	0
𨎍	kāng	0
𨎔	yàng	0
𨎖	tǎng	0
𨎗	hōng	0
𨎛	liáng	0
𨎝	cáo	0
𨎡	nǎi	0
𨎢	zǒng	0
𨎤	dèng	0
𨎦	jiāo	0
𨎧	péng	0
𨎩	guāng	0
𨎪	ér	0
𨎫	jiàn	0
𨎬	jiào	0
𨎭	nuó	0
𨎮	zǎo	0
𨎳	péng	0
𨎴	dāng	0
𨎶	qú	0
𨎷	lián	0
𨎸	mù	0
𨎹	lǎn	0
𨎾	fén	0
𨏂	hún	0
𨏆	kuāng	0
𨏈	yǐn	0
𨏉	shuàn	0
𨏊	jiàn	0
𨏒	luò	0
𨏔	lù	0
𨏚	gé	0
𨏛	rǎng	0
𨏞	pín	0
𨏠	lóng	0
𨏤	zhěn	0
𨏥	xiàn	0
𨏨	lìn	0
𨏩	lián	0
𨏪	shān	0
𨏫	bó	0
𨏬	lì	0
𨏳	xié	0
𨏴	gé	0
𨏵	mǐn	0
𨏶	lián	0
𨏹	jué	0
𨏺	zhōu	0
𨏿	kē	0
𨐁	dié	0
𨐃	zhé	0
𨐅	shū	0
𨐆	jī	0
𨐇	lóng	0
𨐈	guāng	0
𨐉	zǎo	0
𨐊	xiàn	0
𨐋	qiān	0
𨐍	shēn	0
𨐐	yǐn	0
𨐑	jiè	0
𨐔	shēn	0
𨐕	shēn	0
𨐖	sǎ	0
𨐛	xì	0
𨐡	kù	0
𨐣	qú	0
𨐥	gé	0
𨐦	bàn	0
𨐨	bì	0
𨐩	qiān	0
𨐰	bīn	0
𨐱	bàn	0
𨐳	zuò	0
𨐴	pì	0
𨐶	huò	0
𨐾	bàn	0
𨑊	nóng	0
𨑌	chén	0
𨑎	pēng	0
𨑑	fǔ	0
𨑒	tú	0
𨑜	pǐ	0
𨑝	pò	0
𨑠	chǐ	0
𨑣	xuè	0
𨑤	qì	0
𨑥	wù	0
𨑨	zhì	0
𨑩	dì	0
𨑪	cōng	0
𨑫	yóu	0
𨑹	cōng	0
𨑼	dì	0
𨑽	zhuó	0
𨑿	zǒu	0
𨒀	cóng	0
𨒃	pàn	0
𨒄	yǎn	0
𨒅	qì	0
𨒆	rǒng	0
𨒇	jiá	0
𨒉	zhì	0
𨒊	qiú	0
𨒋	yuè	0
𨒍	shì	0
𨒑	háo	0
𨒙	tuō	0
𨒜	bié	0
𨒞	kàn	0
𨒢	chuò	0
𨒤	cǐ	0
𨒦	yǐn	0
𨒧	shì	0
𨒨	hài	0
𨒩	ruǎn	0
𨒫	yáng	0
𨒬	chī	0
𨒮	cī	0
𨒱	gōng	0
𨒲	mí	0
𨒴	jǐ	0
𨒼	gèn	0
𨒽	zào	0
𨓁	běng	0
𨓇	xǐn	0
𨓈	kuò	0
𨓊	dié	0
𨓍	tíng	0
𨓚	shuì	0
𨓞	dài	0
𨓦	lǐ	0
𨓨	yǒng	0
𨓩	jiāo	0
𨓬	tá	0
𨓭	qǔ	0
𨓮	yín	0
𨓯	yuān	0
𨓰	jié	0
𨓲	qiān	0
𨓳	yāo	0
𨓴	yà	0
𨓷	qīng	0
𨓿	péi	0
𨔗	jiā	0
𨔙	tòu	0
𨔛	tī	0
𨔡	dùn	0
𨔢	chǎn	0
𨔣	jiā	0
𨔤	chì	0
𨔥	jiān	0
𨔦	shù	0
𨔯	tà	0
𨕕	zhī	0
𨕗	yuán	0
𨕚	hū	0
𨕜	liè	0
𨕠	zé	0
𨕢	chù	0
𨕦	qiù	0
𨕧	bēng	0
𨕹	huán	0
𨕺	kuā	0
𨕻	shēng	0
𨕽	jié	0
𨕿	wǎng	0
𨖃	hū	0
𨖊	zé	0
𨖋	zǎn	0
𨖌	yàng	0
𨖎	chǐ	0
𨖏	jiù	0
𨖚	liáo	0
𨖛	yū	0
𨖠	biǎn	0
𨖢	kuáng	0
𨖬	chòu	0
𨖭	yá	0
𨖮	zhuó	0
𨖰	qiè	0
𨖱	xiàn	0
𨖳	yuān	0
𨖴	wǔ	0
𨖵	jiǎo	0
𨖶	xiàng	0
𨖷	shà	0
𨖹	zhì	0
𨖼	chòng	0
𨖾	biān	0
𨖿	wēi	0
𨗓	dào	0
𨗝	yù	0
𨗞	tuí	0
𨗡	chào	0
𨗥	huì	0
𨗦	qiǎn	0
𨗨	wěi	0
𨗰	yóu	0
𨗼	dì	0
𨗾	dà	0
𨘁	yóu	0
𨘂	jiù	0
𨘃	tuí	0
𨘄	zǎn	0
𨘇	huì	0
𨘉	shà	0
𨘌	huò	0
𨘔	yáo	0
𨘙	xiàn	0
𨘞	xiàn	0
𨘬	dì	0
𨘮	jiù	0
𨘲	huì	0
𨘴	kào	0
𨘵	yóu	0
𨘸	lì	0
𨘼	chuán	0
𨘾	chí	0
𨙀	huò	0
𨙂	yóu	0
𨙄	yuè	0
𨙎	tà	0
𨙏	zàn	0
𨙓	niè	0
𨙔	zhù	0
𨙡	xiǎn	0
𨙩	shí	0
𨙫	kǒu	0
𨙬	qǐ	0
𨙭	tǔ	0
𨙮	fán	0
𨙯	cūn	0
𨙲	tún	0
𨙳	chā	0
𨙴	cái	0
𨙵	xiàng	0
𨙶	pèi	0
𨙷	jǐng	0
𨙸	qí	0
𨙹	shǎo	0
𨙺	niǔ	0
𨙻	nà	0
𨙽	qín	0
𨚍	bì	0
𨚓	bì	0
𨚔	bāo	0
𨚕	biàn	0
𨚖	zī	0
𨚗	nà	0
𨚘	wèi	0
𨚙	háo	0
𨚡	jǐn	0
𨚣	zhèng	0
𨚧	qié	0
𨚮	hào	0
𨚯	tóng	0
𨚰	zǎo	0
𨚱	shèng	0
𨚲	cún	0
𨚳	huāng	0
𨚴	rú	0
𨚵	zài	0
𨚶	nián	0
𨚾	xiān	0
𨛈	quán	0
𨛉	jì	0
𨛊	yín	0
𨛋	lǐ	0
𨛌	máng	0
𨛍	shào	0
𨛎	hàn	0
𨛏	cuò	0
𨛐	jùn	0
𨛑	jì	0
𨛒	bù	0
𨛓	lòng	0
𨛔	fǒu	0
𨛕	yóu	0
𨛖	kuài	0
𨛜	xiàng	0
𨛡	yún	0
𨛣	qín	0
𨛤	huí	0
𨛥	pú	0
𨛫	lí	0
𨛬	péi	0
𨛭	shū	0
𨛮	jū	0
𨛯	yí	0
𨛰	zhēng	0
𨛱	chóng	0
𨛳	xí	0
𨛵	hǔ	0
𨛶	róu	0
𨜌	huàn	0
𨜍	qiào	0
𨜎	zhī	0
𨜏	yíng	0
𨜐	xǐ	0
𨜑	qiāo	0
𨜒	jì	0
𨜓	zhēng	0
𨜔	huáng	0
𨜖	yú	0
𨜗	zōu	0
𨜘	méi	0
𨜜	shěng	0
𨜩	quán	0
𨜰	jiāng	0
𨜱	hé	0
𨜳	tóng	0
𨜴	hé	0
𨜵	wēn	0
𨜶	yì	0
𨜷	páng	0
𨜺	wēng	0
𨜻	qián	0
𨜼	lì	0
𨜽	yí	0
𨜾	chuàng	0
𨜿	xù	0
𨝀	wěi	0
𨝆	gē	0
𨝈	yǔ	0
𨝋	zhài	0
𨝌	gān	0
𨝍	qiān	0
𨝎	kāng	0
𨝏	lí	0
𨝐	shēn	0
𨝑	guàn	0
𨝓	piáo	0
𨝕	gài	0
𨝖	lí	0
𨝘	hǔ	0
𨝛	tú	0
𨝜	shùn	0
𨝞	hù	0
𨝟	lí	0
𨝢	lòu	0
𨝦	dàng	0
𨝨	zuò	0
𨝩	shān	0
𨝫	shè	0
𨝭	féng	0
𨝮	jù	0
𨝯	tóng	0
𨝰	jiǎo	0
𨝱	qiáo	0
𨝲	gāo	0
𨝳	zī	0
𨝴	huáng	0
𨝵	shān	0
𨝸	tán	0
𨞌	tuō	0
𨞎	lìng	0
𨞐	chéng	0
𨞑	wèng	0
𨞒	zuó	0
𨞓	yù	0
𨞕	zhú	0
𨞗	qún	0
𨞘	xǐ	0
𨞙	qú	0
𨞛	gé	0
𨞢	qī	0
𨞣	xū	0
𨞨	gài	0
𨞩	què	0
𨞪	shòu	0
𨞫	méng	0
𨞲	shēn	0
𨞳	qú	0
𨞶	qiāo	0
𨞷	cán	0
𨞺	lì	0
𨞼	wàn	0
𨞽	léi	0
𨞾	xīng	0
𨞿	láng	0
𨟂	shì	0
𨟃	zhēng	0
𨟄	fán	0
𨟊	zhì	0
𨟏	yín	0
𨟑	lì	0
𨟖	mó	0
𨟗	wěi	0
𨟙	yīng	0
𨟚	ráng	0
𨟠	quān	0
𨟥	luǒ	0
𨟲	dài	0
𨟴	yìn	0
𨟵	bǐ	0
𨟶	gē	0
𨟸	wèn	0
𨟹	yǎn	0
𨟺	miǎn	0
𨟼	gǎng	0
𨟽	qiú	0
𨟾	zhī	0
𨠋	gū	0
𨠌	tóng	0
𨠎	líng	0
𨠏	tí	0
𨠐	cí	0
𨠑	yí	0
𨠒	fàn	0
𨠓	pō	0
𨠔	bì	0
𨠖	bào	0
𨠟	pēng	0
𨠡	suān	0
𨠤	sōng	0
𨠥	wéi	0
𨠦	xiáo	0
𨠨	jì	0
𨠬	hào	0
𨠭	yǎn	0
𨠶	yí	0
𨠷	zāo	0
𨠸	yǐng	0
𨠹	nǎn	0
𨠿	zā	0
𨡁	tiǎn	0
𨡂	xī	0
𨡃	jiào	0
𨡄	yán	0
𨡌	néi	0
𨡍	tǎn	0
𨡎	yàn	0
𨡏	tiǎn	0
𨡐	zhì	0
𨡑	chōu	0
𨡒	táo	0
𨡗	zhà	0
𨡙	dān	0
𨡞	miǎn	0
𨡡	wǔ	0
𨡢	yǐn	0
𨡣	yàn	0
𨡤	lǎo	0
𨡩	pō	0
𨡫	hùn	0
𨡬	hǎi	0
𨡭	mú	0
𨡮	cōng	0
𨡱	kù	0
𨡲	chōu	0
𨡴	yǒu	0
𨡸	zhuó	0
𨡺	kuì	0
𨡻	sōu	0
𨢂	yìn	0
𨢅	zuì	0
𨢆	sāng	0
𨢇	liù	0
𨢈	hàn	0
𨢉	wèi	0
𨢊	méng	0
𨢋	hú	0
𨢌	lì	0
𨢎	mì	0
𨢐	bāng	0
𨢑	jiǎn	0
𨢜	què	0
𨢠	méng	0
𨢢	mú	0
𨢣	hǒng	0
𨢤	hù	0
𨢥	mí	0
𨢦	shài	0
𨢩	shāng	0
𨢪	chào	0
𨢬	zhuó	0
𨢮	zhī	0
𨢯	niàn	0
𨢵	jì	0
𨢸	kē	0
𨢹	zhēng	0
𨢿	dān	0
𨣀	liǎo	0
𨣁	zhǎn	0
𨣂	gǒng	0
𨣃	láo	0
𨣄	huā	0
𨣅	chuài	0
𨣇	jiǎn	0
𨣈	kuì	0
𨣍	shē	0
𨣔	chěn	0
𨣕	tǎn	0
𨣗	hú	0
𨣘	méng	0
𨣙	pào	0
𨣚	zhǎn	0
𨣛	cháng	0
𨣝	gǎn	0
𨣠	yì	0
𨣢	suì	0
𨣦	xù	0
𨣧	jì	0
𨣨	làn	0
𨣬	yí	0
𨣯	mì	0
𨣱	miè	0
𨣵	cuán	0
𨣸	lǎn	0
𨣻	yān	0
𨣾	mí	0
𨤂	yǒng	0
𨤃	cáng	0
𨤄	jiǎn	0
𨤇	sōu	0
𨤎	yán	0
𨤑	juàn	0
𨤕	è	0
𨤘	fèn	0
𨤚	fèn	0
𨤡	guàng	0
𨤢	mái	0
𨤤	liě	0
𨤩	chōng	0
𨤫	lí	0
𨤱	zhí	0
𨤴	xiè	0
𨤷	chóu	0
𨤹	jí	0
𨤽	pī	0
𨥂	jié	0
𨥇	zhǒu	0
𨥍	xiōng	0
𨥑	kuàng	0
𨥙	jǐng	0
𨥛	hù	0
𨥞	qián	0
𨥣	cén	0
𨥦	qí	0
𨥧	wǎn	0
𨥨	máo	0
𨥪	dǒu	0
𨥴	kǒu	0
𨥶	dài	0
𨥸	náo	0
𨥺	hóng	0
𨦂	lǎi	0
𨦃	duǒ	0
𨦄	qiān	0
𨦆	yín	0
𨦖	lòu	0
𨦗	huī	0
𨦛	fù	0
𨦜	máo	0
𨦞	zhōu	0
𨦡	yóng	0
𨦭	láo	0
𨦮	jí	0
𨦯	yì	0
𨦰	liú	0
𨦱	cōng	0
𨦳	nǎn	0
𨧀	dù	0
𨧐	tūn	0
𨧑	xiàng	0
𨧕	biàn	0
𨧖	chuáng	0
𨧗	wù	0
𨧙	jū	0
𨧥	xiē	0
𨧦	pī	0
𨧧	zhuó	0
𨧨	ruì	0
𨧪	sào	0
𨧫	zì	0
𨧭	zhèng	0
𨧮	mí	0
𨧰	zú	0
𨧱	qū	0
𨧳	chì	0
𨧵	zhì	0
𨨏	bō	0
𨨗	quàn	0
𨨘	qiān	0
𨨙	yā	0
𨨚	chào	0
𨨛	hé	0
𨨜	rǔ	0
𨨠	jū	0
𨨡	wù	0
𨨬	chì	0
𨨭	kuàng	0
𨨯	còu	0
𨨰	ruàn	0
𨨱	kuò	0
𨨲	chí	0
𨨳	zú	0
𨨴	jiāo	0
𨨶	yú	0
𨨷	tú	0
𨨸	méng	0
𨨹	dā	0
𨨺	shuò	0
𨩥	fēng	0
𨩦	gǒu	0
𨩧	dōng	0
𨩨	chǎ	0
𨩩	mào	0
𨩪	chǎn	0
𨩫	biān	0
𨩬	yù	0
𨩯	wán	0
𨩰	zú	0
𨩲	zī	0
𨩴	chuān	0
𨩵	wǎn	0
𨩶	wā	0
𨩸	quān	0
𨩻	wǎn	0
𨩽	xià	0
𨪄	yìng	0
𨪅	jiàn	0
𨪈	wěi	0
𨪉	tí	0
𨪊	sāo	0
𨪌	qí	0
𨪍	shā	0
𨪎	yù	0
𨪏	jí	0
𨪐	dòu	0
𨪑	chǎn	0
𨪒	tuán	0
𨪕	liú	0
𨪗	zhuì	0
𨪳	ruàn	0
𨪶	yàn	0
𨪷	gǔ	0
𨪹	lì	0
𨪺	chā	0
𨪾	dì	0
𨪿	liú	0
𨫀	zhǎn	0
𨫁	pō	0
𨫒	lòu	0
𨫔	zhì	0
𨬁	lián	0
𨬅	luǒ	0
𨬍	duò	0
𨬐	jué	0
𨬑	lì	0
𨬒	lán	0
𨬔	ruàn	0
𨬕	gū	0
𨬖	chán	0
𨬗	xū	0
𨬚	zhǐ	0
𨭁	xuè	0
𨭂	bō	0
𨭃	chēng	0
𨭅	zhù	0
𨭆	hēi	0
𨭉	bān	0
𨭎	xǐ	0
𨭓	dié	0
𨭖	zhǎn	0
𨭗	guó	0
𨭚	biāo	0
𨭛	là	0
𨭺	jīn	0
𨮂	gǎi	0
𨮒	mèng	0
𨮔	yù	0
𨮪	xǐ	0
𨮬	piāo	0
𨮭	sī	0
𨮴	dèng	0
𨮸	chuō	0
𨮹	dí	0
𨮺	jī	0
𨮻	chán	0
𨮿	zhuó	0
𨯓	cài	0
𨯞	jiàng	0
𨯲	tóu	0
𨯽	lí	0
𨰂	qiàn	0
𨰆	chuō	0
𨰏	tà	0
𨰑	diào	0
𨰓	jiǎn	0
𨰛	zhǐ	0
𨰜	jué	0
𨰞	mó	0
𨰠	luó	0
𨰦	bǎo	0
𨰭	zuǎn	0
𨰵	zhē	0
𨰸	yú	0
𨰻	bǎo	0
𨰾	mǎ	0
𨰿	xì	0
𨱀	hù	0
𨱁	yì	0
𨱂	é	0
𨱃	gū	0
𨱄	tú	0
𨱅	zhēn	0
𨱇	qiú	0
𨱈	sù	0
𨱉	liàng	0
𨱊	qū	0
𨱋	líng	0
𨱌	guàn	0
𨱍	láng	0
𨱎	tōu	0
𨱏	dā	0
𨱐	lòu	0
𨱑	huáng	0
𨱒	shòu	0
𨱓	jiāo	0
𨱔	zūn	0
𨱕	gǎi	0
𨱖	wéi	0
𨱙	kūn	0
𨱚	duàn	0
𨱛	sōng	0
𨱜	qí	0
𨱝	yǎng	0
𨱡	shì	0
𨱣	gǎi	0
𨱦	dào	0
𨱧	yǎo	0
𨱫	qián	0
𨱭	shāo	0
𨱮	cháng	0
𨱯	miǔ	0
𨱱	mó	0
𨱵	nǎo	0
𨱸	cōng	0
𨱺	niè	0
𨱻	zhāo	0
𨱼	cén	0
𨱿	sōng	0
𨲀	niè	0
𨲁	cì	0
𨲄	jùn	0
𨲆	shāo	0
𨲈	zhú	0
𨲉	duǒ	0
𨲊	àn	0
𨲋	bī	0
𨲎	tì	0
𨲐	pǐ	0
𨲑	xiá	0
𨲒	qiú	0
𨲓	shěng	0
𨲗	tāng	0
𨲛	mán	0
𨲜	piān	0
𨲞	tì	0
𨲟	róng	0
𨲧	cōng	0
𨲪	jī	0
𨲫	féng	0
𨲬	wù	0
𨲭	jiào	0
𨲮	láo	0
𨲯	zēng	0
𨲰	péng	0
𨲱	cǎn	0
𨲳	nóng	0
𨲵	chǎn	0
𨲾	mán	0
𨲿	guì	0
𨳀	niào	0
𨳁	chōng	0
𨳂	chàn	0
𨳆	nàng	0
𨳉	xiā	0
𨳊	jiū	0
𨳋	jǐ	0
𨳌	zhèn	0
𨳑	tǐng	0
𨳔	mén	0
𨳕	yuè	0
𨳗	zhōng	0
𨳘	tún	0
𨳙	ruì	0
𨳚	xiè	0
𨳛	xī	0
𨳝	tǐng	0
𨳞	niǔ	0
𨳠	wǎng	0
𨳡	jiān	0
𨳣	fēn	0
𨳲	biàn	0
𨳷	yí	0
𨳺	dié	0
𨳻	jī	0
𨳼	gǎn	0
𨳿	jiān	0
𨴀	jiōng	0
𨴆	kāi	0
𨴊	què	0
𨴌	nán	0
𨴍	móu	0
𨴎	xù	0
𨴏	sǒng	0
𨴐	shèn	0
𨴑	kuāng	0
𨴒	què	0
𨴓	wéi	0
𨴗	dié	0
𨴘	nán	0
𨴚	ruò	0
𨴛	gōng	0
𨴜	dòu	0
𨴞	niǎn	0
𨴡	chāo	0
𨴢	hé	0
𨴣	yàn	0
𨴩	tú	0
𨴪	bǔ	0
𨴬	hú	0
𨴭	yǒng	0
𨴯	shǐ	0
𨴰	chù	0
𨴹	xiāo	0
𨴺	mén	0
𨴻	lǐ	0
𨴼	tí	0
𨴾	jiān	0
𨵂	zhǐ	0
𨵃	guā	0
𨵄	guǎn	0
𨵆	qì	0
𨵈	fēi	0
𨵉	yǔ	0
𨵊	zhé	0
𨵋	wěi	0
𨵌	ě	0
𨵍	chān	0
𨵎	xī	0
𨵐	gǔ	0
𨵗	què	0
𨵘	huì	0
𨵚	xié	0
𨵛	yīng	0
𨵝	tà	0
𨵞	wāi	0
𨵟	fú	0
𨵠	jiè	0
𨵡	pì	0
𨵥	shěng	0
𨵦	yú	0
𨵧	kuā	0
𨵩	pì	0
𨵪	xié	0
𨵫	nüè	0
𨵬	xiàn	0
𨵭	jiàn	0
𨵮	xù	0
𨵰	bì	0
𨵴	nán	0
𨵶	liáng	0
𨵸	pián	0
𨵼	jìng	0
𨶀	tǎ	0
𨶁	yàn	0
𨶂	ài	0
𨶅	xiāo	0
𨶆	qiāng	0
𨶇	wǔ	0
𨶈	táng	0
𨶊	jùn	0
𨶐	kuò	0
𨶗	làng	0
𨶙	něng	0
𨶜	dòu	0
𨶝	shú	0
𨶟	jiǎo	0
𨶠	niè	0
𨶢	yú	0
𨶨	cè	0
𨶪	jiǎo	0
𨶬	huà	0
𨶭	wén	0
𨶮	yē	0
𨶯	é	0
𨶰	guāng	0
𨶱	huā	0
𨶲	jiāo	0
𨶺	lèi	0
𨶼	shāng	0
𨶽	yòng	0
𨶿	dēng	0
𨷀	guān	0
𨷁	niú	0
𨷃	suì	0
𨷄	xiàng	0
𨷆	sà	0
𨷇	chāng	0
𨷎	rùn	0
𨷐	yūn	0
𨷒	fēn	0
𨷓	jiàn	0
𨷔	xù	0
𨷘	xì	0
𨷙	shú	0
𨷥	xié	0
𨷦	lì	0
𨷩	tóu	0
𨷬	mǐ	0
𨷭	chán	0
𨷮	huō	0
𨷱	zhuǎn	0
𨷲	yuè	0
𨷻	lán	0
𨷽	yán	0
𨷾	dàng	0
𨷿	xiàng	0
𨸀	yuè	0
𨸁	tǐng	0
𨸂	bēng	0
𨸃	sàn	0
𨸄	xiàn	0
𨸅	dié	0
𨸆	pì	0
𨸇	pián	0
𨸉	tǎ	0
𨸋	jiāo	0
𨸌	yē	0
𨸎	yuè	0
𨸐	réng	0
𨸑	qiǎo	0
𨸒	qí	0
𨸓	diāo	0
𨸔	qí	0
𨸗	hàn	0
𨸘	yuán	0
𨸙	yóu	0
𨸚	jí	0
𨸛	gài	0
𨸜	hāi	0
𨸝	shì	0
𨸟	qū	0
𨸩	wèn	0
𨸬	zhèn	0
𨸭	pō	0
𨸮	yán	0
𨸯	gū	0
𨸰	jú	0
𨸱	tiàn	0
𨸷	è	0
𨸺	yā	0
𨸻	lìn	0
𨸼	bì	0
𨹀	zǐ	0
𨹁	hóng	0
𨹃	duǒ	0
𨹅	duì	0
𨹆	xuàn	0
𨹈	shǎn	0
𨹊	shǎn	0
𨹋	yáo	0
𨹌	rǎn	0
𨹔	tuó	0
𨹗	bīng	0
𨹘	xù	0
𨹙	tūn	0
𨹚	chéng	0
𨹜	dòu	0
𨹝	yì	0
𨹡	chè	0
𨹵	juǎn	0
𨹶	jī	0
𨹸	zhào	0
𨹹	bēng	0
𨹻	tiǎn	0
𨺀	pēng	0
𨺅	fù	0
𨺖	tuǒ	0
𨺘	xián	0
𨺙	nì	0
𨺚	lóng	0
𨺝	zhuó	0
𨺟	zhēng	0
𨺠	shǔn	0
𨺡	zōng	0
𨺢	fēng	0
𨺣	duàn	0
𨺤	pì	0
𨺥	yǎn	0
𨺦	sǒu	0
𨺧	qiú	0
𨺨	è	0
𨺩	qián	0
𨺫	qiǎn	0
𨺭	cā	0
𨺮	xùn	0
𨺵	zhuì	0
𨺸	mǎo	0
𨺹	jiǎo	0
𨺿	zhǎn	0
𨻀	pí	0
𨻁	xī	0
𨻂	yàn	0
𨻃	fèi	0
𨻄	niè	0
𨻆	zhì	0
𨻈	suǒ	0
𨻊	yì	0
𨻌	lěi	0
𨻍	xù	0
𨻏	yì	0
𨻒	wēi	0
𨻕	jī	0
𨻖	chēn	0
𨻗	dié	0
𨻣	yuán	0
𨻥	xí	0
𨻧	liú	0
𨻨	suǒ	0
𨻱	bēng	0
𨻲	xià	0
𨻳	yàn	0
𨻵	cuī	0
𨻷	kāng	0
𨻺	qīng	0
𨻻	lóu	0
𨻼	bī	0
𨼈	zhàn	0
𨼉	cuàn	0
𨼊	wú	0
𨼋	xū	0
𨼌	chēn	0
𨼍	háo	0
𨼎	jué	0
𨼐	chèn	0
𨼑	chá	0
𨼒	chǎn	0
𨼓	zhí	0
𨼔	xún	0
𨼣	gé	0
𨼤	chén	0
𨼥	yè	0
𨼪	chǔ	0
𨼫	qú	0
𨼬	xiè	0
𨼮	zhàn	0
𨼯	kěn	0
𨼱	jué	0
𨼽	qú	0
𨼿	méng	0
𨽀	yè	0
𨽁	zōu	0
𨽂	pú	0
𨽄	shì	0
𨽉	shǔ	0
𨽊	chán	0
𨽍	dú	0
𨽏	guō	0
𨽐	lù	0
𨽑	yān	0
𨽖	niǎo	0
𨽗	bīn	0
𨽟	tuí	0
𨽦	nì	0
𨽧	huān	0
𨽨	qián	0
𨽯	xià	0
𨽲	líng	0
𨽷	lián	0
𨽹	yì	0
𨽻	lì	0
𨽼	sì	0
𨽿	dài	0
𨾂	wèi	0
𨾅	cì	0
𨾉	jiǔ	0
𨾊	hóng	0
𨾌	yú	0
𨾎	kuí	0
𨾒	háng	0
𨾓	gē	0
𨾔	fàng	0
𨾗	kuí	0
𨾚	guī	0
𨾛	chǐ	0
𨾞	jiǔ	0
𨾡	suī	0
𨾤	dié	0
𨾬	suǐ	0
𨾰	qín	0
𨾴	guī	0
𨾻	zhuī	0
𨾾	tiào	0
𨿁	yuè	0
𨿇	zuǐ	0
𨿏	wú	0
𨿐	cuǐ	0
𨿛	zhì	0
𨿠	shuì	0
𨿢	dōng	0
𨿭	wéi	0
𨿿	chǒng	0
𩀋	rún	0
𩀖	jí	0
𩀜	diāo	0
𩀞	cāng	0
𩀠	kòu	0
𩀣	wéi	0
𩀧	cán	0
𩀪	má	0
𩀫	òu	0
𩀲	sǎn	0
𩀶	wéi	0
𩀼	sǎn	0
𩀿	jīn	0
𩁌	wéi	0
𩁞	cài	0
𩁟	lí	0
𩁯	yuè	0
𩁴	yūn	0
𩁷	chēng	0
𩁺	shān	0
𩂂	hū	0
𩂃	shài	0
𩂄	tún	0
𩂆	fǒu	0
𩂈	qìn	0
𩂉	xū	0
𩂍	chuān	0
𩂎	fù	0
𩂒	yì	0
𩂓	dōng	0
𩂔	fú	0
𩂕	fú	0
𩂖	zé	0
𩂗	pù	0
𩂙	líng	0
𩂝	shài	0
𩂞	pào	0
𩂢	yín	0
𩂣	luò	0
𩂤	huà	0
𩂥	yìn	0
𩂦	bèng	0
𩂧	yū	0
𩂨	shè	0
𩂪	xiè	0
𩂫	chǔ	0
𩂴	shè	0
𩂵	diàn	0
𩂹	yì	0
𩂻	chè	0
𩂼	gěng	0
𩂽	lóng	0
𩂾	píng	0
𩂿	yǔn	0
𩃀	yàn	0
𩃁	mò	0
𩃃	suī	0
𩃋	jìng	0
𩃍	sòng	0
𩃎	páng	0
𩃐	yá	0
𩃑	sè	0
𩃒	duǒ	0
𩃕	chuáng	0
𩃖	xiè	0
𩃘	tuán	0
𩃙	gōng	0
𩃚	xuàn	0
𩃜	lā	0
𩃞	líng	0
𩃠	dài	0
𩃡	zhá	0
𩃬	yīn	0
𩃭	sōng	0
𩃯	yǔ	0
𩃰	tuó	0
𩃱	tuó	0
𩃴	bà	0
𩃵	rǎn	0
𩃶	bó	0
𩃷	dài	0
𩃹	zhá	0
𩃺	hóu	0
𩃾	huǐ	0
𩄅	lú	0
𩄊	lìng	0
𩄋	rú	0
𩄕	dàn	0
𩄖	méng	0
𩄗	xià	0
𩄘	wěng	0
𩄙	hán	0
𩄚	zī	0
𩄛	zhèn	0
𩄜	sè	0
𩄝	cuó	0
𩄞	lì	0
𩄠	diān	0
𩄡	lián	0
𩄢	gòu	0
𩄦	péng	0
𩄪	yīng	0
𩄬	hòu	0
𩄮	duì	0
𩄯	wù	0
𩄷	piào	0
𩄸	hè	0
𩄺	lóng	0
𩄻	mò	0
𩄼	fěi	0
𩄽	lǚ	0
𩄾	zé	0
𩄿	bó	0
𩅀	diàn	0
𩅁	mǎng	0
𩅃	zhuàng	0
𩅄	lù	0
𩅅	pāng	0
𩅆	duì	0
𩅇	bù	0
𩅌	chēn	0
𩅍	màn	0
𩅖	xī	0
𩅝	ǎn	0
𩅞	zhōng	0
𩅠	nàn	0
𩅡	tuò	0
𩅢	hé	0
𩅥	duì	0
𩅦	wān	0
𩅧	zhōng	0
𩅨	cén	0
𩅩	lì	0
𩅪	shuāng	0
𩅮	cén	0
𩅰	sī	0
𩅲	duì	0
𩅴	hūn	0
𩅼	jiān	0
𩅽	nóng	0
𩅾	dàn	0
𩅿	fù	0
𩆀	huò	0
𩆁	huì	0
𩆂	cí	0
𩆄	yǒng	0
𩆅	sà	0
𩆆	tíng	0
𩆎	liù	0
𩆑	suān	0
𩆒	líng	0
𩆓	mán	0
𩆔	diàn	0
𩆘	pāo	0
𩆚	líng	0
𩆝	lì	0
𩆟	nóu	0
𩆣	liè	0
𩆤	shǎn	0
𩆦	fèi	0
𩆫	shǎn	0
𩆮	líng	0
𩆯	zhàn	0
𩆱	bīn	0
𩆲	lí	0
𩆵	sī	0
𩆶	ráng	0
𩆷	jiān	0
𩆸	zhuó	0
𩆻	líng	0
𩆼	líng	0
𩆽	mèng	0
𩆿	shuāng	0
𩇄	líng	0
𩇇	hùn	0
𩇎	líng	0
𩇏	jiān	0
𩇐	qú	0
𩇔	nóng	0
𩇕	jìng	0
𩇖	chēn	0
𩇜	zhēn	0
𩇝	qìng	0
𩇟	qìng	0
𩇠	è	0
𩇣	sè	0
𩇩	bèi	0
𩇫	fēi	0
𩇮	fèi	0
𩇯	féi	0
𩇴	fāng	0
𩇵	kǔ	0
𩇺	zá	0
𩇻	huì	0
𩇽	féi	0
𩈁	duì	0
𩈆	pā	0
𩈇	niǔ	0
𩈈	pàng	0
𩈉	dàn	0
𩈊	dān	0
𩈋	ài	0
𩈍	tiǎn	0
𩈎	chǎo	0
𩈏	ǎo	0
𩈐	mèi	0
𩈑	nǎn	0
𩈔	bò	0
𩈕	yù	0
𩈖	xiān	0
𩈗	mài	0
𩈚	pīng	0
𩈜	duī	0
𩈞	dào	0
𩈡	xìng	0
𩈢	nì	0
𩈣	hān	0
𩈤	chù	0
𩈥	shuǎ	0
𩈦	mǎn	0
𩈬	wàn	0
𩈭	yì	0
𩈮	diào	0
𩈯	yān	0
𩈱	wò	0
𩈲	suàn	0
𩈴	ǎn	0
𩈵	lán	0
𩈶	nǎn	0
𩈸	qiǔ	0
𩈹	miàn	0
𩈺	nuǒ	0
𩈻	cán	0
𩈼	cǎn	0
𩉀	làn	0
𩉁	tiǎn	0
𩉂	yè	0
𩉄	niǎn	0
𩉆	shuǎ	0
𩉋	cí	0
𩉍	jiǎn	0
𩉐	gàn	0
𩉔	jiàn	0
𩉕	guó	0
𩉗	zhān	0
𩉙	luǒ	0
𩉜	jī	0
𩉝	guì	0
𩉡	jiá	0
𩉢	jǐ	0
𩉥	xuàn	0
𩉧	fēng	0
𩉫	bì	0
𩉬	qí	0
𩉯	yuán	0
𩉰	àng	0
𩉱	dī	0
𩉴	è	0
𩉵	fén	0
𩉸	jù	0
𩉹	nǐ	0
𩉺	tuó	0
𩉼	shēn	0
𩉽	fú	0
𩉾	xiá	0
𩉿	qú	0
𩊀	pò	0
𩊁	wǎn	0
𩊂	líng	0
𩊃	mà	0
𩊄	zhòu	0
𩊅	bào	0
𩊇	yù	0
𩊌	běng	0
𩊍	mài	0
𩊏	jiā	0
𩊑	yǎng	0
𩊓	kuǎ	0
𩊔	jiào	0
𩊖	bǐng	0
𩊚	luò	0
𩊛	guǐ	0
𩊜	duò	0
𩊝	zhì	0
𩊡	zhèn	0
𩊢	è	0
𩊣	zhū	0
𩊤	bá	0
𩊨	zhèn	0
𩊩	fēng	0
𩊪	dòu	0
𩊫	niǎn	0
𩊬	bù	0
𩊭	duì	0
𩊮	shā	0
𩊯	sè	0
𩊰	bì	0
𩊴	zhì	0
𩊵	zhé	0
𩊶	bù	0
𩊺	jué	0
𩊻	xùn	0
𩊿	xì	0
𩋁	zhuó	0
𩋂	bài	0
𩋃	yáo	0
𩋄	chǒu	0
𩋅	tà	0
𩋆	qiān	0
𩋈	nào	0
𩋉	yù	0
𩋊	è	0
𩋋	jiān	0
𩋌	yì	0
𩋍	xiāo	0
𩋏	niè	0
𩋒	bīng	0
𩋗	guǒ	0
𩋘	xié	0
𩋙	diào	0
𩋜	jū	0
𩋝	suǒ	0
𩋞	dié	0
𩋟	fú	0
𩋠	miǎn	0
𩋡	shì	0
𩋢	xuàn	0
𩋣	tí	0
𩋤	yù	0
𩋧	xié	0
𩋨	fú	0
𩋩	zhì	0
𩋪	nǐ	0
𩋫	xuàn	0
𩋬	yáng	0
𩋮	fěng	0
𩋯	zòng	0
𩋰	zhòu	0
𩋱	xuān	0
𩋵	zhū	0
𩋷	la	0
𩋹	yìng	0
𩋺	gào	0
𩋻	kuò	0
𩋽	é	0
𩋾	wéi	0
𩋿	méi	0
𩌃	huái	0
𩌄	chǒu	0
𩌆	suǒ	0
𩌇	tà	0
𩌈	suǒ	0
𩌉	tà	0
𩌊	xuè	0
𩌌	gǒng	0
𩌍	jiǎ	0
𩌏	bó	0
𩌐	tà	0
𩌑	yuǎn	0
𩌘	tà	0
𩌝	chuí	0
𩌠	xiōng	0
𩌡	hé	0
𩌢	suō	0
𩌧	mò	0
𩌨	chóng	0
𩌩	suī	0
𩌪	zé	0
𩌫	lù	0
𩌬	zhāng	0
𩌭	luò	0
𩌮	xù	0
𩌯	jiān	0
𩌰	shān	0
𩌲	xù	0
𩌾	jiǎng	0
𩍂	bào	0
𩍃	mái	0
𩍅	tóng	0
𩍆	xì	0
𩍉	róng	0
𩍋	shéng	0
𩍌	zhòu	0
𩍎	jiān	0
𩍏	fù	0
𩍐	dèng	0
𩍓	yōng	0
𩍔	jū	0
𩍖	yì	0
𩍗	bāng	0
𩍙	sè	0
𩍚	suì	0
𩍜	duó	0
𩍝	xiè	0
𩍡	huán	0
𩍥	rǔ	0
𩍦	nǐ	0
𩍧	zhòu	0
𩍨	guì	0
𩍪	luò	0
𩍲	zhī	0
𩍳	xù	0
𩍵	zhī	0
𩍷	jué	0
𩍸	jū	0
𩍻	yuán	0
𩍼	lú	0
𩍿	bó	0
𩎂	róng	0
𩎃	xiè	0
𩎉	xǐ	0
𩎊	luó	0
𩎎	gé	0
𩎑	zuān	0
𩎒	hàn	0
𩎔	jiāo	0
𩎕	sǎ	0
𩎖	qín	0
𩎗	qūn	0
𩎘	páo	0
𩎙	yuè	0
𩎚	chè	0
𩎛	fú	0
𩎜	pēi	0
𩎟	mèi	0
𩎢	tāo	0
𩎤	kēn	0
𩎥	xì	0
𩎫	duò	0
𩎭	yì	0
𩎰	suì	0
𩎲	xiá	0
𩎳	juān	0
𩎵	wéi	0
𩎷	yì	0
𩎹	yù	0
𩎻	bài	0
𩎼	tuó	0
𩎽	tà	0
𩎾	páo	0
𩏂	bǐng	0
𩏅	yùn	0
𩏆	yùn	0
𩏇	duàn	0
𩏈	ruǎn	0
𩏉	wéi	0
𩏏	wéi	0
𩏐	guì	0
𩏒	dá	0
𩏓	xiá	0
𩏖	hùn	0
𩏗	juǎn	0
𩏘	suī	0
𩏚	suì	0
𩏝	lóu	0
𩏞	bài	0
𩏟	yù	0
𩏠	zhèng	0
𩏡	guì	0
𩏣	kuī	0
𩏤	gāo	0
𩏥	dān	0
𩏩	xiǎn	0
𩏪	zhái	0
𩏫	sè	0
𩏭	kē	0
𩏮	bǔ	0
𩏯	bó	0
𩏲	suì	0
𩏴	yù	0
𩏵	bǔ	0
𩏶	jiū	0
𩏷	jiū	0
𩏹	juàn	0
𩏺	jué	0
𩏼	nà	0
𩏽	zhái	0
𩏾	tāo	0
𩏿	wěi	0
𩐀	xiá	0
𩐁	xiè	0
𩐅	sà	0
𩐆	jī	0
𩐉	xiè	0
𩐌	duì	0
𩐍	zǐ	0
𩐘	yuǎn	0
𩐙	qìn	0
𩐚	fú	0
𩐛	péng	0
𩐜	páo	0
𩐞	yìn	0
𩐠	hōng	0
𩐡	zú	0
𩐣	gōng	0
𩐤	dòng	0
𩐥	hē	0
𩐦	wò	0
𩐨	pāng	0
𩐫	sù	0
𩐬	kǎn	0
𩐭	niè	0
𩐮	háo	0
𩐯	fèng	0
𩐰	è	0
𩐱	yè	0
𩐴	tíng	0
𩐵	dòng	0
𩐶	zhé	0
𩐷	sāng	0
𩐻	mò	0
𩐼	sù	0
𩐾	lè	0
𩑀	pǔ	0
𩑁	é	0
𩑂	zhuó	0
𩑃	yè	0
𩑇	xiāng	0
𩑈	guàng	0
𩑉	rěn	0
𩑊	líng	0
𩑍	ào	0
𩑐	chāi	0
𩑒	duó	0
𩑓	qióng	0
𩑔	kū	0
𩑕	xū	0
𩑖	huán	0
𩑗	yāo	0
𩑘	zhèn	0
𩑙	tǐng	0
𩑚	běng	0
𩑝	áng	0
𩑟	kān	0
𩑡	kū	0
𩑢	péi	0
𩑣	yòu	0
𩑤	ǎo	0
𩑥	mén	0
𩑦	mò	0
𩑬	fǔ	0
𩑭	qīng	0
𩑮	là	0
𩑯	dǒu	0
𩑰	tǎn	0
𩑳	qiǎn	0
𩑴	yào	0
𩑵	wèi	0
𩑶	hú	0
𩑷	mò	0
𩑸	hē	0
𩑹	xuàn	0
𩑻	bì	0
𩑼	pō	0
𩑾	dī	0
𩒀	zhěn	0
𩒂	shī	0
𩒃	kǎn	0
𩒄	cè	0
𩒇	xū	0
𩒈	zhěn	0
𩒊	zhǔ	0
𩒏	huì	0
𩒐	chǐ	0
𩒓	hǒng	0
𩒔	nóu	0
𩒕	niè	0
𩒖	yàn	0
𩒘	chǒng	0
𩒙	fǔ	0
𩒚	guāng	0
𩒛	qī	0
𩒝	gěn	0
𩒞	tǐng	0
𩒢	tǎn	0
𩒣	qiǎn	0
𩒦	jiù	0
𩒧	xū	0
𩒨	qǐ	0
𩒪	zhèn	0
𩒮	qiú	0
𩒰	ě	0
𩒳	huì	0
𩒴	hòng	0
𩒵	qǐng	0
𩒷	chē	0
𩒺	fù	0
𩒼	hōng	0
𩒽	xī	0
𩒾	wú	0
𩒿	máng	0
𩓂	tī	0
𩓅	hōng	0
𩓐	bó	0
𩓒	qǐn	0
𩓓	gěn	0
𩓖	fú	0
𩓗	kuǐ	0
𩓝	bié	0
𩓞	jìng	0
𩓟	kǎn	0
𩓠	guī	0
𩓢	gǎo	0
𩓣	xū	0
𩓤	àn	0
𩓥	yuè	0
𩓦	wù	0
𩓧	yí	0
𩓨	jīng	0
𩓪	lù	0
𩓫	quán	0
𩓬	tuí	0
𩓮	jì	0
𩓺	jiǒng	0
𩓻	jué	0
𩓼	piē	0
𩓽	kūn	0
𩔀	wài	0
𩔁	huì	0
𩔂	dùn	0
𩔃	yuǎn	0
𩔄	jié	0
𩔆	guì	0
𩔇	gǎo	0
𩔈	pò	0
𩔉	mén	0
𩔊	zhuàn	0
𩔋	hàng	0
𩔔	yóng	0
𩔕	qiú	0
𩔗	lèi	0
𩔘	áng	0
𩔙	pǐ	0
𩔚	wēng	0
𩔝	qìn	0
𩔟	qǐn	0
𩔠	miè	0
𩔡	dōu	0
𩔢	mí	0
𩔣	zhān	0
𩔥	qǐng	0
𩔦	yí	0
𩔮	bān	0
𩔱	juān	0
𩔳	zé	0
𩔴	xù	0
𩔵	lán	0
𩔶	má	0
𩔷	má	0
𩔸	ōu	0
𩔹	bēi	0
𩔻	póu	0
𩔼	xù	0
𩕀	ào	0
𩕆	hǒng	0
𩕉	hǒng	0
𩕊	zhǎn	0
𩕌	sěn	0
𩕍	gǎo	0
𩕏	pó	0
𩕐	liào	0
𩕕	wài	0
𩕖	xuān	0
𩕜	kuí	0
𩕟	è	0
𩕠	hàn	0
𩕡	sè	0
𩕤	dàn	0
𩕪	xuān	0
𩕬	è	0
𩕭	gài	0
𩕯	dāo	0
𩕱	měng	0
𩕲	yī	0
𩕳	nǐng	0
𩕵	pín	0
𩕹	cāng	0
𩕾	yuàn	0
𩖀	è	0
𩖁	niè	0
𩖄	yǐn	0
𩖇	qiāo	0
𩖉	hōng	0
𩖊	líng	0
𩖌	chān	0
𩖍	yǐng	0
𩖒	guān	0
𩖔	niǎo	0
𩖕	xū	0
𩖖	tán	0
𩖗	jìn	0
𩖛	péng	0
𩖝	liáo	0
𩖠	bèi	0
𩖣	xín	0
𩖤	tún	0
𩖥	chāo	0
𩖦	gān	0
𩖨	hū	0
𩖩	wǎng	0
𩖬	fú	0
𩖭	pèi	0
𩖯	náo	0
𩖰	xún	0
𩖱	xuè	0
𩖴	liǔ	0
𩖵	líng	0
𩖶	xuè	0
𩖷	qū	0
𩖸	háo	0
𩖹	yí	0
𩖺	hàn	0
𩖼	fú	0
𩖽	bá	0
𩖾	yí	0
𩗀	bó	0
𩗄	hōng	0
𩗅	lì	0
𩗉	sà	0
𩗊	xī	0
𩗎	shì	0
𩗏	piāo	0
𩗐	huà	0
𩗑	yí	0
𩗒	bó	0
𩗓	bó	0
𩗔	něi	0
𩗕	qiú	0
𩗘	wěi	0
𩗙	chè	0
𩗚	yóu	0
𩗜	wèi	0
𩗝	huǐ	0
𩗞	sà	0
𩗡	chóu	0
𩗢	hòng	0
𩗣	sōu	0
𩗤	hàn	0
𩗥	páo	0
𩗧	fáng	0
𩗩	liú	0
𩗪	zhòu	0
𩗫	pí	0
𩗭	lì	0
𩗰	chuí	0
𩗱	xī	0
𩗲	zhēng	0
𩗴	bèng	0
𩗵	zhēng	0
𩗶	suì	0
𩗷	yǎn	0
𩗼	qīng	0
𩗽	wù	0
𩗾	liǎng	0
𩘀	zhào	0
𩘁	liáng	0
𩘅	jiē	0
𩘇	hōng	0
𩘈	yōu	0
𩘊	là	0
𩘋	hòu	0
𩘍	yuàn	0
𩘎	hóng	0
𩘏	yè	0
𩘑	yǐng	0
𩘒	xuǎn	0
𩘓	yóu	0
𩘘	quán	0
𩘜	táng	0
𩘝	suǒ	0
𩘟	lì	0
𩘠	sōu	0
𩘡	lì	0
𩘤	yù	0
𩘧	yì	0
𩘭	xiū	0
𩘮	áo	0
𩘯	tuán	0
𩘰	sù	0
𩘱	shuài	0
𩘳	yù	0
𩘵	fēng	0
𩘹	sù	0
𩘺	tuí	0
𩘻	yù	0
𩘼	zhēng	0
𩘽	zhēng	0
𩘿	táo	0
𩙄	liú	0
𩙆	chéng	0
𩙇	suí	0
𩙈	sāo	0
𩙏	gǔ	0
𩙐	fēng	0
𩙑	liè	0
𩙒	piāo	0
𩙖	lì	0
𩙘	lóng	0
𩙙	chū	0
𩙚	xiāo	0
𩙛	hōng	0
𩙜	xiè	0
𩙝	shè	0
𩙠	lóng	0
𩙡	hōu	0
𩙢	xuán	0
𩙣	fēng	0
𩙥	bá	0
𩙦	bó	0
𩙧	táo	0
𩙨	sù	0
𩙩	zhào	0
𩙪	biāo	0
𩙫	sōu	0
𩙬	tuí	0
𩙭	suǒ	0
𩙮	xiāo	0
𩙯	héng	0
𩙰	sāo	0
𩙲	fēi	0
𩙷	niù	0
𩙸	mǎng	0
𩙽	huán	0
𩙾	zhī	0
𩚂	yì	0
𩚄	yù	0
𩚇	yí	0
𩚈	yuē	0
𩚉	chí	0
𩚕	yǐn	0
𩚖	niù	0
𩚗	rǒng	0
𩚛	nà	0
𩚣	tián	0
𩚥	bā	0
𩚪	ěr	0
𩚫	zhēng	0
𩚬	è	0
𩚭	póu	0
𩚮	jī	0
𩚯	ní	0
𩚱	jiǒng	0
𩚲	jiá	0
𩚵	gān	0
𩚹	líng	0
𩚻	zuì	0
𩚾	bèi	0
𩛅	shū	0
𩛆	yǐ	0
𩛇	pāi	0
𩛋	nǎo	0
𩛌	shì	0
𩛎	mǎn	0
𩛏	shì	0
𩛑	tí	0
𩛘	gōng	0
𩛝	lèi	0
𩛞	bǎo	0
𩛟	yuān	0
𩛠	zuō	0
𩛡	láng	0
𩛢	xiū	0
𩛥	zài	0
𩛦	chèng	0
𩛧	jiān	0
𩛨	mào	0
𩛩	jiá	0
𩛪	yù	0
𩛭	yù	0
𩛮	yí	0
𩛲	māng	0
𩛳	zài	0
𩛵	zhuì	0
𩛶	tí	0
𩛹	xì	0
𩛺	jú	0
𩛻	zàn	0
𩛼	lù	0
𩛽	táo	0
𩜀	zhuì	0
𩜁	líng	0
𩜃	jù	0
𩜆	jī	0
𩜇	juǎn	0
𩜊	zī	0
𩜌	yuē	0
𩜍	dōng	0
𩜒	nǎng	0
𩜖	chóng	0
𩜟	àng	0
𩜣	gēng	0
𩜥	bō	0
𩜦	dìng	0
𩜧	wěi	0
𩜬	quán	0
𩜭	kē	0
𩜰	pì	0
𩜱	kǎn	0
𩜲	fú	0
𩜳	yǒng	0
𩜵	tuán	0
𩜶	tǒu	0
𩜷	yòu	0
𩜸	yāo	0
𩜺	yē	0
𩜽	yàn	0
𩝈	xián	0
𩝊	tí	0
𩝌	suì	0
𩝐	cí	0
𩝔	xǔ	0
𩝕	wù	0
𩝖	cān	0
𩝗	yù	0
𩝚	chǎn	0
𩝛	xiá	0
𩝝	kào	0
𩝞	cāng	0
𩝟	chā	0
𩝠	qiǔ	0
𩝣	dā	0
𩝥	sù	0
𩝨	huā	0
𩝷	wū	0
𩝸	yuān	0
𩝽	jiàng	0
𩝾	xiǎng	0
𩝿	zhāi	0
𩞀	sǎn	0
𩞁	mó	0
𩞃	shǎng	0
𩞄	cáo	0
𩞅	suī	0
𩞆	chuáng	0
𩞇	mí	0
𩞈	zhú	0
𩞉	chóng	0
𩞊	jì	0
𩞋	chóng	0
𩞙	lián	0
𩞞	hài	0
𩞤	dūn	0
𩞥	xiǎng	0
𩞦	chēng	0
𩞧	shǎng	0
𩞨	lì	0
𩞩	huáng	0
𩞬	dèng	0
𩞯	liáng	0
𩞶	zā	0
𩞺	huò	0
𩞻	lín	0
𩞾	dú	0
𩞿	hàn	0
𩟀	yōng	0
𩟁	yuàn	0
𩟂	guò	0
𩟃	líng	0
𩟅	liǎn	0
𩟇	ào	0
𩟈	dāng	0
𩟉	yì	0
𩟊	nóng	0
𩟋	shàn	0
𩟍	xìn	0
𩟐	dá	0
𩟑	yù	0
𩟒	cān	0
𩟓	wò	0
𩟔	chá	0
𩟕	bó	0
𩟗	jiǎn	0
𩟞	méng	0
𩟟	wěi	0
𩟠	mó	0
𩟥	shuì	0
𩟦	jié	0
𩟧	shuò	0
𩟨	huò	0
𩟫	chuò	0
𩟭	lóng	0
𩟮	huài	0
𩟰	tuō	0
𩟳	yú	0
𩟶	chàn	0
𩟷	yōng	0
𩟸	huò	0
𩟺	lǎn	0
𩟿	nà	0
𩠀	bā	0
𩠁	gān	0
𩠂	yǐ	0
𩠃	jiá	0
𩠅	dá	0
𩠆	dìng	0
𩠇	xùn	0
𩠈	rěn	0
𩠉	juǎn	0
𩠊	tuán	0
𩠋	xǔ	0
𩠌	sòng	0
𩠎	cáo	0
𩠏	chēng	0
𩠑	dǐng	0
𩠚	hái	0
𩠟	wǔ	0
𩠦	qǐ	0
𩠨	jī	0
𩠮	kuí	0
𩠯	wéi	0
𩠶	shǒu	0
𩠷	fú	0
𩠹	tuán	0
𩠻	bié	0
𩠽	tán	0
𩠾	hāng	0
𩠿	piē	0
𩡃	yú	0
𩡄	tán	0
𩡌	xiāng	0
𩡎	xiū	0
𩡓	wěng	0
𩡔	hài	0
𩡕	péng	0
𩡖	yǐ	0
𩡝	tán	0
𩡟	bié	0
𩡠	xiāng	0
𩡣	yǐ	0
𩡦	piáo	0
𩡧	huán	0
𩡨	mǔ	0
𩡩	bā	0
𩡫	fàn	0
𩡯	dīng	0
𩡷	fēn	0
𩡺	jiè	0
𩡾	suó	0
𩢄	wàn	0
𩢅	gē	0
𩢈	fēn	0
𩢊	tuó	0
𩢌	wén	0
𩢍	guā	0
𩢎	duō	0
𩢐	zhé	0
𩢑	cǐ	0
𩢒	yǎo	0
𩢔	bàn	0
𩢕	bù	0
𩢖	mò	0
𩢘	pǒ	0
𩢛	gé	0
𩢞	liú	0
𩢡	rǎn	0
𩢨	gān	0
𩢪	hú	0
𩢫	móu	0
𩢮	xiū	0
𩢯	huāng	0
𩢰	fú	0
𩢱	huí	0
𩢳	qú	0
𩢴	jié	0
𩢵	tuō	0
𩢶	yú	0
𩢷	mò	0
𩢸	zhōu	0
𩢹	jiù	0
𩢻	shú	0
𩢼	kuāng	0
𩢽	qióng	0
𩢾	liè	0
𩢿	fù	0
𩣊	xù	0
𩣖	lìn	0
𩣘	niè	0
𩣚	pī	0
𩣜	fù	0
𩣝	bù	0
𩣞	yì	0
𩣡	bó	0
𩣣	é	0
𩣩	zhé	0
𩣫	lì	0
𩣮	tù	0
𩣯	dá	0
𩣱	lù	0
𩣲	yān	0
𩣳	dōng	0
𩣴	qiè	0
𩣵	wǎn	0
𩣶	mǐng	0
𩣷	zuī	0
𩣸	fù	0
𩣹	qū	0
𩣺	bēn	0
𩣻	ǎo	0
𩣼	qiāng	0
𩤁	qūn	0
𩤈	què	0
𩤉	huá	0
𩤊	xiàn	0
𩤋	kùn	0
𩤏	cuì	0
𩤒	yí	0
𩤖	chī	0
𩤗	zòng	0
𩤘	nǎo	0
𩤙	chéng	0
𩤚	duān	0
𩤛	yóng	0
𩤜	zhě	0
𩤞	tàn	0
𩤟	yáng	0
𩤠	xié	0
𩤡	xuān	0
𩤣	duàn	0
𩤤	shuǎ	0
𩤥	xián	0
𩤦	xián	0
𩤩	é	0
𩤲	lā	0
𩤸	wèi	0
𩤹	yōu	0
𩤺	yú	0
𩤽	tī	0
𩤿	jīn	0
𩥁	táng	0
𩥂	qí	0
𩥄	diān	0
𩥅	tāo	0
𩥆	lǜ	0
𩥇	zhàn	0
𩥈	wēn	0
𩥉	jì	0
𩥊	āo	0
𩥋	òu	0
𩥌	qià	0
𩥐	shī	0
𩥑	tǎ	0
𩥔	mò	0
𩥘	yóu	0
𩥠	zhá	0
𩥣	yáo	0
𩥫	chōng	0
𩥬	lí	0
𩥭	yú	0
𩥮	chǎn	0
𩥯	yī	0
𩥲	chì	0
𩥴	lí	0
𩥽	tú	0
𩥿	zú	0
𩦂	xián	0
𩦇	xì	0
𩦉	bié	0
𩦊	hán	0
𩦋	qí	0
𩦌	sāng	0
𩦎	fēi	0
𩦐	shàn	0
𩦘	huān	0
𩦠	bàng	0
𩦡	yú	0
𩦢	yú	0
𩦤	jí	0
𩦱	kuǎi	0
𩦲	zōng	0
𩦹	xiàn	0
𩦺	méng	0
𩧃	lì	0
𩧄	zhì	0
𩧅	fán	0
𩧆	liè	0
𩧇	cài	0
𩧈	dú	0
𩧉	guāng	0
𩧊	xiòng	0
𩧋	lí	0
𩧌	qì	0
𩧏	jué	0
𩧐	tuō	0
𩧒	jù	0
𩧓	xiāo	0
𩧘	qú	0
𩧜	zhuǎn	0
𩧡	jué	0
𩧦	jiè	0
𩧨	zhòu	0
𩧩	xiàn	0
𩧪	lóng	0
𩧫	yǎng	0
𩧬	rǎn	0
𩧭	yì	0
𩧮	liè	0
𩧯	bō	0
𩧰	hún	0
𩧱	jì	0
𩧲	dòng	0
𩧳	zhōu	0
𩧴	quān	0
𩧵	jié	0
𩧸	lì	0
𩧺	jú	0
𩧻	wǎn	0
𩧼	bēn	0
𩧿	bī	0
𩨀	gé	0
𩨁	chǔn	0
𩨃	qián	0
𩨄	sōu	0
𩨅	wèi	0
𩨆	chéng	0
𩨇	lóu	0
𩨈	yú	0
𩨉	lā	0
𩨊	qián	0
𩨋	diān	0
𩨌	tǎ	0
𩨍	zhàn	0
𩨏	fán	0
𩨐	liè	0
𩨑	tīng	0
𩨒	jī	0
𩨓	qiān	0
𩨔	hú	0
𩨗	yú	0
𩨘	qì	0
𩨙	yú	0
𩨚	wā	0
𩨜	bà	0
𩨝	qí	0
𩨞	sǎ	0
𩨟	qiāo	0
𩨠	yà	0
𩨡	xiǎn	0
𩨨	cī	0
𩨩	fàn	0
𩨫	kǔn	0
𩨬	gǔn	0
𩨭	quē	0
𩨮	è	0
𩨯	qióng	0
𩨲	mà	0
𩨳	kū	0
𩨴	yǎo	0
𩨷	quē	0
𩨸	chū	0
𩨹	jiǎ	0
𩨻	zhǔ	0
𩨽	duī	0
𩨾	wá	0
𩩀	nǎo	0
𩩄	yán	0
𩩅	tóng	0
𩩈	kuài	0
𩩋	xíng	0
𩩌	gǔn	0
𩩍	pīng	0
𩩑	yǔ	0
𩩒	hè	0
𩩔	zhuó	0
𩩗	shē	0
𩩘	yǔ	0
𩩛	jì	0
𩩝	qiāng	0
𩩞	shuì	0
𩩟	chuò	0
𩩠	zú	0
𩩡	léng	0
𩩢	ní	0
𩩤	wā	0
𩩥	zhá	0
𩩧	dàn	0
𩩮	dù	0
𩩯	biàn	0
𩩰	jiē	0
𩩱	qià	0
𩩲	hé	0
𩩳	chòng	0
𩩴	yán	0
𩩶	yàn	0
𩩺	sóng	0
𩩻	téng	0
𩩼	yǎo	0
𩩾	kāo	0
𩪀	zhuī	0
𩪁	guì	0
𩪂	ái	0
𩪃	hài	0
𩪈	suǒ	0
𩪉	xù	0
𩪊	biāo	0
𩪌	fèng	0
𩪍	qū	0
𩪎	mǎng	0
𩪐	guó	0
𩪖	bì	0
𩪗	jué	0
𩪘	chuáng	0
𩪛	pú	0
𩪟	yì	0
𩪢	qiān	0
𩪣	yì	0
𩪤	è	0
𩪥	líng	0
𩪧	bì	0
𩪭	huò	0
𩪮	mǒ	0
𩪱	xūn	0
𩪴	yàn	0
𩪸	lì	0
𩪺	tán	0
𩪾	luán	0
𩫀	kài	0
𩫁	mào	0
𩫂	xiāo	0
𩫇	ǎi	0
𩫊	tǎ	0
𩫍	mèi	0
𩫏	guō	0
𩫓	gǎo	0
𩫔	náo	0
𩫕	háo	0
𩫠	quē	0
𩫥	cáo	0
𩫦	sào	0
𩫫	pí	0
𩫲	xiē	0
𩫳	xiāo	0
𩫴	jú	0
𩫹	chéng	0
𩫺	nǎo	0
𩬀	nèi	0
𩬍	mǔ	0
𩬏	shāo	0
𩬑	diān	0
𩬔	líng	0
𩬖	zhěn	0
𩬗	yǎo	0
𩬙	fù	0
𩬚	qián	0
𩬛	qióng	0
𩬜	jú	0
𩬝	bìng	0
𩬞	máo	0
𩬟	zhà	0
𩬠	tāi	0
𩬤	chōng	0
𩬫	zhǎi	0
𩬭	shī	0
𩬮	yòng	0
𩬰	qióng	0
𩬱	dào	0
𩬲	tì	0
𩬳	zhuǐ	0
𩬵	yìn	0
𩬷	nǎo	0
𩬸	bō	0
𩬹	kuāng	0
𩬺	zhǐ	0
𩬻	duǒ	0
𩬼	cōng	0
𩬽	bǎo	0
𩬾	yā	0
𩭇	lí	0
𩭊	jú	0
𩭋	wén	0
𩭌	liè	0
𩭏	wǒ	0
𩭐	shǐ	0
𩭑	niǎo	0
𩭒	máng	0
𩭓	jiū	0
𩭘	xiū	0
𩭝	wǒ	0
𩭟	dào	0
𩭡	xī	0
𩭢	àn	0
𩭣	dá	0
𩭤	zǒng	0
𩭥	hàn	0
𩭦	chuí	0
𩭧	bī	0
𩭩	dòng	0
𩭫	zhǎng	0
𩭯	yā	0
𩭲	dí	0
𩭳	huō	0
𩭷	mín	0
𩭹	sān	0
𩭺	fù	0
𩭼	bǎo	0
𩭽	kè	0
𩭾	máo	0
𩭿	rè	0
𩮀	zōng	0
𩮁	qià	0
𩮂	xiā	0
𩮃	sōu	0
𩮄	xiū	0
𩮅	nà	0
𩮉	mán	0
𩮎	zhā	0
𩮏	chán	0
𩮐	shè	0
𩮑	wǒ	0
𩮖	ái	0
𩮗	bàng	0
𩮘	hāo	0
𩮚	sāo	0
𩮛	suǒ	0
𩮜	tì	0
𩮝	yà	0
𩮟	bìng	0
𩮠	róng	0
𩮫	shā	0
𩮬	wěng	0
𩮯	áo	0
𩮱	zhuāng	0
𩮳	piào	0
𩮴	suī	0
𩮵	yī	0
𩮶	sōu	0
𩮷	dōu	0
𩮸	sōu	0
𩮹	luó	0
𩯃	fèi	0
𩯄	zùn	0
𩯆	nào	0
𩯇	dēng	0
𩯈	zhí	0
𩯉	cuō	0
𩯊	liáo	0
𩯋	jǐ	0
𩯌	bō	0
𩯍	cóng	0
𩯎	chéng	0
𩯏	bǔ	0
𩯑	sān	0
𩯒	zàn	0
𩯘	jiào	0
𩯛	yào	0
𩯜	lǔ	0
𩯞	càn	0
𩯨	nǐ	0
𩯰	jié	0
𩯱	pú	0
𩯲	zhuàng	0
𩯳	zàn	0
𩯺	lì	0
𩯽	là	0
𩰀	chōng	0
𩰃	zhàn	0
𩰍	biàn	0
𩰎	wēng	0
𩰓	hòng	0
𩰗	pīn	0
𩰙	sè	0
𩰞	nǐ	0
𩰟	fēn	0
𩰠	xǔ	0
𩰢	shǐ	0
𩰤	jù	0
𩰨	jué	0
𩰪	yù	0
𩰬	guō	0
𩰭	guō	0
𩰯	hú	0
𩰰	jìng	0
𩰲	lì	0
𩰳	xié	0
𩰴	ér	0
𩰵	yuán	0
𩰶	hái	0
𩰹	jìng	0
𩰻	kè	0
𩰽	zōng	0
𩰾	fèi	0
𩱀	pēng	0
𩱁	gēng	0
𩱃	jiān	0
𩱄	ní	0
𩱆	xián	0
𩱇	lì	0
𩱈	chǎo	0
𩱊	ér	0
𩱋	gēng	0
𩱌	yù	0
𩱍	hú	0
𩱎	fèi	0
𩱏	áo	0
𩱓	ěr	0
𩱘	kè	0
𩱙	kù	0
𩱚	bó	0
𩱝	yè	0
𩱞	jiào	0
𩱦	chǎo	0
𩱧	gēng	0
𩱨	rù	0
𩱪	yuè	0
𩱬	lín	0
𩱱	yù	0
𩱲	yuè	0
𩱳	zhāi	0
𩱴	xiāo	0
𩱷	miè	0
𩱻	guǐ	0
𩱼	jiū	0
𩱾	tuò	0
𩲁	xí	0
𩲂	wěi	0
𩲃	zhuó	0
𩲄	wèi	0
𩲅	kuí	0
𩲈	mèi	0
𩲊	hào	0
𩲋	hāng	0
𩲌	fāng	0
𩲍	niú	0
𩲎	yòu	0
𩲏	huà	0
𩲒	làng	0
𩲠	zhú	0
𩲡	guǐ	0
𩲢	bì	0
𩲣	jiǎ	0
𩲤	tiáo	0
𩲦	lǜ	0
𩲧	kǒng	0
𩲨	zuǐ	0
𩲩	líng	0
𩲪	qí	0
𩲬	zhú	0
𩲱	gǔ	0
𩲲	zù	0
𩲴	yāng	0
𩲵	sū	0
𩲷	kuí	0
𩲹	chāng	0
𩲻	yáo	0
𩲾	yù	0
𩳅	shū	0
𩳆	lài	0
𩳇	yì	0
𩳈	dōu	0
𩳌	wú	0
𩳍	yǐng	0
𩳎	fú	0
𩳏	zhuàn	0
𩳐	fǔ	0
𩳒	sù	0
𩳓	lǐ	0
𩳔	yào	0
𩳕	tuì	0
𩳝	guì	0
𩳡	lǜ	0
𩳢	yàn	0
𩳣	qí	0
𩳤	làng	0
𩳥	zhú	0
𩳧	guǐ	0
𩳨	hū	0
𩳯	jīng	0
𩳲	chǐ	0
𩳵	jú	0
𩳶	zhá	0
𩳸	miáo	0
𩴀	zhū	0
𩴁	gān	0
𩴂	xiōng	0
𩴃	jí	0
𩴇	shài	0
𩴈	mèi	0
𩴉	yùn	0
𩴌	gān	0
𩴍	shòu	0
𩴐	lǜ	0
𩴑	yòu	0
𩴒	jiàng	0
𩴓	nuó	0
𩴘	jù	0
𩴙	yòu	0
𩴜	yì	0
𩴝	téng	0
𩴞	wéi	0
𩴟	chě	0
𩴠	lìn	0
𩴡	gù	0
𩴣	lì	0
𩴤	liào	0
𩴧	jiāo	0
𩴨	yáng	0
𩴩	biāo	0
𩴪	qí	0
𩴮	yì	0
𩴱	bīn	0
𩴲	méng	0
𩴳	chà	0
𩴵	gān	0
𩴹	qú	0
𩴺	dí	0
𩴻	léi	0
𩵀	líng	0
𩵄	huān	0
𩵅	qú	0
𩵇	luó	0
𩵉	kuí	0
𩵍	qiú	0
𩵎	yǔ	0
𩵏	huà	0
𩵓	lèi	0
𩵕	rèn	0
𩵖	xiǎo	0
𩵗	sì	0
𩵚	dù	0
𩵛	biē	0
𩵠	niú	0
𩵢	hè	0
𩵣	pēi	0
𩵥	fèi	0
𩵦	mù	0
𩵩	fū	0
𩵬	hú	0
𩵭	wáng	0
𩵮	shā	0
𩵰	jiāo	0
𩵱	wǔ	0
𩵹	fù	0
𩶁	bǐng	0
𩶂	zhù	0
𩶄	zhú	0
𩶅	chī	0
𩶇	shěn	0
𩶈	hū	0
𩶉	bū	0
𩶎	rǎn	0
𩶖	mù	0
𩶘	lì	0
𩶛	jiā	0
𩶞	mà	0
𩶡	méng	0
𩶢	móu	0
𩶣	zhōu	0
𩶤	xiǎn	0
𩶥	huǐ	0
𩶦	guài	0
𩶧	jiù	0
𩶩	mù	0
𩶫	rù	0
𩶭	wú	0
𩶯	rú	0
𩶱	zhà	0
𩷁	nuǒ	0
𩷂	xié	0
𩷄	jiàng	0
𩷋	lǐ	0
𩷌	shū	0
𩷍	yì	0
𩷎	dí	0
𩷏	qíng	0
𩷐	jú	0
𩷓	zhì	0
𩷕	láng	0
𩷖	bù	0
𩷗	kuáng	0
𩷘	yì	0
𩷚	bó	0
𩷧	chì	0
𩷭	jiàng	0
𩷯	wò	0
𩷰	xùn	0
𩷵	tūn	0
𩷶	máng	0
𩷸	fáng	0
𩷹	zhuó	0
𩷻	qià	0
𩷽	tǎ	0
𩷾	qí	0
𩸀	pèng	0
𩸁	biē	0
𩸂	fèn	0
𩸃	tù	0
𩸄	huà	0
𩸇	è	0
𩸋	è	0
𩸎	dìng	0
𩸐	rú	0
𩸖	è	0
𩸞	yàn	0
𩸟	sì	0
𩸥	yíng	0
𩸦	ní	0
𩸧	ní	0
𩸨	yí	0
𩸹	mí	0
𩸾	yé	0
𩸿	pō	0
𩹀	còu	0
𩹂	wèi	0
𩹄	hài	0
𩹅	yīng	0
𩹇	tíng	0
𩹈	zhì	0
𩹉	fēi	0
𩹊	yóu	0
𩹍	kuí	0
𩹎	àn	0
𩹏	bà	0
𩹑	hàn	0
𩹞	nán	0
𩹟	nài	0
𩹢	jīng	0
𩹥	wēi	0
𩹱	chù	0
𩹳	suǒ	0
𩹴	tāo	0
𩹵	qí	0
𩹶	táng	0
𩹷	wěi	0
𩹸	gǎn	0
𩹺	gé	0
𩹼	hàn	0
𩹾	nà	0
𩹿	gé	0
𩺄	zhēng	0
𩺗	tǎ	0
𩺛	sī	0
𩺝	nì	0
𩺞	sǎng	0
𩺫	xié	0
𩺯	zú	0
𩺰	yú	0
𩺱	nì	0
𩺲	qī	0
𩺵	shēn	0
𩺼	bū	0
𩻋	kūn	0
𩻌	lí	0
𩻎	guā	0
𩻖	yǎn	0
𩻗	bù	0
𩻘	jiàn	0
𩻚	wú	0
𩻛	cén	0
𩻜	lín	0
𩻝	zhuàn	0
𩻟	huī	0
𩻡	tóng	0
𩻢	zhǎ	0
𩻤	hēi	0
𩻧	guǒ	0
𩻱	jǐng	0
𩻵	dié	0
𩻷	yíng	0
𩻼	zhì	0
𩼂	wěi	0
𩼄	jì	0
𩼅	rǒng	0
𩼈	ào	0
𩼉	dāng	0
𩼊	luó	0
𩼋	yè	0
𩼌	wēi	0
𩼒	qiáng	0
𩼙	gé	0
𩼚	jì	0
𩼦	zòu	0
𩼨	yí	0
𩼫	zhǎ	0
𩼭	liè	0
𩼴	yè	0
𩼼	zhān	0
𩽀	chóu	0
𩽁	biāo	0
𩽆	xù	0
𩽇	yōu	0
𩽍	xiè	0
𩽎	wéi	0
𩽏	lì	0
𩽛	bó	0
𩽜	jiǎn	0
𩽝	chán	0
𩽞	kūn	0
𩽡	qíng	0
𩽧	shuāng	0
𩽨	xī	0
𩽩	qú	0
𩽰	luó	0
𩽳	dǎng	0
𩽴	nián	0
𩽵	lǐ	0
𩽷	bà	0
𩽹	è	0
𩽺	fū	0
𩽻	fù	0
𩽼	hǔn	0
𩽽	zhà	0
𩽾	ān	0
𩾁	qiú	0
𩾂	chóu	0
𩾃	miǎn	0
𩾄	xùn	0
𩾅	tù	0
𩾆	ní	0
𩾇	hu	0
𩾈	shū	0
𩾊	xū	0
𩾋	zhòng	0
𩾌	kāng	0
𩾎	yōu	0
𩾒	xiāo	0
𩾓	xiāo	0
𩾔	cì	0
𩾕	chì	0
𩾗	diāo	0
𩾘	yì	0
𩾚	dīng	0
𩾝	hàn	0
𩾞	wán	0
𩾠	yǐ	0
𩾡	bào	0
𩾢	yì	0
𩾧	xùn	0
𩾬	xiáng	0
𩾳	bí	0
𩾶	jié	0
𩾷	gē	0
𩾸	zè	0
𩾺	zhèn	0
𩾻	hú	0
𩾼	xī	0
𩾽	xīn	0
𩾾	xiāo	0
𩾿	fù	0
𩿀	zhòng	0
𩿂	mào	0
𩿃	xīn	0
𩿄	qiāng	0
𩿈	fén	0
𩿉	bān	0
𩿊	huān	0
𩿑	jiāo	0
𩿓	bào	0
𩿔	yā	0
𩿕	yáo	0
𩿛	xì	0
𩿝	jù	0
𩿟	qù	0
𩿠	yuè	0
𩿡	tái	0
𩿢	tǒu	0
𩿣	mò	0
𩿤	zhá	0
𩿥	qú	0
𩿧	fū	0
𩿩	qú	0
𩿪	chì	0
𩿬	yóu	0
𩿷	tí	0
𩿺	wā	0
𩿽	tuó	0
𩿿	chú	0
𪀁	gē	0
𪀈	yuān	0
𪀉	gē	0
𪀊	qú	0
𪀏	jù	0
𪀒	dié	0
𪀓	yí	0
𪀔	shī	0
𪀕	yì	0
𪀗	guǐ	0
𪀘	jiàng	0
𪀚	sōng	0
𪀛	qióng	0
𪀝	è	0
𪀞	huāng	0
𪀟	huí	0
𪀠	xún	0
𪀣	jú	0
𪀥	zhái	0
𪀦	chì	0
𪀧	lǎo	0
𪀩	qí	0
𪀪	xiū	0
𪀬	huī	0
𪀭	tóng	0
𪀺	fù	0
𪀽	xún	0
𪀾	jié	0
𪀿	mǐ	0
𪁀	yù	0
𪁈	zhuāng	0
𪁉	jiāo	0
𪁊	zhì	0
𪁋	chéng	0
𪁍	jié	0
𪁎	xiāo	0
𪁏	chén	0
𪁐	lí	0
𪁑	yuè	0
𪁓	zhì	0
𪁔	láo	0
𪁕	wò	0
𪁖	qú	0
𪁘	wāng	0
𪁚	yī	0
𪁛	yì	0
𪁜	láng	0
𪁞	tóu	0
𪁟	ān	0
𪁠	jué	0
𪁡	yàn	0
𪁥	jù	0
𪁧	zhèn	0
𪁩	zhì	0
𪁪	mǎng	0
𪁮	xiù	0
𪁱	chuáng	0
𪁲	chū	0
𪁸	qiāng	0
𪁹	fēi	0
𪁺	cháng	0
𪁼	mián	0
𪁽	sù	0
𪁾	ǎo	0
𪂀	fǔ	0
𪂄	wèi	0
𪂅	zhī	0
𪂆	mín	0
𪂇	chāng	0
𪂈	yán	0
𪂉	yù	0
𪂋	fù	0
𪂌	tà	0
𪂍	jǐ	0
𪂏	fèi	0
𪂒	hú	0
𪂓	jū	0
𪂕	yǔ	0
𪂛	qí	0
𪂜	méi	0
𪂟	biē	0
𪂠	guǒ	0
𪂤	mìng	0
𪂦	wǎn	0
𪂧	wǎn	0
𪂴	jīng	0
𪂵	yù	0
𪂶	xián	0
𪂹	chūn	0
𪂺	jí	0
𪂼	xiāng	0
𪂽	pén	0
𪂾	fù	0
𪃂	liú	0
𪃄	sāi	0
𪃅	xuē	0
𪃆	zòu	0
𪃈	jié	0
𪃋	zhān	0
𪃍	yú	0
𪃎	yú	0
𪃏	méi	0
𪃐	miǎo	0
𪃑	mào	0
𪃒	duó	0
𪃓	fù	0
𪃛	jiàn	0
𪃦	miáo	0
𪃨	āo	0
𪃭	kè	0
𪃶	hóu	0
𪃺	gòu	0
𪃼	xī	0
𪃾	róng	0
𪃿	gē	0
𪄀	pán	0
𪄁	yuán	0
𪄂	xià	0
𪄅	shā	0
𪄆	pī	0
𪄈	qíng	0
𪄉	yōng	0
𪄊	qú	0
𪄌	gòng	0
𪄎	gé	0
𪄏	xiān	0
𪄑	sù	0
𪄕	bān	0
𪄖	qí	0
𪄗	hòu	0
𪄛	xī	0
𪄝	wū	0
𪄭	qī	0
𪄮	hù	0
𪄯	guī	0
𪄱	dí	0
𪄲	shāng	0
𪄳	mài	0
𪄴	mǐn	0
𪄵	jì	0
𪄶	xí	0
𪄷	xiān	0
𪄸	jí	0
𪄹	cháng	0
𪄺	kòu	0
𪄻	chōng	0
𪅂	zhāng	0
𪅃	piǎo	0
𪅄	sù	0
𪅅	lüè	0
𪅆	lí	0
𪅇	mèng	0
𪅈	chōng	0
𪅉	tiān	0
𪅋	líng	0
𪅍	chì	0
𪅖	chōng	0
𪅙	chì	0
𪅝	niǎo	0
𪅟	yóng	0
𪅮	mì	0
𪅰	shū	0
𪅲	xì	0
𪅴	è	0
𪅵	zī	0
𪅸	jié	0
𪅹	jī	0
𪅺	hōu	0
𪅻	shèng	0
𪅼	lì	0
𪅾	qī	0
𪆀	zhōu	0
𪆁	sī	0
𪆂	qú	0
𪆋	xié	0
𪆗	sī	0
𪆛	xū	0
𪆠	fù	0
𪆯	nóng	0
𪆰	yà	0
𪆱	liú	0
𪆲	jiǎ	0
𪆳	guī	0
𪆴	kuí	0
𪆵	chì	0
𪆶	càn	0
𪆷	chú	0
𪆹	guō	0
𪆻	dǎn	0
𪆿	jiàn	0
𪇁	dāng	0
𪇂	hòu	0
𪇄	kòu	0
𪇆	chù	0
𪇇	qiān	0
𪇈	ài	0
𪇊	pì	0
𪇑	xùn	0
𪇒	jīng	0
𪇓	mèng	0
𪇕	bīn	0
𪇖	lán	0
𪇗	gǔ	0
𪇘	chóu	0
𪇛	yōng	0
𪇜	guá	0
𪇝	yú	0
𪇞	zhòu	0
𪇭	cài	0
𪇯	liú	0
𪇰	bǔ	0
𪇱	luò	0
𪇲	jié	0
𪇳	zhēn	0
𪇴	miè	0
𪇵	guǎng	0
𪇷	jiá	0
𪇹	là	0
𪈀	shòu	0
𪈃	guō	0
𪈆	mèng	0
𪈇	qián	0
𪈈	lài	0
𪈊	hé	0
𪈋	tuán	0
𪈑	huī	0
𪈘	hōng	0
𪈜	lǚ	0
𪈟	jiá	0
𪈥	guī	0
𪈨	yī	0
𪈩	huān	0
𪈰	luó	0
𪈴	jué	0
𪈸	guàn	0
𪈻	quán	0
𪈼	niǎo	0
𪈿	mán	0
𪉂	yùn	0
𪉃	wén	0
𪉄	chì	0
𪉅	chì	0
𪉆	zhī	0
𪉈	cí	0
𪉉	zhuàng	0
𪉊	huá	0
𪉋	jié	0
𪉌	qú	0
𪉍	tū	0
𪉎	mín	0
𪉏	méi	0
𪉐	yú	0
𪉑	áo	0
𪉒	bān	0
𪉔	pī	0
𪉕	zhēn	0
𪉖	lǔ	0
𪉗	chì	0
𪉘	tóu	0
𪉚	jiē	0
𪉜	zhān	0
𪉢	jīn	0
𪉣	lǔ	0
𪉦	jiàn	0
𪉧	tàn	0
𪉨	chāng	0
𪉪	cì	0
𪉭	wāi	0
𪉮	còu	0
𪉯	kàn	0
𪉱	biàn	0
𪉸	wēn	0
𪉻	qiān	0
𪉿	gàn	0
𪊂	huì	0
𪊄	gǎn	0
𪊆	jì	0
𪊇	gàn	0
𪊉	huái	0
𪊍	sì	0
𪊐	fū	0
𪊕	pí	0
𪊗	cā	0
𪊜	bèn	0
𪊢	shí	0
𪊥	huán	0
𪊧	guī	0
𪊪	ǒu	0
𪊳	páo	0
𪊵	yǐng	0
𪊶	tǐng	0
𪊷	xiào	0
𪊹	zhù	0
𪊻	yú	0
𪋁	jiàn	0
𪋄	qǔ	0
𪋅	wǎn	0
𪋆	kūn	0
𪋇	zhuī	0
𪋉	yù	0
𪋊	guǒ	0
𪋋	píng	0
𪋌	zuǐ	0
𪋍	zú	0
𪋏	zhū	0
𪋐	nuàn	0
𪋑	zhū	0
𪋖	piāo	0
𪋗	mí	0
𪋜	bì	0
𪋝	sù	0
𪋡	pú	0
𪋢	mí	0
𪋫	yè	0
𪋬	yǔ	0
𪋮	yù	0
𪋰	zhǔ	0
𪋳	líng	0
𪋺	nòu	0
𪋾	líng	0
𪌀	liǎo	0
𪌂	tuō	0
𪌄	bǐ	0
𪌅	nà	0
𪌆	qú	0
𪌈	pí	0
𪌉	dǒu	0
𪌊	niè	0
𪌋	tún	0
𪌍	jī	0
𪌏	líng	0
𪌓	kù	0
𪌔	sù	0
𪌘	tǒu	0
𪌞	nái	0
𪌟	zé	0
𪌢	tǒng	0
𪌣	gé	0
𪌤	duī	0
𪌧	jié	0
𪌩	tián	0
𪌪	tiào	0
𪌫	chí	0
𪌬	qū	0
𪌮	shā	0
𪌰	bó	0
𪌱	lí	0
𪌳	luò	0
𪌵	liáo	0
𪌶	shù	0
𪌷	děng	0
𪌹	chī	0
𪌺	miè	0
𪌼	táo	0
𪌽	hún	0
𪌿	nié	0
𪍁	jùn	0
𪍂	hù	0
𪍄	lù	0
𪍅	yè	0
𪍇	mò	0
𪍈	chào	0
𪍌	suò	0
𪍎	kē	0
𪍏	fù	0
𪍑	chǎo	0
𪍔	suǒ	0
𪍗	qiū	0
𪍛	sù	0
𪍝	yùn	0
𪍟	suǒ	0
𪍠	kū	0
𪍡	bó	0
𪍣	lǒu	0
𪍤	mò	0
𪍦	liǎn	0
𪍧	xuàn	0
𪍨	suǒ	0
𪍩	mán	0
𪍪	bì	0
𪍲	tì	0
𪍴	lián	0
𪍵	tán	0
𪍶	shàn	0
𪍸	qú	0
𪍹	dú	0
𪍺	huán	0
𪍻	sào	0
𪍿	kuàng	0
𪎃	niè	0
𪎅	niè	0
𪎆	luó	0
𪎇	zuó	0
𪎈	yì	0
𪎉	xiàn	0
𪎊	chǎo	0
𪎋	tiè	0
𪎌	lái	0
𪎒	shuò	0
𪎔	mǐ	0
𪎗	mí	0
𪎛	wǎn	0
𪎝	bèn	0
𪎞	qiāng	0
𪎠	mǒ	0
𪎣	liú	0
𪎤	wò	0
𪎦	měi	0
𪎨	tóu	0
𪎫	mǔ	0
𪎭	méi	0
𪎲	zuò	0
𪎴	tún	0
𪎵	kàng	0
𪎶	tún	0
𪎺	chè	0
𪎻	zhèng	0
𪎽	chōng	0
𪎾	tiān	0
𪏀	zhì	0
𪏁	chán	0
𪏂	chán	0
𪏅	qīng	0
𪏆	tūn	0
𪏇	huǐ	0
𪏈	què	0
𪏉	zhān	0
𪏊	jiān	0
𪏋	chán	0
𪏍	huáng	0
𪏏	huī	0
𪏐	chí	0
𪏒	huáng	0
𪏓	héng	0
𪏔	yǔn	0
𪏖	tuān	0
𪏗	biān	0
𪏙	huáng	0
𪏚	yǔn	0
𪏟	mò	0
𪏠	gōng	0
𪏢	gōng	0
𪏤	guì	0
𪏦	chán	0
𪏨	què	0
𪏩	ruì	0
𪏪	kuàng	0
𪏫	piào	0
𪏮	rǔ	0
𪏲	niǔ	0
𪏳	hù	0
𪏴	jǐn	0
𪏵	nì	0
𪏶	bào	0
𪏸	nǐ	0
𪏺	bì	0
𪏻	hú	0
𪏼	lí	0
𪏿	zhū	0
𪐀	nǎ	0
𪐂	quǎn	0
𪐃	fěng	0
𪐄	bǐ	0
𪐅	lí	0
𪐆	bié	0
𪐇	nián	0
𪐈	dǒng	0
𪐋	lián	0
𪐌	nì	0
𪐍	lián	0
𪐎	má	0
𪐏	zhé	0
𪐓	jiā	0
𪐔	yí	0
𪐖	lǒng	0
𪐘	yì	0
𪐝	dài	0
𪐞	dù	0
𪐣	yǐ	0
𪐥	tài	0
𪐦	hāng	0
𪐧	shù	0
𪐬	wán	0
𪐮	sù	0
𪐯	yǎo	0
𪐰	èr	0
𪐲	zhèn	0
𪐺	dòu	0
𪐻	jiān	0
𪐿	pāng	0
𪑀	huī	0
𪑂	chà	0
𪑃	shān	0
𪑄	lú	0
𪑅	huì	0
𪑆	yù	0
𪑈	yàn	0
𪑉	wǎn	0
𪑊	qiào	0
𪑋	luō	0
𪑌	yù	0
𪑏	tú	0
𪑐	wèi	0
𪑒	tùn	0
𪑕	hǔn	0
𪑖	bēn	0
𪑗	qiè	0
𪑙	jīn	0
𪑚	lái	0
𪑜	zhǐ	0
𪑝	yú	0
𪑟	cì	0
𪑦	yè	0
𪑧	dié	0
𪑨	chà	0
𪑩	diàn	0
𪑪	mán	0
𪑬	dèng	0
𪑭	wēi	0
𪑮	niǎn	0
𪑯	lèi	0
𪑰	bīng	0
𪑱	wū	0
𪑳	zhěn	0
𪑶	róu	0
𪑷	wài	0
𪑸	mì	0
𪑹	jiè	0
𪑻	hóu	0
𪑽	zhài	0
𪑾	rǔ	0
𪑿	zī	0
𪒀	pán	0
𪒂	mò	0
𪒄	mì	0
𪒆	qī	0
𪒇	mò	0
𪒊	zhī	0
𪒋	bān	0
𪒍	miè	0
𪒏	lù	0
𪒑	qī	0
𪒒	chōng	0
𪒔	lí	0
𪒕	yì	0
𪒘	dèng	0
𪒙	cuō	0
𪒛	duì	0
𪒜	mà	0
𪒝	yǎn	0
𪒟	zèng	0
𪒠	yǎn	0
𪒡	duì	0
𪒢	pū	0
𪒥	yuè	0
𪒩	huò	0
𪒪	mài	0
𪒫	jiǎn	0
𪒬	nóng	0
𪒭	qín	0
𪒯	qín	0
𪒲	yè	0
𪒴	tái	0
𪒹	jiān	0
𪒼	chá	0
𪒾	dàn	0
𪒿	téng	0
𪓀	lì	0
𪓃	niǎng	0
𪓄	chán	0
𪓅	zāng	0
𪓊	yù	0
𪓌	zuì	0
𪓍	biān	0
𪓐	chǔ	0
𪓘	rán	0
𪓚	rán	0
𪓛	yāng	0
𪓜	bǒ	0
𪓡	cù	0
𪓬	mí	0
𪓮	kě	0
𪓰	cù	0
𪓷	xí	0
𪓹	má	0
𪓻	shī	0
𪓼	diān	0
𪓿	shī	0
𪔂	dǐng	0
𪔃	jiōng	0
𪔅	yuán	0
𪔆	gān	0
𪔊	huì	0
𪔋	jī	0
𪔍	péng	0
𪔏	dēng	0
𪔑	bèng	0
𪔔	pāng	0
𪔕	tà	0
𪔗	yuān	0
𪔘	gāo	0
𪔙	yuān	0
𪔟	jiā	0
𪔣	kōng	0
𪔦	dòng	0
𪔩	xián	0
𪔪	qì	0
𪔬	sāng	0
𪔰	yìn	0
𪔳	lóng	0
𪔶	tēng	0
𪔷	lóng	0
𪔺	rèn	0
𪔽	yìn	0
𪔾	píng	0
𪔿	pū	0
𪕀	yuán	0
𪕁	rǒng	0
𪕃	fāng	0
𪕇	hāng	0
𪕈	mí	0
𪕉	hú	0
𪕊	zī	0
𪕌	líng	0
𪕍	jiōng	0
𪕎	rǒng	0
𪕒	píng	0
𪕓	guāng	0
𪕔	ěr	0
𪕝	cù	0
𪕞	jùn	0
𪕦	xiǔ	0
𪕨	ér	0
𪕩	tì	0
𪕫	yáng	0
𪕭	ài	0
𪕮	hú	0
𪕯	xí	0
𪕱	hú	0
𪕳	sī	0
𪕴	lǐ	0
𪕶	yì	0
𪕷	gǔ	0
𪕹	táng	0
𪖀	què	0
𪖁	zōng	0
𪖂	lí	0
𪖄	jiào	0
𪖇	fán	0
𪖈	pú	0
𪖉	sī	0
𪖋	jié	0
𪖌	lú	0
𪖍	lì	0
𪖎	chán	0
𪖐	yào	0
𪖕	huī	0
𪖙	hōu	0
𪖚	diān	0
𪖛	qiù	0
𪖜	jué	0
𪖞	pì	0
𪖢	kuī	0
𪖥	xǐ	0
𪖦	tī	0
𪖩	xù	0
𪖯	biǎn	0
𪖲	hē	0
𪖳	lián	0
𪖶	sù	0
𪖷	liào	0
𪖼	jīn	0
𪗁	lì	0
𪗂	chán	0
𪗅	qí	0
𪗆	qí	0
𪗉	zī	0
𪗋	zī	0
𪗍	qí	0
𪗏	qí	0
𪗐	zī	0
𪗒	zhāi	0
𪗓	zhāi	0
𪗔	pà	0
𪗖	jū	0
𪗙	yǎn	0
𪗜	háng	0
𪗝	nà	0
𪗤	yǎn	0
𪗦	zhàn	0
𪗧	shǐ	0
𪗨	zhí	0
𪗭	zhā	0
𪗴	rǒng	0
𪗵	zhā	0
𪗷	yì	0
𪗸	míng	0
𪗹	yá	0
𪗻	zhì	0
𪗽	kuò	0
𪗾	xiá	0
𪘀	pián	0
𪘁	tà	0
𪘃	yǐ	0
𪘆	xiū	0
𪘇	zhāi	0
𪘉	duǒ	0
𪘊	è	0
𪘎	yín	0
𪘐	è	0
𪘑	suān	0
𪘒	ān	0
𪘓	cuó	0
𪘕	tuó	0
𪘗	tuó	0
𪘘	xiá	0
𪘛	chuò	0
𪘝	suān	0
𪘥	jì	0
𪘦	qiǎn	0
𪘧	zú	0
𪘨	zhāi	0
𪘩	yǔn	0
𪘪	zhàn	0
𪘬	yí	0
𪘲	yá	0
𪘳	yuē	0
𪘹	hé	0
𪘺	qià	0
𪘾	chā	0
𪙃	óu	0
𪙈	hú	0
𪙊	yàn	0
𪙌	qiè	0
𪙍	bó	0
𪙎	qiāng	0
𪙏	jiè	0
𪙛	nì	0
𪙞	chǎn	0
𪙟	qǐn	0
𪙡	zāo	0
𪙤	yǐn	0
𪙥	xiè	0
𪙧	qí	0
𪙨	jiàn	0
𪙫	xū	0
𪙭	zèng	0
𪙯	è	0
𪙳	zū	0
𪙴	yǐ	0
𪙹	zhí	0
𪙺	lì	0
𪙽	lì	0
𪙾	yín	0
𪚁	lián	0
𪚃	chán	0
𪚅	jué	0
𪚇	zá	0
𪚎	zhāi	0
𪚏	pián	0
𪚑	lóng	0
𪚓	lóng	0
𪚘	lóng	0
𪚝	lóng	0
𪚠	lóng	0
𪚢	mǎng	0
𪚥	zhé	0
𪚬	gàn	0
𪚭	gōu	0
𪚮	rán	0
𪚯	cù	0
𪚰	jiāo	0
𪚷	bǒ	0
𪚹	zhù	0
𪚺	qiū	0
𪚻	yāng	0
𪛀	xiào	0
𪛂	huí	0
𪛃	qū	0
𪛈	líng	0
𪛊	yín	0
𪛎	pì	0
𪛒	lián	0
𪜎	qiào	0
𪞝	duó	0
𪟎	jiān	0
𪟝	jì	0
𪠀	kū	0
𪠏	yǎn	0
𪠟	zhěn	0
𪠡	sā	0
𪠳	chē	0
𪠵	lún	0
𪠸	hù	0
𪠽	dāng	0
𪡀	qiáo	0
𪡃	mǎi	0
𪡈	bái	0
𪡋	yǎn	0
𪡏	zhān	0
𪡛	hé	0
𪡞	kuì	0
𪡺	lài	0
𪢌	lán	0
𪢒	shù	0
𪢕	chuò	0
𪢠	lán	0
𪢮	luán	0
𪣆	dōng	0
𪣒	huán	0
𪣝	zào	0
𪣻	lóu	0
𪤗	liào	0
𪤚	lín	0
𪥠	réng	0
𪥫	shuāng	0
𪥰	níng	0
𪥿	dú	0
𪧀	yīng	0
𪧘	jù	0
𪨇	tuí	0
𪨊	sóng	0
𪨗	juē	0
𪨧	lún	0
𪨩	yà	0
𪨰	qū	0
𪨶	shē	0
𪨷	yán	0
𪨹	tuó	0
𪩇	lǒu	0
𪩎	yǐng	0
𪩘	yǎn	0
𪩛	niè	0
𪩸	fén	0
𪪑	qiào	0
𪪝	yōng	0
𪪞	qiáng	0
𪪴	zé	0
𪫌	lòng	0
𪫡	lì	0
𪫷	chóu	0
𪫸	què	0
𪫺	xiān	0
𪬚	pīn	0
𪭝	wěi	0
𪭢	chuāng	0
𪭧	ér	0
𪭯	guài	0
𪭵	liǎng	0
𪭾	xiàn	0
𪮃	cán	0
𪮋	xiāo	0
𪮖	juē	0
𪮶	là	0
𪯋	shǎn	0
𪰶	fèi	0
𪱥	fèn	0
𪱷	bèi	0
𪲎	jī	0
𪲔	lì	0
𪲛	jì	0
𪲮	fèi	0
𪳍	shè	0
𪴙	cuán	0
𪴯	ē	0
𪵑	xiāo	0
𪵣	xì	0
𪵱	lì	0
𪶄	shí	0
𪶒	luó	0
𪷍	qìng	0
𪷽	zàn	0
𪸕	xì	0
𪸩	huī	0
𪹀	yì	0
𪹳	zhú	0
𪹹	tà	0
𪺣	dào	0
𪺭	qiáo	0
𪺷	cāng	0
𪺹	nǔ	0
𪺻	nóng	0
𪺽	yìn	0
𪻐	cōng	0
𪻨	dú	0
𪻲	kūn	0
𪻺	guī	0
𪼋	bǐ	0
𪽇	kē	0
𪽪	zhàng	0
𪽭	jiàn	0
𪽮	lú	0
𪽴	shè	0
𪽷	yì	0
𪾔	xǔ	0
𪾢	xiàn	0
𪾦	lú	0
𪾸	pín	0
𪿊	yà	0
𪿫	pào	0
𫀌	shī	0
𫀓	mǐn	0
𫀨	jiǎn	0
𫀬	chú	0
𫀮	dǎng	0
𫁂	bà	0
𫁟	zhuǎn	0
𫁡	lì	0
𫁲	wú	0
𫁳	wěi	0
𫁷	shuāng	0
𫂃	mǐn	0
𫂆	guì	0
𫂈	fèi	0
𫂖	ài	0
𫂙	sù	0
𫂿	sà	0
𫃗	jiū	0
𫃜	kòu	0
𫄙	jiū	0
𫄚	hù	0
𫄛	jīn	0
𫄜	mào	0
𫄝	diào	0
𫄞	bì	0
𫄟	shī	0
𫄠	huán	0
𫄡	dòng	0
𫄢	fú	0
𫄣	nǒng	0
𫄤	da	0
𫄥	lí	0
𫄦	jié	0
𫄧	yán	0
𫄨	chī	0
𫄩	fán	0
𫄪	sāng	0
𫄫	lì	0
𫄬	xiè	0
𫄭	fù	0
𫄮	tīng	0
𫄰	bāng	0
𫄱	sè	0
𫄲	mù	0
𫄳	xǐ	0
𫄴	lǜ	0
𫄵	bēng	0
𫄶	qiǎng	0
𫄷	yì	0
𫄸	xūn	0
𫄹	zuī	0
𫅅	jǐ	0
𫅗	fén	0
𫅭	pīn	0
𫅼	lián	0
𫆏	nǐ	0
𫇦	yìng	0
𫇪	gāng	0
𫇭	wěi	0
𫇴	chú	0
𫇽	nóng	0
𫈉	jiān	0
𫈎	qíng	0
𫈟	chén	0
𫈰	qià	0
𫈵	jué	0
𫉁	ài	0
𫉄	shǔ	0
𫊪	cháng	0
𫊮	lú	0
𫊱	jiǎn	0
𫊸	jiǎo	0
𫊻	xún	0
𫋇	xiāo	0
𫋌	tè	0
𫋐	gǒng	0
𫋲	ōu	0
𫋷	zé	0
𫋹	ráo	0
𫋻	guì	0
𫌀	jī	0
𫌇	zhě	0
𫌋	shù	0
𫌨	luó	0
𫌪	mì	0
𫌫	liàn	0
𫌭	wéi	0
𫌯	jiào	0
𫍐	pín	0
𫍙	yì	0
𫍚	yāo	0
𫍛	fēn	0
𫍜	qǔ	0
𫍞	hū	0
𫍟	yí	0
𫍠	yuǎn	0
𫍡	tuó	0
𫍢	náo	0
𫍣	tóng	0
𫍤	jiǎo	0
𫍥	tiǎo	0
𫍦	nóng	0
𫍧	chī	0
𫍨	zhèn	0
𫍩	huà	0
𫍪	jì	0
𫍫	yàn	0
𫍬	wǎng	0
𫍮	qū	0
𫍯	xián	0
𫍰	xǐ	0
𫍱	zhuān	0
𫍲	xiǎo	0
𫍳	zhòng	0
𫍴	lóu	0
𫍵	áo	0
𫍶	zhǐ	0
𫍷	kuì	0
𫍸	shàn	0
𫍹	jiē	0
𫍺	shǎ	0
𫍻	xī	0
𫍼	zhòng	0
𫍽	xuān	0
𫍾	níng	0
𫍿	jiǎn	0
𫎆	zōng	0
𫎌	jù	0
𫎦	lòng	0
𫎧	gòu	0
𫎨	liàn	0
𫎩	chēn	0
𫎪	chèn	0
𫎫	dàn	0
𫎬	gàn	0
𫎭	chēng	0
𫎱	lì	0
𫎳	bì	0
𫎺	cān	0
𫏃	cháng	0
𫏆	bō	0
𫏋	juē	0
𫏌	lái	0
𫏐	zàn	0
𫏑	luò	0
𫏕	qīng	0
𫏨	xiān	0
𫐄	yuè	0
𫐅	shān	0
𫐆	kuài	0
𫐇	nà	0
𫐈	bá	0
𫐉	líng	0
𫐊	fàn	0
𫐋	zhì	0
𫐌	píng	0
𫐍	tián	0
𫐎	yǐ	0
𫐏	zhōu	0
𫐐	ní	0
𫐑	guǎn	0
𫐒	hōng	0
𫐓	bù	0
𫐔	kē	0
𫐕	wèi	0
𫐖	jiāo	0
𫐗	bú	0
𫐘	kǎn	0
𫐙	léi	0
𫐷	lóu	0
𫑘	zhuān	0
𫑡	méng	0
𫑷	yàn	0
𫒶	hán	0
𫓥	bā	0
𫓦	zǐ	0
𫓧	fū	0
𫓨	guō	0
𫓩	cōng	0
𫓪	qiān	0
𫓬	zā	0
𫓭	yāng	0
𫓮	liú	0
𫓯	jī	0
𫓰	xù	0
𫓱	qiáo	0
𫓲	jūn	0
𫓴	máo	0
𫓵	shèn	0
𫓶	xuān	0
𫓸	wàn	0
𫓹	jī	0
𫓺	lǔ	0
𫓻	niè	0
𫓼	hé	0
𫓽	cóng	0
𫓾	yù	0
𫔀	liàn	0
𫔁	fén	0
𫔂	dī	0
𫔄	róu	0
𫔅	suǒ	0
𫔆	bà	0
𫔇	bī	0
𫔈	shuò	0
𫔊	xiù	0
𫔋	kuǎn	0
𫔌	sǎn	0
𫔍	fán	0
𫔎	jué	0
𫔏	chán	0
𫔑	zhǎn	0
𫔔	xī	0
𫔖	nóng	0
𫔭	kāi	0
𫔯	dòu	0
𫔰	biàn	0
𫔱	lán	0
𫔲	xiāo	0
𫔴	lìn	0
𫔵	zhì	0
𫔶	niè	0
𫕥	yǔn	0
𫖃	huì	0
𫖅	lóng	0
𫖇	xuē	0
𫖑	qín	0
𫖒	bì	0
𫖓	bǐng	0
𫖔	bài	0
𫖕	gōu	0
𫖖	zhèng	0
𫖪	kū	0
𫖫	zhěn	0
𫖬	zhěn	0
𫖮	yǐ	0
𫖯	fǔ	0
𫖰	duǒ	0
𫖱	gěn	0
𫖲	hùn	0
𫖳	yūn	0
𫖴	zé	0
𫖵	yuè	0
𫖶	qiān	0
𫖸	yuàn	0
𫖹	cù	0
𫖺	fán	0
𫗇	yù	0
𫗈	bó	0
𫗉	bèng	0
𫗊	àn	0
𫗋	sè	0
𫗚	jiǎn	0
𫗞	zhān	0
𫗟	yuán	0
𫗠	zhāng	0
𫗢	zuò	0
𫗣	bì	0
𫗤	shì	0
𫗥	yùn	0
𫗦	bù	0
𫗧	sù	0
𫗨	láng	0
𫗩	luó	0
𫗪	wèi	0
𫗫	hú	0
𫗬	nuǎn	0
𫗭	wèi	0
𫗮	huáng	0
𫗯	hóu	0
𫗰	duī	0
𫗱	lián	0
𫗳	qiǎng	0
𫗴	zhān	0
𫗵	xiǎng	0
𫘛	hàn	0
𫘜	wén	0
𫘝	jué	0
𫘞	tuó	0
𫘟	pǒ	0
𫘠	zhì	0
𫘡	jiōng	0
𫘣	hàn	0
𫘤	ái	0
𫘥	kūn	0
𫘦	táo	0
𫘧	lù	0
𫘨	tí	0
𫘩	huáng	0
𫘪	yuán	0
𫘫	yàn	0
𫘬	xí	0
𫘭	shuāng	0
𫘮	zhé	0
𫘯	céng	0
𫘰	zhān	0
𫘱	xí	0
𫘽	kuò	0
𫚈	xù	0
𫚉	hóng	0
𫚊	yáng	0
𫚋	zhuān	0
𫚌	shā	0
𫚍	fén	0
𫚎	bǐng	0
𫚏	qiáo	0
𫚐	yāng	0
𫚑	bì	0
𫚒	fú	0
𫚓	liè	0
𫚔	huí	0
𫚕	shī	0
𫚖	cǐ	0
𫚗	gé	0
𫚙	pū	0
𫚚	zhé	0
𫚛	tuō	0
𫚜	guī	0
𫚝	huà	0
𫚞	lí	0
𫚡	zhǒu	0
𫚢	yǎn	0
𫚣	biān	0
𫚤	zī	0
𫚥	xiā	0
𫚦	yóng	0
𫚧	qiú	0
𫚨	bù	0
𫚪	yù	0
𫚫	sāo	0
𫚭	liè	0
𫛚	jiān	0
𫛛	zhī	0
𫛜	fǒu	0
𫛝	huān	0
𫛞	jué	0
𫛟	lóng	0
𫛠	zhá	0
𫛡	fú	0
𫛢	níng	0
𫛣	yù	0
𫛤	jiā	0
𫛥	jiá	0
𫛦	wū	0
𫛨	pí	0
𫛩	yàn	0
𫛪	rú	0
𫛫	yuán	0
𫛬	tú	0
𫛭	kuáng	0
𫛮	biē	0
𫛯	fǎng	0
𫛰	qí	0
𫛱	zhuó	0
𫛲	diāo	0
𫛳	fú	0
𫛴	tí	0
𫛵	qū	0
𫛶	chì	0
𫛷	hú	0
𫛸	tí	0
𫛺	hóu	0
𫛻	duó	0
𫛼	kuí	0
𫛽	lì	0
𫛾	chú	0
𫜀	chén	0
𫜁	bì	0
𫜂	zhāng	0
𫜃	yín	0
𫜄	zūn	0
𫜅	huán	0
𫜊	wēn	0
𫜑	fēng	0
𫜒	tuō	0
𫜔	pí	0
𫜕	kū	0
𫜙	yìng	0
𫜟	cù	0
𫜨	bā	0
𫜩	niè	0
𫜪	yǎo	0
𫜬	zé	0
𫜭	chǔ	0
𫜮	yǎn	0
𫜯	jiè	0
𫜰	yà	0
𫜲	lóng	0
𫜳	rán	0
𫜷	shòu	0
𫜸	huà	0
𫝈	hún	0
𫝋	shù	0
𫝜	zǎ	0
𫝦	bèi	0
𫝧	shù	0
𫝨	huī	0
𫝩	chóu	0
𫝪	gòng	0
𫝫	lái	0
𫝬	kuì	0
𫝭	yīng	0
𫝮	lǎn	0
𫝵	dǎo	0
𫞅	xún	0
𫞗	mǐn	0
𫞚	zī	0
𫞛	zhū	0
𫞝	jué	0
𫞠	líng	0
𫞡	róng	0
𫞢	zhì	0
𫞣	chǎn	0
𫞥	bèi	0
𫞦	jì	0
𫞧	láo	0
𫞨	lán	0
𫞩	mén	0
𫞷	kuài	0
𫟃	rèn	0
𫟄	hóng	0
𫟅	liáng	0
𫟆	chóng	0
𫟑	líng	0
𫟕	jī	0
𫟞	zhǐ	0
𫟟	pàn	0
𫟠	chǎn	0
𫟡	cóng	0
𫟢	tán	0
𫟤	tuó	0
𫟥	kēng	0
𫟦	suì	0
𫟫	lì	0
𫟬	zhì	0
𫟲	qiú	0
𫟳	sì	0
𫟴	fēn	0
𫟵	yǔn	0
𫟶	shàn	0
𫟷	lì	0
𫟸	shì	0
𫟹	hóng	0
𫟺	kāi	0
𫟻	zhōu	0
𫟼	dá	0
𫟽	zú	0
𫟾	zú	0
𫟿	chā	0
𫠀	cù	0
𫠁	hé	0
𫠂	líng	0
𫠅	gé	0
𫠆	kuǐ	0
𫠇	xín	0
𫠈	bī	0
𫠊	xuán	0
𫠋	lù	0
𫠌	bàng	0
𫠏	mù	0
𫠐	hān	0
𫠑	sōu	0
𫠒	zhāng	0
𫠜	ní	0
𫠥	lòu	0
𫠦	suǒ	0
𫡑	yīn	0
𫡬	wō	0
𫡶	dàn	0
𫢒	lǒng	0
𫢔	guì	0
𫢘	duì	0
𫢙	dòng	0
𫢪	liàn	0
𫢬	láo	0
𫢭	wěi	0
𫢸	dàn	0
𫢹	chòng	0
𫢺	cān	0
𫣉	lán	0
𫣊	ài	0
𫣛	qiān	0
𫣫	sú	0
𫤸	mào	0
𫤽	gǎn	0
𫥍	yán	0
𫥳	lì	0
𫥵	lì	0
𫥺	yè	0
𫥼	yā	0
𫦁	suǒ	0
𫦅	xiào	0
𫦉	lóu	0
𫦌	jué	0
𫦩	liǎng	0
𫦳	jué	0
𫧯	xiè	0
𫧿	dú	0
𫨆	xiá	0
𫩕	hōng	0
𫩚	gāng	0
𫩛	cóng	0
𫩤	yè	0
𫩥	huò	0
𫩩	chū	0
𫩫	yè	0
𫩯	hái	0
𫩺	jìn	0
𫪀	guō	0
𫪁	lài	0
𫪂	yán	0
𫪃	lì	0
𫪄	jiān	0
𫪘	ōu	0
𫪚	zàn	0
𫪧	jiāo	0
𫪪	zhì	0
𫪺	tì	0
𫪽	jìn	0
𫫇	ě	0
𫫦	dàn	0
𫫵	lǜ	0
𫫾	pín	0
𫬐	sǎi	0
𫬙	gùn	0
𫬟	dié	0
𫭞	zhuān	0
𫭟	ōu	0
𫭢	lǔn	0
𫭨	fá	0
𫭪	qiāo	0
𫭮	cè	0
𫭯	xún	0
𫭲	yán	0
𫭼	láo	0
𫮃	shàn	0
𫮅	chěn	0
𫮜	yín	0
𫮬	jiàng	0
𫯒	nóng	0
𫯥	huò	0
𫯶	yūn	0
𫰂	duǒ	0
𫰍	wéi	0
𫰛	xíng	0
𫰡	huà	0
𫰢	huì	0
𫰨	mái	0
𫰰	xiān	0
𫰹	guī	0
𫱕	làn	0
𫱿	qiā	0
𫲗	zàn	0
𫲸	fēng	0
𫳃	yā	0
𫵒	tuí	0
𫵘	bī	0
𫵵	yáng	0
𫵷	lì	0
𫵸	kēng	0
𫶇	dié	0
𫶊	lǎn	0
𫶕	yíng	0
𫶲	kēng	0
𫷅	kūn	0
𫷈	xū	0
𫷉	xiǎn	0
𫷌	lán	0
𫷬	lái	0
𫷮	yìn	0
𫷷	xīn	0
𫷹	lóu	0
𫷾	yǐng	0
𫸩	kōu	0
𫹮	yǔ	0
𫹴	wěi	0
𫹼	dōng	0
𫹽	shāng	0
𫺁	qiè	0
𫺂	qiè	0
𫺆	huá	0
𫺊	qí	0
𫺌	gōng	0
𫺓	mèn	0
𫺘	lào	0
𫺪	yǎng	0
𫺷	nán	0
𫻁	xì	0
𫼛	diào	0
𫼝	chōu	0
𫼣	piē	0
𫼤	zè	0
𫼥	hāi	0
𫼧	huá	0
𫼫	bì	0
𫼮	nǎng	0
𫼱	gāng	0
𫼵	lǔ	0
𫼶	suǒ	0
𫽀	nà	0
𫽁	liǎn	0
𫽇	huò	0
𫽊	jiǎo	0
𫽋	luó	0
𫽐	jiān	0
𫽙	káng	0
𫽣	jiāng	0
𫽥	qiān	0
𫽧	fèi	0
𫽮	dǎng	0
𫽲	niǎo	0
𫽳	bì	0
𫾁	yǎn	0
𫾃	sù	0
𫾲	lǐ	0
𫿗	shǔ	0
𬀥	huò	0
𬀩	wěi	0
𬀪	xiàn	0
𬀮	duì	0
𬀱	kǎi	0
𬀷	shāng	0
𬁠	xiǎng	0
𬁵	ōu	0
𬁺	yà	0
𬁽	sǔn	0
𬂀	rùn	0
𬂂	luó	0
𬂅	dān	0
𬂉	shèng	0
𬂠	mó	0
𬂩	jiā	0
𬂮	shā	0
𬂰	nóng	0
𬃀	guī	0
𬃊	zhì	0
𬃘	èr	0
𬃦	jiān	0
𬃫	xiǎn	0
𬃮	fèi	0
𬃲	lín	0
𬃳	yán	0
𬄩	yǐn	0
𬅢	xià	0
𬅥	guā	0
𬅫	pēn	0
𬆛	nǎo	0
𬆦	jī	0
𬆮	kòu	0
𬆾	mào	0
𬇃	jiàn	0
𬇄	bīn	0
𬇇	dié	0
𬇕	wàn	0
𬇘	tuán	0
𬇙	pèi	0
𬇰	mèn	0
𬇹	guó	0
𬈁	tān	0
𬈕	fèi	0
𬈜	yíng	0
𬈧	sè	0
𬈱	pō	0
𬈾	huá	0
𬉂	fèn	0
𬉇	shà	0
𬉋	wěi	0
𬉠	lán	0
𬉧	hán	0
𬉼	ōu	0
𬊂	chǎo	0
𬊈	xún	0
𬊉	dá	0
𬊍	chóu	0
𬊎	gòng	0
𬊖	měi	0
𬊗	jiān	0
𬊤	chǎn	0
𬊦	shǎn	0
𬊵	tǎng	0
𬊶	làn	0
𬊺	wēi	0
𬊾	rán	0
𬋃	liàn	0
𬋍	lài	0
𬌗	hé	0
𬌝	chú	0
𬌮	yào	0
𬌷	shān	0
𬍙	zhǎn	0
𬍛	lì	0
𬍡	dàng	0
𬍤	xún	0
𬎆	yíng	0
𬎑	làn	0
𬎧	cóng	0
𬏜	mà	0
𬏟	jì	0
𬏦	fèi	0
𬏫	wén	0
𬏮	guō	0
𬏷	fèn	0
𬐚	hǎi	0
𬐠	yáng	0
𬑆	gùn	0
𬑇	chàng	0
𬑍	chǒu	0
𬑏	yǐng	0
𬑒	kōu	0
𬑓	yè	0
𬑔	zhòng	0
𬑕	hùn	0
𬑗	xián	0
𬑙	mài	0
𬑡	chǒu	0
𬑧	mián	0
𬒆	yè	0
𬒇	làn	0
𬒈	què	0
𬒍	yǔn	0
𬒎	kēng	0
𬒔	gěng	0
𬒕	sù	0
𬒗	lán	0
𬒘	xìn	0
𬓠	jǐ	0
𬓫	qiū	0
𬓱	bèn	0
𬓸	shài	0
𬓼	tuí	0
𬔯	ōu	0
𬕂	gōng	0
𬕄	shī	0
𬕊	jiàn	0
𬕛	kū	0
𬕦	ōu	0
𬕬	lǐng	0
𬖃	zuǎn	0
𬖑	xiàn	0
𬖖	chōu	0
𬖘	shì	0
𬖠	lǒu	0
𬖮	xiàn	0
𬘓	xún	0
𬘔	miè	0
𬘕	qiú	0
𬘖	jiǎn	0
𬘘	dǎn	0
𬘙	yuè	0
𬘚	wà	0
𬘛	qū	0
𬘜	zhàn	0
𬘝	zhěn	0
𬘞	diǎo	0
𬘟	xiàn	0
𬘠	gǎi	0
𬘡	yīn	0
𬘢	kuàng	0
𬘤	lǚ	0
𬘥	quán	0
𬘦	pài	0
𬘧	jì	0
𬘨	zhī	0
𬘩	tīng	0
𬘪	liǎn	0
𬘫	huán	0
𬘬	qiàn	0
𬘭	lín	0
𬘮	mì	0
𬘯	zhǔn	0
𬘰	ruǎn	0
𬘱	yāo	0
𬘲	zhǎ	0
𬘳	xū	0
𬘵	gēng	0
𬘶	qiū	0
𬘷	cuō	0
𬘸	nì	0
𬘺	tào	0
𬘻	xiá	0
𬘼	suì	0
𬘽	zhì	0
𬘾	shuàng	0
𬙁	yǎn	0
𬙂	yǎn	0
𬙃	qiǎn	0
𬙅	zhǔ	0
𬙆	fān	0
𬙇	rán	0
𬙈	lín	0
𬙉	dàn	0
𬙊	mò	0
𬙋	xiāng	0
𬙎	lú	0
𬙝	bì	0
𬙭	wěi	0
𬚄	sù	0
𬛸	niē	0
𬛹	dàng	0
𬛼	yú	0
𬜔	dá	0
𬜥	lán	0
𬜧	fà	0
𬜨	huì	0
𬜬	màn	0
𬜯	liǎng	0
𬜸	huái	0
𬜾	xián	0
𬜿	guó	0
𬝁	yú	0
𬝃	láo	0
𬝊	sī	0
𬝋	jié	0
𬝠	zéi	0
𬝯	pín	0
𬝴	rán	0
𬞋	jiàn	0
𬞕	lán	0
𬞘	tuī	0
𬞟	pín	0
𬞣	sēn	0
𬞫	làn	0
𬟁	yì	0
𬟪	xì	0
𬟺	cóng	0
𬟽	dōng	0
𬠃	bì	0
𬠅	dāng	0
𬠈	gòng	0
𬠐	sǐ	0
𬠠	zéi	0
𬠷	tuó	0
𬡇	niǎo	0
𬡍	diāo	0
𬡎	zhòu	0
𬡒	jiá	0
𬡓	diē	0
𬡔	shī	0
𬡕	shā	0
𬡠	luò	0
𬡷	zàn	0
𬡻	chǎn	0
𬢇	hā	0
𬢈	dòng	0
𬢉	cī	0
𬢊	sì	0
𬢋	tiào	0
𬢌	zhì	0
𬢎	dǔ	0
𬢏	dān	0
𬢐	qì	0
𬢑	yǐng	0
𬢒	míng	0
𬢔	dēng	0
𬢪	zhōu	0
𬢯	yīng	0
𬢳	cān	0
𬣀	wèi	0
𬣙	xū	0
𬣚	kǒu	0
𬣛	zhì	0
𬣜	hào	0
𬣝	jùn	0
𬣞	zhǔ	0
𬣟	tǒu	0
𬣠	gàn	0
𬣡	jiàn	0
𬣢	tā	0
𬣣	zhù	0
𬣤	juǎn	0
𬣥	tāo	0
𬣦	ào	0
𬣧	fèi	0
𬣨	yǎ	0
𬣩	wēi	0
𬣪	huì	0
𬣬	huì	0
𬣭	dǎng	0
𬣮	míng	0
𬣯	rén	0
𬣰	huì	0
𬣱	chóu	0
𬣲	bìng	0
𬣳	hěn	0
𬣶	zhà	0
𬣷	sù	0
𬣸	hàn	0
𬣹	cù	0
𬣻	tìng	0
𬣼	lǎng	0
𬣽	lián	0
𬣾	zhā	0
𬣿	láo	0
𬤀	xià	0
𬤁	táo	0
𬤂	tàn	0
𬤄	càn	0
𬤅	jí	0
𬤆	gùn	0
𬤇	yīn	0
𬤉	huì	0
𬤊	shì	0
𬤋	còng	0
𬤌	chā	0
𬤍	huáng	0
𬤎	xuān	0
𬤏	duó	0
𬤐	gē	0
𬤑	gé	0
𬤒	gé	0
𬤓	chī	0
𬤕	tà	0
𬤖	gùn	0
𬤘	chì	0
𬤙	hū	0
𬤚	yīng	0
𬤛	chǎn	0
𬤜	zhā	0
𬤝	huì	0
𬤞	yì	0
𬤟	liáo	0
𬤠	yán	0
𬤡	ào	0
𬤢	zǔn	0
𬤣	duì	0
𬤤	zēng	0
𬤥	zhuàn	0
𬤦	yí	0
𬤨	zào	0
𬤩	ài	0
𬤪	tà	0
𬤫	háo	0
𬤬	tuān	0
𬤭	huì	0
𬤮	zàn	0
𬤯	jiǎn	0
𬤰	huān	0
𬤱	tuí	0
𬥄	zhé	0
𬥈	mào	0
𬥳	chuàng	0
𬥴	hān	0
𬥵	yì	0
𬥶	bì	0
𬥷	zhèng	0
𬥸	chuàn	0
𬥺	yǎn	0
𬥻	ruǎn	0
𬥼	zhuàn	0
𬥽	hòu	0
𬥾	làn	0
𬥿	zhàn	0
𬦅	tàng	0
𬦆	tuán	0
𬦣	lì	0
𬦥	bèi	0
𬦧	lún	0
𬦩	zǒu	0
𬦫	duò	0
𬦯	xié	0
𬦴	bìng	0
𬦵	zhāng	0
𬦻	guàn	0
𬧀	qiāng	0
𬧃	téng	0
𬧑	niǎn	0
𬧚	diān	0
𬧢	lǒng	0
𬧤	lào	0
𬧩	guó	0
𬨁	máo	0
𬨂	qí	0
𬨄	yǎng	0
𬨅	niǎn	0
𬨆	gǒng	0
𬨇	kǎi	0
𬨈	wǎn	0
𬨉	tián	0
𬨋	zàng	0
𬨌	pì	0
𬨍	gé	0
𬨎	yóu	0
𬨏	xǔ	0
𬨐	huì	0
𬨑	sǎng	0
𬨒	guāng	0
𬨓	cháo	0
𬨔	pì	0
𬩎	huò	0
𬩽	xún	0
𬩾	lái	0
𬪍	mào	0
𬪧	yù	0
𬪨	zhǎn	0
𬪩	nóng	0
𬪺	guàng	0
𬬇	zhē	0
𬬧	hàn	0
𬬨	huá	0
𬬩	yì	0
𬬪	kòu	0
𬬫	pī	0
𬬬	wéi	0
𬬭	lún	0
𬬮	chǎng	0
𬬯	rén	0
𬬰	qiāng	0
𬬱	jīn	0
𬬲	zhāo	0
𬬳	qí	0
𬬵	chén	0
𬬷	shí	0
𬬸	shù	0
𬬹	shén	0
𬬺	chú	0
𬬻	lú	0
𬬽	zuó	0
𬬾	níng	0
𬬿	zhāo	0
𬭀	sì	0
𬭁	mǔ	0
𬭂	hóng	0
𬭃	pī	0
𬭅	xiàng	0
𬭆	duǒ	0
𬭇	guó	0
𬭈	chá	0
𬭉	jī	0
𬭊	dù	0
𬭌	huá	0
𬭍	hàn	0
𬭎	hóng	0
𬭏	yáng	0
𬭑	zì	0
𬭓	tiǎn	0
𬭔	chuò	0
𬭕	diāo	0
𬭖	péng	0
𬭗	nèi	0
𬭚	chún	0
𬭛	bō	0
𬭜	lèi	0
𬭝	sǎn	0
𬭞	dā	0
𬭟	còu	0
𬭠	chǎ	0
𬭡	zhāo	0
𬭢	guì	0
𬭣	xiàn	0
𬭤	hóu	0
𬭥	zǒng	0
𬭦	nòu	0
𬭨	chuí	0
𬭩	wēng	0
𬭪	xiá	0
𬭫	zhǎn	0
𬭬	wèi	0
𬭭	qī	0
𬭯	piě	0
𬭰	yí	0
𬭲	suǒ	0
𬭳	xǐ	0
𬭴	jié	0
𬭶	hēi	0
𬭷	chēng	0
𬭸	lín	0
𬭺	biāo	0
𬭻	jiǎo	0
𬭼	suì	0
𬭽	bì	0
𬭿	jī	0
𬮁	bó	0
𬮃	zuǎn	0
𬮄	jiào	0
𬮘	huò	0
𬮟	lìn	0
𬮠	xiǎ	0
𬮡	mǎ	0
𬮢	hòng	0
𬮣	kuāng	0
𬮤	gé	0
𬮥	chù	0
𬮨	huò	0
𬮩	qì	0
𬮪	shā	0
𬮭	kuī	0
𬮯	què	0
𬮰	ē	0
𬮱	yīn	0
𬮲	yǎo	0
𬮳	bǎn	0
𬮴	àn	0
𬮵	xiàn	0
𬮹	dēng	0
𬮺	mà	0
𬮻	wù	0
𬮿	qí	0
𬯀	jī	0
𬯅	xiá	0
𬯎	tuí	0
𬰃	mù	0
𬰡	luǒ	0
𬰣	jiǎn	0
𬰤	zhòu	0
𬰥	liǎng	0
𬰱	jiān	0
𬰳	dié	0
𬰶	suì	0
𬰷	chān	0
𬰸	yù	0
𬰺	yè	0
𬱓	qiú	0
𬱔	yòu	0
𬱕	mò	0
𬱖	dí	0
𬱗	dān	0
𬱙	pàn	0
𬱛	zhuàn	0
𬱜	lèi	0
𬱝	gěn	0
𬱟	wěi	0
𬱠	guā	0
𬱢	wèn	0
𬱣	cén	0
𬱥	hōng	0
𬱦	qī	0
𬱪	yí	0
𬱫	dìng	0
𬱬	sǎn	0
𬱭	pò	0
𬱮	āo	0
𬱯	shǒu	0
𬱰	pī	0
𬱱	zhǎn	0
𬱳	yù	0
𬱵	wěi	0
𬱷	xuè	0
𬱸	xuè	0
𬱼	kǎi	0
𬱽	xuàn	0
𬱿	guó	0
𬲀	hū	0
𬲅	liáo	0
𬲆	yù	0
𬲕	jiǎn	0
𬲜	chēng	0
𬲦	sì	0
𬲪	sōng	0
𬲫	niǎn	0
𬲭	jiě	0
𬲮	dī	0
𬲯	gōu	0
𬲰	shāng	0
𬲲	níng	0
𬲳	yì	0
𬲴	mǎn	0
𬲶	cí	0
𬲷	èn	0
𬲸	guò	0
𬲹	māng	0
𬲺	bǎo	0
𬲻	tí	0
𬲼	yè	0
𬲾	hú	0
𬳀	yì	0
𬳁	yáo	0
𬳂	zhuì	0
𬳃	bì	0
𬳅	suǐ	0
𬳆	jiān	0
𬳉	dā	0
𬳊	táo	0
𬳋	xī	0
𬳌	qiǔ	0
𬳍	táng	0
𬳐	chóng	0
𬳑	yǐng	0
𬳒	dèng	0
𬳓	yōng	0
𬳔	mó	0
𬳟	fén	0
𬳲	chǎn	0
𬳳	fān	0
𬳴	pēng	0
𬳵	pī	0
𬳶	jiōng	0
𬳷	guā	0
𬳸	wò	0
𬳻	kuāng	0
𬳽	shēn	0
𬳾	chí	0
𬳿	tú	0
𬴀	liáng	0
𬴁	àn	0
𬴂	fēi	0
𬴃	huō	0
𬴅	péng	0
𬴆	qí	0
𬴇	chì	0
𬴊	lín	0
𬴋	tiě	0
𬴌	méng	0
𬴍	biāo	0
𬴎	tuó	0
𬴏	jiǎn	0
𬴐	huān	0
𬴨	nào	0
𬴩	nóng	0
𬵨	mì	0
𬶀	jiē	0
𬶁	rén	0
𬶂	dù	0
𬶄	diào	0
𬶆	bàng	0
𬶇	jiè	0
𬶉	wǔ	0
𬶊	gèng	0
𬶋	jū	0
𬶌	dài	0
𬶍	tuó	0
𬶎	jié	0
𬶏	wéi	0
𬶐	zhào	0
𬶓	tíng	0
𬶔	kào	0
𬶕	tí	0
𬶗	láo	0
𬶛	shàn	0
𬶞	hú	0
𬶟	là	0
𬶠	liàn	0
𬶢	xīng	0
𬶣	zhǎ	0
𬶤	tí	0
𬶦	yóu	0
𬶧	róu	0
𬶨	jì	0
𬶪	nì	0
𬶫	huáng	0
𬶬	qū	0
𬶭	jì	0
𬶮	xǐ	0
𬶯	guǒ	0
𬶱	jǐng	0
𬶲	xiàng	0
𬶴	pū	0
𬶵	guān	0
𬶺	guàn	0
𬶻	bà	0
𬷕	bū	0
𬷼	yì	0
𬷽	xiāo	0
𬷾	hóng	0
𬸀	wén	0
𬸁	ǒu	0
𬸂	gē	0
𬸅	chú	0
𬸆	shēng	0
𬸈	chī	0
𬸉	qióng	0
𬸊	rén	0
𬸌	shā	0
𬸍	chóu	0
𬸎	lí	0
𬸏	láng	0
𬸐	chuáng	0
𬸑	yuè	0
𬸒	qí	0
𬸕	yīng	0
𬸖	yán	0
𬸘	yǎn	0
𬸙	miáo	0
𬸚	yuè	0
𬸛	huáng	0
𬸜	piān	0
𬸝	ān	0
𬸞	lǘ	0
𬸠	gē	0
𬸡	lán	0
𬸢	gāo	0
𬸣	xiān	0
𬸤	piāo	0
𬸥	chōng	0
𬸦	zhuó	0
𬸧	yàn	0
𬸨	qī	0
𬸩	ǎo	0
𬸪	fán	0
𬸬	kòu	0
𬸭	yà	0
𬸮	kuí	0
𬸯	pì	0
𬸰	hè	0
𬸱	qú	0
𬸵	zhàn	0
𬸶	chāng	0
𬸷	còu	0
𬸸	biàn	0
𬸹	gàn	0
𬸾	qí	0
𬹅	cái	0
𬹇	bó	0
𬹉	hún	0
𬹋	hún	0
𬹌	nié	0
𬹍	mò	0
𬹎	shàn	0
𬹕	zhěn	0
𬹖	nóng	0
𬹗	lái	0
𬹘	téng	0
𬹣	zhū	0
𬹺	yá	0
𬹻	nà	0
𬹼	xiè	0
𬹽	háng	0
𬺀	zhā	0
𬺁	zhì	0
𬺂	niè	0
𬺃	ái	0
𬺄	kuò	0
𬺅	chǎn	0
𬺇	cuó	0
𬺈	yǐ	0
𬺉	zé	0
𬺊	yǔn	0
𬺋	zú	0
𬺌	yá	0
𬺍	jiān	0
𬺎	cī	0
𬺏	bó	0
𬺒	yǐn	0
𬺓	chǔ	0
𬺔	jìn	0
𬺕	chà	0
𬺖	jué	0
𬺜	lóng	0
𬺟	yào	0
𭀖	lí	0
𭄛	zuān	0
𭇜	pō	0
𭇯	liú	0
𭈈	mǔ	0
𭈉	yìng	0
𭈮	huán	0
𭉨	zuǐ	0
𭊸	là	0
𭎂	zōng	0
𭎜	dǎo	0
𭏦	ài	0
𭏸	wěi	0
𭕆	suǒ	0
𭗡	kē	0
𭘓	hū	0
𭚦	guō	0
𭝋	líng	0
𭞄	ài	0
𭠙	pū	0
𭡜	shěn	0
𭣇	diān	0
𭣧	yì	0
𭤎	lí	0
𭤰	yú	0
𭧋	tǎng	0
𭩚	yǐ	0
𭩛	mēn	0
𭩰	fá	0
𭪆	zhuā	0
𭫀	kuì	0
𭫙	dí	0
𭭈	yà	0
𭰎	dāng	0
𭰒	shā	0
𭱊	hòng	0
𭲫	zhú	0
𭴊	mó	0
𭹜	luó	0
𭻔	lái	0
𮀤	láo	0
𮀲	gèng	0
𮆏	lán	0
𮇤	líng	0
𮉠	qiú	0
𮉡	lú	0
𮉢	zhì	0
𮉣	zuó	0
𮉤	guà	0
𮉧	liǎng	0
𮉨	guā	0
𮉪	zōu	0
𮉫	ruí	0
𮉬	cuì	0
𮉮	suì	0
𮉯	cài	0
𮏺	dú	0
𮐚	fán	0
𮐨	yīng	0
𮔂	jié	0
𮔅	fù	0
𮔊	liǎng	0
𮖁	liǎng	0
𮖱	xié	0
𮙊	yǐn	0
𮙋	dú	0
𮛗	táng	0
𮜶	dào	0
𮝴	gū	0
𮝵	ér	0
𮝷	fén	0
𮝸	chūn	0
𮝹	huàn	0
𮝺	gé	0
𮠞	qiāng	0
𮠳	chěn	0
𮡈	kē	0
𮣲	gāng	0
𮣳	hóng	0
𮣴	chán	0
𮣵	zhuì	0
𮣶	lǜ	0
𮣷	jù	0
𮤫	mén	0
𮤬	chù	0
𮤯	ruì	0
𮤲	bì	0
𮤸	é	0
𮧴	chàng	0
𮧵	wěi	0
𮨴	fēng	0
𮨵	liù	0
𮩛	bì	0
𮩜	hài	0
𮩝	ài	0
𮩞	yì	0
𮪡	máng	0
𮪢	hài	0
𮪣	zōng	0
𮪤	cǎo	0
𮪥	dūn	0
𮫂	níng	0
𮬛	xù	0
𮬜	yì	0
𮬝	guì	0
𮬞	cān	0
𮬟	huò	0
𮬠	lù	0
𮬡	huá	0
𮬢	wēng	0
𮬣	xián	0
𮬤	zhēn	0
𮭡	jiè	0
𮭢	yāo	0
𮭤	miè	0
𮭥	gōng	0
𮭦	chén	0
𮭨	yàn	0
𮭪	shuāng	0
𮭰	gǎng	0
𮮇	móu	0
𮯙	kè	0
𮯴	ní	0
𮯸	lì	0
𮰄	chǒng	0
𮰉	píng	0
𮰔	wéi	0
𮰸	yǐ	0
𮰽	lǎn	0
𮰾	qiè	0
𮰿	xíng	0
𮱁	yǔ	0
𮱇	lián	0
𮱊	luó	0
𮱐	wān	0
𮱒	yàn	0
𮱠	jùn	0
𮱣	tuí	0
𮱩	yùn	0
𮱯	dān	0
𮱵	qiāo	0
𮲁	qiàn	0
𮲃	lè	0
𮲄	tòng	0
𮲇	guó	0
𮲚	wàn	0
𮲝	yāo	0
𮲟	xǔ	0
𮲮	shuāng	0
𮲰	bì	0
𮲲	qìng	0
𮲶	jiàn	0
𮳆	hé	0
𮳎	lán	0
𮳏	xiàn	0
𮳖	yàn	0
𮳗	shū	0
𮳜	yì	0
𮳠	fèng	0
𮳢	zhǔ	0
𮳧	qiāo	0
𮳳	zǒng	0
𮳴	yè	0
𮴔	yè	0
𮴕	qìng	0
𮴨	cōng	0
𮴼	yǎn	0
𮴿	tián	0
𮵅	xī	0
𮵑	nǎo	0
𮵠	yī	0
𮵮	diǎo	0
𮵱	lái	0
𮵿	chà	0
𮶁	guān	0
𮶂	féng	0
𮶃	tāo	0
𮶔	wèi	0
𮶙	jiàn	0
𮶬	jiàn	0
𮷅	dǒng	0
𮷇	luò	0
𮷈	jī	0
𮷊	bò	0
𮷍	zhù	0
𮷗	dài	0
𮷚	zàng	0
𮷛	hōng	0
𮷝	tāo	0
𮷣	yuǎn	0
𮷨	lì	0
𮷸	yuán	0
𮷻	liú	0
𮸀	liàn	0
𮸈	jūn	0
𮸊	chān	0
𮸌	shì	0
𮸏	cuān	0
𮸐	fāng	0
𮸕	fù	0
𮸗	xiǎn	0
𮸛	kǎi	0
𮸞	qī	0
𮸟	cháng	0
𮸠	xiàn	0
𮸥	xié	0
𮸦	fù	0
𮸧	què	0
𮸮	xié	0
𮸹	gù	0
𮸼	biāo	0
𮸽	fēi	0
𮹀	pīn	0
𮹂	fēi	0
𮹅	mò	0
𮹋	zhōu	0
𮹌	wēn	0
𮹘	yīng	0
𮹙	hè	0
𮹜	yàn	0
𮹝	tà	0
灰	huī	0
𰀡	qiān	0
𰀢	jiān	0
𰁜	luán	0
𰁧	sǒng	0
𰁸	dàng	0
𰁾	fù	0
𰂋	xiàn	0
𰂎	xiàn	0
𰂏	yù	0
𰂗	dì	0
𰂜	tuǐ	0
𰂦	lǚ	0
𰂭	sì	0
𰃆	zǎn	0
𰃮	xué	0
𰃷	cāng	0
𰃻	bì	0
𰃿	dú	0
𰄁	shèn	0
𰄞	tuán	0
𰅔	lǜ	0
𰅥	dú	0
𰅦	dān	0
𰅻	xiá	0
𰆕	wēi	0
𰆚	lán	0
𰇀	gài	0
𰇎	dǒng	0
𰇕	jiá	0
𰇖	hóng	0
𰇘	jī	0
𰇡	hé	0
𰇣	xī	0
𰇲	tǎn	0
𰇼	shān	0
𰈆	lǎn	0
𰈇	cháng	0
𰈊	diǎn	0
𰈍	chèn	0
𰈓	làn	0
𰈯	zá	0
𰈶	mó	0
𰉁	yán	0
𰉄	zá	0
𰉘	wěi	0
𰉙	gāng	0
𰉚	xiàn	0
𰉣	yì	0
𰉥	jiā	0
𰉩	què	0
𰉪	yè	0
𰉱	jiǎn	0
𰉽	xué	0
𰊂	zhì	0
𰊅	zhàn	0
𰊈	qiǎng	0
𰊑	xiàn	0
𰊛	kuí	0
𰊟	mán	0
𰊡	yán	0
𰊢	qiàn	0
𰋖	lǒu	0
𰋸	dàng	0
𰋹	zhuān	0
𰋽	yān	0
𰋾	bì	0
𰌀	yīng	0
𰌂	zhēng	0
𰌆	qiàn	0
𰌇	zé	0
𰌉	yùn	0
𰌙	lǎn	0
𰌦	yā	0
𰌷	wěi	0
𰎌	sǒng	0
𰎎	lóng	0
𰎏	dōng	0
𰎐	lú	0
𰎑	yè	0
𰎔	yáo	0
𰎖	zè	0
𰎛	kuài	0
𰎞	náo	0
𰎠	yán	0
𰎢	wéi	0
𰎫	yuè	0
𰎹	yǎn	0
𰏁	cuán	0
𰏓	wù	0
𰏕	sàn	0
𰏜	lóu	0
𰏟	lán	0
𰏲	mà	0
𰏶	kuài	0
𰏼	dài	0
𰐾	kuǎng	0
𰑁	tuán	0
𰑄	lún	0
𰑔	zhí	0
𰑕	yān	0
𰑙	liú	0
𰑟	gōng	0
𰑥	xián	0
𰑧	cán	0
𰑪	shéng	0
𰑫	luǒ	0
𰑬	zhì	0
𰑵	dì	0
𰑸	yì	0
𰑿	tǎng	0
𰒆	mán	0
𰒒	chì	0
𰒖	miǎo	0
𰓄	chéng	0
𰓆	wǔ	0
𰓔	shǎn	0
𰓙	yè	0
𰓜	zhì	0
𰓟	zá	0
𰓧	sūn	0
𰓬	lì	0
𰓱	kēng	0
𰓷	ruán	0
𰓻	guī	0
𰓼	chàn	0
𰔇	dì	0
𰔋	guì	0
𰔲	qiān	0
𰔶	yú	0
𰕁	xún	0
𰕅	qū	0
𰕈	jiǎo	0
𰕐	xié	0
𰕭	kuài	0
𰖈	yǎn	0
𰖠	nàn	0
𰖩	lí	0
𰗆	huì	0
𰗓	huǎng	0
𰗖	lún	0
𰗙	chōu	0
𰗚	xiě	0
𰗛	zhái	0
𰗜	yǎn	0
𰗡	chǎn	0
𰗢	huī	0
𰗣	zá	0
𰗦	jǐn	0
𰗨	shí	0
𰗬	qiān	0
𰗵	shěn	0
𰗹	sù	0
𰗺	fén	0
𰘀	dài	0
𰘈	jú	0
𰘓	qǐng	0
𰘠	yán	0
𰘣	mián	0
𰘩	xiāo	0
𰘳	lài	0
𰘶	sū	0
𰘸	sǒu	0
𰙋	wū	0
𰙎	hān	0
𰙑	xiào	0
𰙕	lòu	0
𰚔	níng	0
𰚦	lǘ	0
𰚪	rán	0
𰚱	yè	0
𰛊	mǎ	0
𰛏	cóng	0
𰛒	dōng	0
𰛛	shǎn	0
𰛡	bì	0
𰛣	zhí	0
𰛤	zhì	0
𰛥	ái	0
𰛦	huì	0
𰛩	shǎn	0
𰛪	luán	0
𰛮	lǔ	0
𰛲	liàn	0
𰛵	xián	0
𰛽	dǐng	0
𰜐	lǎn	0
𰜜	qìn	0
𰜝	yàng	0
𰜢	hè	0
𰜨	jiàn	0
𰜳	yíng	0
𰝅	yíng	0
𰝋	yīn	0
𰝍	huī	0
𰝗	jiǎn	0
𰝟	xiǎn	0
𰝤	xiǎn	0
𰝾	chuǐ	0
𰞇	yì	0
𰞍	jié	0
𰞤	jiān	0
𰞲	bì	0
𰞷	zào	0
𰞻	fén	0
𰟘	yàn	0
𰠛	jiān	0
𰠫	gāng	0
𰠲	kēng	0
𰠴	yǎo	0
𰠹	pái	0
𰡄	lú	0
𰡊	xiāo	0
𰡋	huī	0
𰡎	lái	0
𰡏	wō	0
𰡔	chán	0
𰡞	bèn	0
𰡢	yīng	0
𰡩	qí	0
𰡰	chē	0
𰡵	lú	0
𰡻	nǎo	0
𰡽	shú	0
𰢄	sù	0
𰢢	wǔ	0
𰢤	yīng	0
𰢦	lǒu	0
𰣦	wěi	0
𰣩	níng	0
𰣬	jì	0
𰣯	xián	0
𰣶	tuí	0
𰣼	jī	0
𰣽	luán	0
𰤓	tǎng	0
𰤕	lì	0
𰤨	tà	0
𰤫	dú	0
𰤬	dú	0
𰥊	kàn	0
𰥒	cōng	0
𰥛	fèn	0
𰥞	yíng	0
𰥠	mǎn	0
𰥢	xǐ	0
𰥣	kēng	0
𰥨	xián	0
𰥪	guī	0
𰥭	měng	0
𰥹	tǎng	0
𰦜	bà	0
𰦦	lì	0
𰦨	huǐ	0
𰦭	lóng	0
𰦰	zé	0
𰦴	yā	0
𰦷	láo	0
𰦾	yán	0
𰦿	tuó	0
𰧃	jiàn	0
𰧇	xián	0
𰧉	zhì	0
𰧎	qīn	0
𰧔	jiān	0
𰧘	zhū	0
𰧰	yáng	0
𰧻	guì	0
𰧾	nóng	0
𰨖	tí	0
𰨜	kuàng	0
𰨦	jì	0
𰨳	zī	0
𰩅	lǒng	0
𰩏	tiǎo	0
𰩓	chēng	0
𰩧	xū	0
𰩮	tuán	0
𰩲	lú	0
𰩸	jiāo	0
𰩹	dàng	0
𰩺	yuē	0
𰩻	zhuā	0
𰪊	zhōng	0
𰪏	lù	0
𰪣	yíng	0
𰪫	tuán	0
𰪭	zhāng	0
𰪶	tuán	0
𰫋	mén	0
𰫖	làn	0
𰫼	zhěng	0
𰫽	fóu	0
𰬀	jì	0
𰬃	liè	0
𰬅	fū	0
𰬆	qú	0
𰬇	zhù	0
𰬈	xián	0
𰬉	tuó	0
𰬋	hóng	0
𰬌	gēng	0
𰬍	xié	0
𰬎	bì	0
𰬏	zhū	0
𰬐	qiāo	0
𰬑	zhēng	0
𰬒	cì	0
𰬓	gāi	0
𰬔	bēng	0
𰬖	chéng	0
𰬗	qiú	0
𰬘	fú	0
𰬙	chēn	0
𰬚	yún	0
𰬛	zhèn	0
𰬜	miǎn	0
𰬞	qīn	0
𰬟	yù	0
𰬠	huà	0
𰬡	qiè	0
𰬢	qī	0
𰬣	xī	0
𰬤	bì	0
𰬥	zǒng	0
𰬦	hū	0
𰬧	tián	0
𰬩	xiù	0
𰬪	shān	0
𰬫	zhì	0
𰬬	miáo	0
𰬭	běng	0
𰬮	qiàn	0
𰬯	zōng	0
𰬰	zǒng	0
𰬱	suǒ	0
𰬲	quán	0
𰬳	nì	0
𰬴	zài	0
𰬵	xuàn	0
𰬶	qiè	0
𰬷	sǎn	0
𰬸	suì	0
𰬹	zuǎn	0
𰬺	zūn	0
𰬻	yù	0
𰬼	là	0
𰬽	xiè	0
𰬾	lián	0
𰬿	pú	0
𰭀	yōu	0
𰭁	cōng	0
𰭄	guàn	0
𰭔	juàn	0
𰭚	lóu	0
𰭢	shà	0
𰭣	dào	0
𰭹	lóng	0
𰮅	xiāng	0
𰮇	hū	0
𰮙	zhù	0
𰮝	xiāo	0
𰮲	sōu	0
𰯋	ní	0
𰯎	mán	0
𰯲	jiān	0
𰰆	tān	0
𰰋	shuāng	0
𰰌	zhōu	0
𰰏	dài	0
𰰑	lóu	0
𰰠	xù	0
𰰢	tāng	0
𰰤	qiū	0
𰰨	lún	0
𰰮	kuī	0
𰰱	duì	0
𰰳	shī	0
𰰴	qǐ	0
𰰵	shā	0
𰰶	zá	0
𰰷	fù	0
𰰹	liú	0
𰰺	shè	0
𰰾	kē	0
𰱀	gòng	0
𰱇	jiān	0
𰱈	yǒng	0
𰱉	méng	0
𰱌	nà	0
𰱍	fén	0
𰱐	xù	0
𰱑	jiàn	0
𰱛	zhōng	0
𰱝	xiàng	0
𰱟	fén	0
𰱦	fù	0
𰱩	lǘ	0
𰱮	lǘ	0
𰱯	bēi	0
𰱱	cí	0
𰱲	zhī	0
𰱾	lài	0
𰲁	tuí	0
𰲂	téng	0
𰲒	lèi	0
𰲟	wū	0
𰲠	zhàn	0
𰲫	wú	0
𰲬	chē	0
𰲮	qiǎn	0
𰲯	zōng	0
𰲰	lún	0
𰲲	guǐ	0
𰲳	zhàn	0
𰲴	lóng	0
𰲵	zé	0
𰲶	xīng	0
𰲸	è	0
𰲹	yǐ	0
𰲺	guò	0
𰲻	dá	0
𰳁	jī	0
𰳂	jiàn	0
𰳄	chén	0
𰳊	féi	0
𰳗	yīng	0
𰳚	wèi	0
𰳲	lóng	0
𰳵	yì	0
𰳸	duì	0
𰳹	yǎn	0
𰳺	nóng	0
𰳼	shī	0
𰴂	sēn	0
𰴕	miè	0
𰴖	shào	0
𰴗	lì	0
𰴘	jiàn	0
𰴙	jūn	0
𰴚	lóu	0
𰴛	dōu	0
𰴜	qū	0
𰴝	luó	0
𰴞	qū	0
𰴢	lì	0
𰴣	xué	0
𰴤	dǎi	0
𰴯	yíng	0
𰵊	jiào	0
𰵌	yáng	0
𰵍	zhùn	0
𰵎	yóu	0
𰵏	chāo	0
𰵐	fǎn	0
𰵑	é	0
𰵒	chén	0
𰵓	xù	0
𰵔	yì	0
𰵖	yì	0
𰵗	yàng	0
𰵙	dié	0
𰵚	líng	0
𰵛	gòu	0
𰵜	táo	0
𰵝	hé	0
𰵞	yǒng	0
𰵠	náo	0
𰵡	kēng	0
𰵢	jiá	0
𰵣	hé	0
𰵤	è	0
𰵥	yí	0
𰵦	xiào	0
𰵧	zhì	0
𰵨	zhān	0
𰵩	bū	0
𰵫	dòu	0
𰵬	bié	0
𰵭	chán	0
𰵮	é	0
𰵯	shuà	0
𰵰	xìng	0
𰵱	chēn	0
𰵲	qī	0
𰵳	zhuó	0
𰵴	chù	0
𰵵	nì	0
𰵶	zhuì	0
𰵷	zhuó	0
𰵸	tà	0
𰵹	niè	0
𰵺	yuán	0
𰵻	huá	0
𰵼	huò	0
𰵽	tāo	0
𰵾	xǐ	0
𰵿	hè	0
𰶀	yú	0
𰶁	yí	0
𰶂	còng	0
𰶃	xí	0
𰶄	zhā	0
𰶅	hào	0
𰶆	hàn	0
𰶇	tuō	0
𰶈	chí	0
𰶉	tán	0
𰶊	yī	0
𰶌	nòu	0
𰶍	juàn	0
𰶎	sè	0
𰶏	yào	0
𰶑	lóng	0
𰶔	dú	0
𰶨	mì	0
𰶬	lóu	0
𰷞	tè	0
𰷠	yì	0
𰷡	wán	0
𰷢	chí	0
𰷤	suì	0
𰷥	cóng	0
𰷦	fèi	0
𰷧	jìn	0
𰷨	kuì	0
𰷩	shèng	0
𰷪	yì	0
𰷫	biāo	0
𰷬	zhuàn	0
𰷭	zāng	0
𰷮	xuàn	0
𰷴	lì	0
𰷵	qiāo	0
𰷶	qiáo	0
𰷸	dú	0
𰸇	shuāng	0
𰸈	dié	0
𰸊	guì	0
𰸎	chǎn	0
𰸐	xǐ	0
𰸔	lián	0
𰸚	dài	0
𰸛	chì	0
𰸞	tuí	0
𰹀	duǒ	0
𰹲	wèi	0
𰹳	chūn	0
𰹴	fàn	0
𰹵	yǐ	0
𰹶	kuáng	0
𰹷	yuè	0
𰹸	tún	0
𰹺	fǎn	0
𰹻	bā	0
𰹼	zhàn	0
𰹽	pēng	0
𰹾	xiàn	0
𰹿	rǒng	0
𰺀	dǐ	0
𰺁	qú	0
𰺂	páo	0
𰺃	duì	0
𰺄	gǒng	0
𰺅	jú	0
𰺆	hōng	0
𰺇	wàn	0
𰺈	yǐn	0
𰺉	qiàn	0
𰺊	líng	0
𰺋	zhé	0
𰺌	lù	0
𰺍	guǒ	0
𰺎	pái	0
𰺏	péng	0
𰺐	kǎn	0
𰺑	yuān	0
𰺒	chuán	0
𰺓	fù	0
𰺔	zǒng	0
𰺕	duó	0
𰺖	zhēn	0
𰺗	jiàn	0
𰺘	kēng	0
𰺙	sè	0
𰺚	ér	0
𰺛	lǎo	0
𰺜	fān	0
𰺝	chōng	0
𰺞	zhàn	0
𰺟	jí	0
𰺠	niè	0
𰺡	xiá	0
𰺢	luò	0
𰺣	lìn	0
𰺤	mín	0
𰺨	huò	0
𰺭	chén	0
𰺲	dàng	0
𰺷	rào	0
𰻆	dì	0
𰻝	biáng	0
𰻞	biáng	0
𰻡	xǔ	0
𰻦	wéi	0
𰻮	qiāo	0
𰻳	bì	0
𰼅	yì	0
𰼋	láo	0
𰼏	làn	0
𰼑	mí	0
𰼻	qīng	0
𰽕	jī	0
𰽖	bā	0
𰽗	huá	0
𰽘	dì	0
𰽚	kuàng	0
𰽛	qiǎo	0
𰽜	ōu	0
𰽝	lì	0
𰽞	è	0
𰽠	zhǐ	0
𰽡	rì	0
𰽢	xiàn	0
𰽣	yǐn	0
𰽥	bǐng	0
𰽦	lóng	0
𰽧	pī	0
𰽨	zhǎi	0
𰽩	kǎ	0
𰽫	shēng	0
𰽬	hé	0
𰽭	gōu	0
𰽮	fú	0
𰽯	zhù	0
𰽰	bàn	0
𰽱	fú	0
𰽲	jí	0
𰽳	qīn	0
𰽴	kuǎ	0
𰽵	guāng	0
𰽶	tóng	0
𰽷	huì	0
𰽸	pī	0
𰽹	chǐ	0
𰽺	guǐ	0
𰽻	rén	0
𰽼	bǐng	0
𰽽	róng	0
𰽾	guǒ	0
𰽿	zhé	0
𰾀	bó	0
𰾁	hòng	0
𰾃	zhuó	0
𰾄	méi	0
𰾅	hán	0
𰾆	yù	0
𰾇	tūn	0
𰾈	shā	0
𰾊	cōng	0
𰾌	jiàn	0
𰾍	biǎo	0
𰾎	pī	0
𰾏	táo	0
𰾐	fèi	0
𰾑	qiān	0
𰾒	guǎn	0
𰾓	tà	0
𰾕	yè	0
𰾖	duò	0
𰾗	zhēn	0
𰾘	chěn	0
𰾙	yú	0
𰾚	wěi	0
𰾛	jiè	0
𰾜	duān	0
𰾝	shēng	0
𰾞	zōng	0
𰾟	fù	0
𰾡	hōng	0
𰾢	shī	0
𰾤	xiá	0
𰾥	kuí	0
𰾦	zuǎn	0
𰾩	yè	0
𰾪	yā	0
𰾫	jiàn	0
𰾬	dá	0
𰾭	ài	0
𰾮	lián	0
𰾯	táng	0
𰾰	cuī	0
𰾱	zǒng	0
𰾲	lù	0
𰾳	lán	0
𰾴	sī	0
𰾶	huì	0
𰾷	zān	0
𰾸	dǐng	0
𰾹	juān	0
𰾻	tián	0
𰾼	quān	0
𰾽	zhú	0
𰾾	niè	0
𰾿	là	0
𰿁	áo	0
𰿂	xū	0
𰿃	miè	0
𰿄	léi	0
𰿆	zuān	0
𰿇	zhá	0
𰿈	jiān	0
𰿉	lěi	0
𰿊	luó	0
𰿦	zhèn	0
𰿨	guǎn	0
𰿩	xiā	0
𰿪	xiè	0
𰿫	wěi	0
𰿬	pēng	0
𰿰	zuān	0
𰿳	shā	0
𰿴	yà	0
𰿵	yú	0
𰿹	guāng	0
𰿺	táng	0
𰿻	xì	0
𰿾	pì	0
𱀑	zhì	0
𱀡	fén	0
𱁒	duì	0
𱁞	wān	0
𱁱	yáng	0
𱁳	duó	0
𱁴	bì	0
𱁶	qiān	0
𱁷	dú	0
𱁹	guì	0
𱁺	lóu	0
𱁽	lán	0
𱁾	lán	0
𱂃	sǎ	0
𱂄	mèi	0
𱂅	bì	0
𱂆	gé	0
𱂇	quàn	0
𱂈	yùn	0
𱂉	qiào	0
𱂊	shè	0
𱂋	dú	0
𱂌	hù	0
𱂍	duì	0
𱂎	xiè	0
𱂐	yùn	0
𱂠	duó	0
𱂡	kū	0
𱂢	zhuō	0
𱂣	yáo	0
𱂤	huì	0
𱂥	é	0
𱂦	pīng	0
𱂧	lèi	0
𱂨	è	0
𱂩	fù	0
𱂫	yǎn	0
𱂬	kuí	0
𱂭	chuí	0
𱂮	pǐ	0
𱂯	cuì	0
𱂰	hàn	0
𱂱	kǎn	0
𱂲	sāi	0
𱂳	gǎo	0
𱂴	jiǎng	0
𱂵	kuī	0
𱂶	xìn	0
𱂷	zhān	0
𱂸	bīn	0
𱂺	piǎo	0
𱂻	qiáo	0
𱃔	biāo	0
𱃕	xiā	0
𱃖	yǒu	0
𱃗	tái	0
𱃘	liè	0
𱃙	liú	0
𱃚	lì	0
𱃜	ruí	0
𱃝	xiū	0
𱃞	yú	0
𱃟	xí	0
𱃠	biāo	0
𱃱	xì	0
𱃲	yù	0
𱃳	bó	0
𱃴	fàn	0
𱃵	yǐng	0
𱃷	bǎn	0
𱃸	zhì	0
𱃹	èn	0
𱃺	tiǎn	0
𱃼	fēn	0
𱃽	è	0
𱃾	bù	0
𱃿	tán	0
𱄀	fēn	0
𱄁	tǒu	0
𱄃	jiàn	0
𱄄	huì	0
𱄆	xī	0
𱄇	shǎng	0
𱄈	méng	0
𱄉	èn	0
𱄊	zàn	0
𱄼	zhù	0
𱄽	zhé	0
𱄾	guāng	0
𱄿	dú	0
𱅀	bǎo	0
𱅁	zhí	0
𱅂	sà	0
𱅃	jù	0
𱅄	bá	0
𱅅	lóng	0
𱅇	zhěn	0
𱅈	bì	0
𱅉	róng	0
𱅊	zhì	0
𱅋	ěr	0
𱅍	xù	0
𱅎	fú	0
𱅏	táo	0
𱅐	bó	0
𱅓	bó	0
𱅔	sǒng	0
𱅕	lái	0
𱅖	xuān	0
𱅗	ě	0
𱅙	tuì	0
𱅚	shè	0
𱅛	tuó	0
𱅜	yǎo	0
𱅝	piàn	0
𱅞	xiá	0
𱅟	róu	0
𱅠	hàn	0
𱅡	guī	0
𱅢	chéng	0
𱅣	tāo	0
𱅤	pīn	0
𱅦	huáng	0
𱅧	xū	0
𱅩	xí	0
𱅪	diàn	0
𱅫	yù	0
𱅬	yàn	0
𱅮	xiāo	0
𱆀	qiān	0
𱆁	qiān	0
𱆃	kuì	0
𱆄	fèi	0
𱆅	lán	0
𱆆	mán	0
𱆈	zuǎn	0
𱆌	shāng	0
𱆍	chǎo	0
𱆙	chāo	0
𱆚	kuǐ	0
𱆛	chǒu	0
𱆥	dān	0
𱇍	yà	0
𱇏	tuō	0
𱇐	yuán	0
𱇑	bèi	0
𱇒	pí	0
𱇓	hú	0
𱇔	nà	0
𱇕	yú	0
𱇖	bǎn	0
𱇗	lún	0
𱇘	háng	0
𱇙	shěn	0
𱇚	mò	0
𱇛	wèi	0
𱇜	qū	0
𱇝	pī	0
𱇞	shàn	0
𱇟	xiá	0
𱇠	qiú	0
𱇡	xīng	0
𱇢	gǔn	0
𱇣	bō	0
𱇤	yǒu	0
𱇥	gèng	0
𱇦	kū	0
𱇧	yí	0
𱇨	shū	0
𱇩	jiǎo	0
𱇪	luò	0
𱇫	rú	0
𱇬	yí	0
𱇭	lái	0
𱇮	máng	0
𱇯	shāo	0
𱇰	yè	0
𱇱	tiáo	0
𱇲	fū	0
𱇳	suō	0
𱇴	nà	0
𱇵	jì	0
𱇶	lù	0
𱇷	cuò	0
𱇸	yìng	0
𱇹	zhì	0
𱇺	jì	0
𱇻	xiàn	0
𱇼	jiù	0
𱇽	jú	0
𱇾	zōng	0
𱇿	sù	0
𱈀	jù	0
𱈁	shān	0
𱈂	yú	0
𱈃	wèi	0
𱈄	hóu	0
𱈅	zōng	0
𱈆	lóu	0
𱈇	gèng	0
𱈈	gèng	0
𱈉	qián	0
𱈊	liú	0
𱈋	hào	0
𱈌	xiū	0
𱈍	ruò	0
𱈎	sǎng	0
𱈏	zhú	0
𱈐	zhuān	0
𱈑	huī	0
𱈒	sī	0
𱈓	xún	0
𱈔	cén	0
𱈕	fān	0
𱈖	lài	0
𱈗	rú	0
𱈘	cháng	0
𱈙	miè	0
𱈚	è	0
𱈛	méng	0
𱈜	xiān	0
𱉇	yǐ	0
𱉈	diāo	0
𱉊	gān	0
𱉋	hàn	0
𱉌	yí	0
𱉍	yù	0
𱉎	fū	0
𱉏	tuán	0
𱉐	jú	0
𱉑	bān	0
𱉒	huān	0
𱉓	hù	0
𱉔	jué	0
𱉕	gē	0
𱉖	pí	0
𱉗	dàn	0
𱉘	jū	0
𱉙	zhǐ	0
𱉚	dié	0
𱉛	zhì	0
𱉜	fū	0
𱉝	bī	0
𱉞	wǔ	0
𱉟	zé	0
𱉠	jīng	0
𱉡	biǎn	0
𱉢	yǎo	0
𱉣	sōng	0
𱉤	guì	0
𱉥	jiá	0
𱉦	lǎo	0
𱉧	yuān	0
𱉨	yā	0
𱉩	tí	0
𱉪	ài	0
𱉫	zhū	0
𱉬	jiāo	0
𱉭	guǐ	0
𱉮	luò	0
𱉯	yáng	0
𱉰	yù	0
𱉱	kūn	0
𱉲	móu	0
𱉳	mǎi	0
𱉴	yáng	0
𱉵	lái	0
𱉶	hàn	0
𱉷	yì	0
𱉸	tú	0
𱉹	xī	0
𱉺	fú	0
𱉻	tuǒ	0
𱉼	jí	0
𱉽	jì	0
𱉾	jùn	0
𱉿	jùn	0
𱊀	lù	0
𱊁	qí	0
𱊂	míng	0
𱊃	lí	0
𱊄	yì	0
𱊅	zhuī	0
𱊆	tù	0
𱊇	jú	0
𱊈	yì	0
𱊊	kōng	0
𱊋	jiān	0
𱊌	jū	0
𱊍	duò	0
𱊎	zī	0
𱊏	fú	0
𱊐	jiē	0
𱊑	chūn	0
𱊒	yuán	0
𱊓	mò	0
𱊕	tí	0
𱊖	tú	0
𱊗	róu	0
𱊘	chuàn	0
𱊙	zhèn	0
𱊚	tián	0
𱊛	sǔn	0
𱊜	niǎo	0
𱊝	táng	0
𱊟	xiá	0
𱊠	tú	0
𱊡	yǎo	0
𱊢	jí	0
𱊣	ān	0
𱊤	yōng	0
𱊥	shāng	0
𱊦	yì	0
𱊧	jué	0
𱊩	tú	0
𱊪	líng	0
𱊫	yú	0
𱊬	chǔ	0
𱊭	yù	0
𱊮	luó	0
𱊯	jī	0
𱊰	yì	0
𱊱	dí	0
𱊲	bǔ	0
𱊳	lěi	0
𱊵	yuè	0
𱊺	lǔ	0
𱊻	lǔ	0
𱊼	chuài	0
𱊽	huái	0
𱋆	shàn	0
𱋇	hé	0
𱋈	kuàng	0
𱋊	mò	0
𱋋	qù	0
𱋍	tǒu	0
𱋎	huá	0
𱋐	qū	0
𱋓	gé	0
𱋔	bǐng	0
𱋕	chǎo	0
𱋖	fū	0
𱋗	fū	0
𱋘	shā	0
𱋙	guǒ	0
𱋜	chǎo	0
𱋝	bù	0
𱋡	lǒu	0
𱋢	chǎo	0
𱋪	zhí	0
𱋫	kuàng	0
𱋬	lián	0
𱋮	méng	0
𱋱	fén	0
𱋴	chǎn	0
𱋶	lú	0
𱋾	cù	0
𱋿	qù	0
𱌀	yāng	0
𱌁	qú	0
𱌃	wā	0
𱌄	zhī	0
𱌅	mí	0
𱌆	měng	0
𱌇	biē	0
𱌈	má	0
𱌉	bì	0
𱌊	chāng	0
𱌏	hún	0
𱌖	nòng	0
𱌗	jì	0
𱌘	zī	0
𱌙	zī	0
𱌫	yǎn	0
𱌬	zé	0
𱌭	zōu	0
𱌮	chū	0
𱌯	chī	0
𱌰	yǎo	0
𱌱	xiè	0
𱌲	quán	0
𱌳	yǔn	0
𱌴	zhāi	0
𱌵	zhān	0
𱌶	zōu	0
𱌷	yí	0
𱌸	jì	0
𱌹	óu	0
𱌺	diān	0
𱌽	yì	0
𱍁	gōng	0
𱍂	dá	0
𱍄	rán	0
𱍅	gōu	0
𱍆	jiāo	0
𱍇	tóng	0
𱍈	biē	0
